ffff
0000
0003
0009
0012
001f
002f
0041
0055
0067
0075
007c
007a
006f
005c
0044
002a
0014
0007
0007
0015
0031
0057
0081
00a6
00bf
00c5
00b3
008b
0052
0010
ffd3
ffa8
ff9a
ffae
ffe6
003a
009c
00fa
013f
015b
0143
00f7
007f
fff0
ff64
fef9
fec8
fee2
ff4a
fff3
00c2
0190
0232
0282
0265
01d5
00e3
ffb4
fe80
fd88
fd06
fd24
fdf1
ff59
0128
0309
049a
0579
0558
0413
01b8
fe92
fb24
f81e
f649
f668
f924
fee6
07cf
13a7
21e1
31a8
4208
51cf
6008
6be0
74c9
7a8b
7d46
7d65
7b8f
7888
7519
71f2
6f95
6e4e
6e2b
6f07
7094
7271
743a
759e
7664
767b
75f1
74ef
73b1
7277
7177
70d9
70ac
70ea
7178
7231
72e8
7378
73c4
73bf
736d
72de
722c
7173
70ce
7051
7005
6fea
6ff4
7012
7030
703c
7028
6feb
6f87
6f00
6e63
6dbb
6d15
6c7c
6bf2
6b7a
6b0e
6aa8
6a3f
69cc
6947
68ad
67fd
6738
6662
6580
6497
63aa
62bd
61cf
60e1
5ff0
5efa
5dfb
5cf1
5bdb
5ab6
5984
5843
56f4
5599
5430
52bd
513e
4fb4
4e1e
4c7c
4ace
4915
474f
457d
439f
41b4
3fbe
3dbb
3bac
3990
3769
3535
32f5
30a9
2e52
2bee
297f
2705
247f
21ee
1f53
1cac
19fc
1741
147d
11af
0ed8
0bf9
0911
0621
032a
002c
fd28
fa1e
f70f
f3fb
f0e3
edc7
eaa9
e789
e468
e145
de24
db03
d7e4
d4c7
d1ae
ce9a
cb8b
c882
c581
c287
bf97
bcb2
b9d7
b70a
b449
b197
aef5
ac64
a9e4
a778
a51f
a2dc
a0af
9e9a
9c9e
9abb
98f4
9748
95ba
944a
92f9
91c9
90ba
8fcd
8f04
8e5f
8ddf
8d85
8d52
8d47
8d64
8dab
8e1b
8eb5
8f7a
906a
9186
92cd
9441
95e0
97ac
99a5
9bc9
9e19
a096
a33d
a60f
a90c
ac32
af81
b2f8
b697
ba5b
be43
c24f
c67e
cacc
cf3a
d3c4
d86a
dd2a
e200
e6ec
ebeb
f0fa
f618
fb41
0073
05ab
0ae7
1024
155e
1a93
1fbf
24e0
29f3
2ef3
33df
38b2
3d6a
4203
467a
4acc
4ef6
52f4
56c4
5a61
5dca
60fc
63f3
66ac
6926
6b5d
6d50
6efb
705e
7175
7240
72bc
72e9
72c5
7250
7188
706d
6f00
6d3f
6b2b
68c6
660f
6308
5fb2
5c0e
581f
53e8
4f69
4aa7
45a4
4063
3ae9
3539
2f57
2948
2310
1cb4
1639
0fa4
08fb
0244
fb84
f4c2
ee03
e74d
e0a7
da18
d3a4
cd54
c72c
c135
bb72
b5ec
b0a7
abaa
a6fa
a29c
9e97
9aef
97a9
94c8
9252
9049
8eb1
8d8d
8ce0
8caa
8cef
8dae
8ee8
909d
92cc
9575
9895
9c2b
a033
a4aa
a98c
aed4
b47f
ba85
c0e0
c78b
ce7e
d5b1
dd1d
e4b9
ec7c
f45d
fc53
0454
0c56
1450
1c37
2401
2ba3
3314
3a4a
413b
47dc
4e25
540c
5989
5e93
6322
6730
6ab5
6dac
700e
71d8
7306
7394
7380
72c9
716e
6f71
6cd2
6994
65ba
6149
5c45
56b5
50a0
4a0e
4308
3b97
33c7
2ba1
2333
1a87
11ad
08b0
ff9f
f689
ed7b
e484
dbb3
d317
cabd
c2b5
bb0c
b3cf
ad0c
a6cf
a123
9c14
97aa
93f0
90ec
8ea6
8d23
8c67
8c74
8d4e
8ef3
9162
9498
9892
9d49
a2b6
a8d2
af91
b6e9
becd
c730
d002
d934
e2b6
ec75
f660
0063
0a6c
1467
1e40
27e4
313f
3a3f
42d0
4ae1
5261
593f
5f6c
64da
697d
6d49
7036
723c
7354
737b
72ae
70ee
6e3d
6a9f
6619
60b5
5a7b
5379
4bbc
4354
3a53
30ca
26d0
1c79
11dc
0711
fc30
f151
e68e
dc00
d1bf
c7e4
be87
b5be
ada0
a640
9fb1
9a05
954b
9190
8ede
8d3e
8cb5
8d47
8ef4
91ba
9593
9a79
a060
a73b
aefa
b78b
c0da
cad0
d553
e04b
eb9b
f725
02cd
0e73
19f9
2540
302a
3a98
446e
4d90
55e4
5d53
63c6
692a
6d6f
7088
7268
730a
726a
7087
6d65
690b
6383
5cdc
5526
4c77
42e6
388d
2d8a
21fc
1604
09c5
fd64
f104
e4cb
d8dd
cd60
c277
b844
aee8
a67f
9f26
98f5
9402
905c
8e12
8d2c
8db1
8f9f
92f4
97a7
9daa
a4ec
ad57
b6d3
c141
cc82
d870
e4e6
f1bc
fec7
0bdd
18d0
2577
31a6
3d32
47f4
51c6
5a84
6210
684e
6d26
7085
725d
72a6
715d
6e84
6a22
6445
5d00
546b
4aa3
3fca
3404
277d
1a5f
0cdb
ff22
f165
e3d8
d6ad
ca16
be43
b361
a99a
a116
99f5
9456
904f
8df2
8d4c
8e5f
912c
95a9
9bc7
a370
ac89
b6ee
c27a
cf00
dc4f
ea32
f874
06da
152b
232d
30a6
3d5f
4922
53be
5d04
64ce
6af9
6f68
7207
72c9
71a8
6ea5
69cc
632f
5ae7
5115
45e3
397e
2c1b
1df2
0f40
0045
f141
e278
d42b
c699
ba01
ae9b
a49c
9c33
9587
90ba
8de4
8d13
8e4e
9192
96d4
9dfc
a6ed
b17e
bd82
cac2
d901
e7fe
f773
0716
169f
25c4
343a
41bd
4e0a
58e4
6215
696e
6ec9
720a
731d
71fb
6ea7
692f
61aa
583c
4d12
4061
3267
2369
13b2
0390
f355
e354
d3de
c544
b7d3
abd0
a17d
9910
92b7
8e98
8cc9
8d57
9043
957e
9cf2
a677
b1df
beee
cd60
dce9
ed35
fdef
0eba
1f3c
2f1a
3dfd
4b90
5788
61a1
69a0
6f56
72a1
736b
71ae
6d70
66c6
5dd3
52c7
45df
3763
27a4
16fa
05c6
f469
e349
d2c8
c34a
b528
a8b7
9e43
960c
9044
8d11
8c88
8eb0
937f
9adb
a49a
b085
be54
cdb8
de53
efc2
019b
1371
24d6
355e
44a2
5241
5de6
6744
6e21
724c
73aa
722f
6de0
66d7
5d3e
514e
4351
33a0
229d
10b5
fe5b
ec05
da2a
c940
b9b6
abf3
a054
9728
90ad
8d12
8c71
8ed2
9428
9c52
a71c
b441
c369
d430
e627
f8d3
0bb7
1e50
3020
40aa
4f7c
5c2d
6663
6dd5
724b
73a5
71d4
6ce3
64f2
5a36
4cf7
3d92
2c72
1a10
06ed
f393
e08c
ce62
bd99
aeac
a20a
9810
910a
8d2e
8c9c
8f5b
9559
9e6f
aa5a
b8c6
c949
db6a
eea2
0262
1616
2929
3b0b
4b31
5920
646c
6cbc
71cd
7375
71a4
6c65
63de
584e
4a0b
3984
2735
13af
ff88
eb5f
d7d4
c581
b4f9
a6c1
9b4d
92fa
8e0f
8cb6
8efc
94d3
9e0f
aa68
b97d
cad4
dde2
f20d
06b0
1b21
2eb8
40d2
50d8
5e42
689e
6f94
72e6
7274
6e40
6669
5b2f
4ced
3c1b
2944
1508
0013
eb18
d6ca
c3db
b2ed
a497
9955
918d
8d86
8d65
9131
98ca
a3f1
b247
c34f
d676
eb13
006f
15ce
2a6f
3d99
4e9e
5ce4
67e7
6f41
72ac
7206
6d50
64b3
587b
4913
3707
22fb
0da7
f7cf
e23d
cdba
bb07
aad2
9db8
9434
8ea4
8d40
9017
9714
a1f6
b05a
c1b9
d571
eac5
00eb
170d
2c58
3ffb
5138
5f65
69f5
707f
72bf
709b
6a25
5f99
515b
3ff5
2c11
1671
ffed
e963
d3b6
bfbd
ae45
9ffe
957b
8f2a
8d4e
8ffd
9721
a273
b185
c3be
d867
eeac
05aa
1c74
321e
45c6
569e
63f4
6d3a
720c
7234
6dab
649e
5769
4693
32cd
1ce5
05c4
ee5f
d7af
c2a9
b030
a10c
95e4
8f33
8d46
9035
97e4
a404
b414
c768
dd2d
f478
0c48
2397
3963
4cba
5cc2
68c7
703e
72d2
7060
6900
5d02
4ce8
3965
2353
0baa
f376
dbca
c5b4
b232
a225
964a
8f2b
8d1f
9041
9871
a555
b65b
cabf
e196
f9d8
1268
2a28
3fff
52ea
6206
6c9f
7233
727b
6d6f
6349
547c
41b7
2bd8
13e3
faf7
e241
caec
b613
a4b7
97ad
8f98
8cde
8fa6
97d1
a4ff
b693
cbb5
e365
fc7e
15c9
2e0d
441a
56da
6560
6ef4
7318
7194
6a78
5e17
4d0c
382b
2079
0723
ed6b
d49a
bded
aa8a
9b6d
915c
8cdc
8e2d
9541
a1c1
b30f
c84c
e067
fa27
1439
2d4a
440d
5755
6620
6fa8
736a
712f
6911
5b77
4914
32d9
19ef
ffa1
e551
cc63
b627
a3cd
9651
8e6e
8c93
90de
9b19
aabd
bef6
d6b2
f0ad
0b83
25c0
3df9
52dc
6345
6e4c
7354
7211
6a90
5d37
4abd
3421
1aa1
ffa3
e4a3
cb20
b487
a21a
94e4
8da5
8cc9
9261
9e20
af63
c535
de5d
f971
14eb
2f3b
46e2
5a86
6905
7187
738b
6eef
63f3
5334
3da6
2482
093d
ed68
d2a1
ba78
a657
976e
8e9f
8c73
910e
9c30
ad36
c322
dcac
f853
1474
2f64
4787
5b6c
69df
71fe
734a
6da9
616e
4f52
3868
1e10
01e0
e58d
cad1
b34c
a070
9368
8d04
8dab
9559
a399
b78e
d000
eb6f
082a
2468
3e69
548b
656b
6ff7
7382
6fcf
6514
53fb
3d94
2344
06b4
e9b3
ce16
b5a1
a1e4
9425
8d48
8dc3
9591
a437
b8c9
d1f5
ee1f
0b76
2814
421e
57df
67ec
7134
7317
6d73
60a0
4d72
3529
195a
fbda
de9b
c38e
ac7e
9af7
9026
8cc9
911e
9cde
af45
c71b
e2c8
0071
1e18
39bc
517c
63ba
6f35
7321
6f36
63b3
515d
3972
1d91
ffa4
e1b8
c5de
ae02
9bcd
9087
8cfa
916c
9d91
b095
c929
e597
03e4
21f0
3d9e
54fb
665d
7086
72bb
6ccf
5f27
4aba
30f6
13af
f4fb
d70c
bc07
a5df
962f
8e1b
8e3d
9699
a697
bd14
d871
f6b3
15a9
330f
4cbf
60d5
6dd6
72c7
6f48
6395
5087
3782
1a5c
fb3c
dc71
c046
a8d5
97e1
8eb2
8dfd
95d5
a5a7
bc48
d807
f6d0
1650
3426
4e0d
620c
6e99
72bc
6e1f
6117
4c9e
3241
1403
f436
d54b
b9a5
a36a
9454
8d94
8fb4
9a8f
ad53
c68d
e449
0436
23d5
40aa
5870
6944
71cf
7160
67f9
5654
3dd2
2062
0058
e040
c2ab
a9f7
9821
8e9c
8e30
96ec
a820
c06f
dde6
fe25
1e92
3c8b
559d
67bc
716a
71d6
68f3
5775
3ec7
20ea
0052
dfac
c1ab
a8ca
971c
8e1c
8e90
9873
aaf9
c499
e336
0442
24fa
429f
5ab0
6b25
7295
705b
64a0
505e
3546
15a3
f421
d39b
b6d7
a04d
91ee
8cfa
91e5
a046
b6e8
d3db
f4a5
1670
3652
5186
65ab
70fd
727c
69fe
583d
3ec0
1fbe
fded
dc43
bdb7
a4fb
9441
8d09
8ffc
9cdd
b28d
cf23
f01a
1282
334a
4f85
64a6
70c7
72ca
6a7c
5895
3eae
1f18
fcac
da85
bbbe
a322
92f4
8cb0
90f0
9f55
b695
d493
f693
1978
3a0d
554f
68b9
727a
71a6
664a
516f
34ff
139b
f05c
ce8c
b154
9b72
8ef7
8d15
95fe
a8e2
c400
e4cb
0830
2ad5
4972
611d
6f93
736e
6c4b
5ad1
40a7
2048
fccc
d997
ba0c
a136
917d
8c6a
9281
a330
bce0
dd17
00b8
244e
4462
5dcf
6e18
739f
6dd4
5d43
4387
2321
ff41
db6d
bb2f
a1ba
9196
8c61
92a7
a3cc
be22
df0d
0348
2735
473b
6023
6f69
737f
6bf6
598c
3e15
1c53
f7af
d3dd
b47f
9cc8
8f25
8cff
9693
aaed
c7fd
eacf
0fd1
333a
5164
6731
725e
71be
655d
4e7b
2f75
0b7d
e64e
c3c7
a781
9472
8c9d
90d9
a0ba
ba9c
dbca
00cc
25be
46ba
6042
6fa2
7332
6a8d
5697
396c
1620
f074
cc6c
ade1
981c
8d74
8f14
9cd5
b542
d5be
facc
206f
4295
5d8b
6e61
733e
6b97
583a
3b3d
17c7
f1b4
cd2c
ae30
982a
8d87
8f78
9dcd
b6f6
d832
fdd9
23c1
45b7
5ff6
6f8f
72c2
692e
53de
352e
1089
ea05
c5f3
a861
94a3
8cf8
9241
a3ec
bfff
e353
09eb
2f67
4f87
66a0
720e
707e
6218
487b
2690
0036
d9d1
b7c9
9e0b
8f91
8e0a
99ab
b121
d1ba
f7b4
1ea9
4214
5dd4
6eab
729c
692d
5371
33ef
0e52
e701
c29c
a569
92df
8d30
950f
a993
c856
edb5
1546
3a56
587a
6c18
72d5
6bdc
57fd
3992
143c
ec73
c6fd
a85e
9449
8d2e
93f1
a7c5
c64b
ebd5
13d7
3976
581e
6c0e
72d3
6b93
572b
3813
1217
e9dc
c452
a61b
92f1
8d38
95aa
ab45
cb60
f207
1a70
3f97
5cdc
6e94
7285
682a
50c7
2f43
07cc
df54
baef
9f34
8fa5
8e3f
9b35
b4eb
d827
0076
28be
4be1
6563
7201
7019
5fe1
4364
1e43
f539
cd8a
ac4e
95ce
8cf7
92f1
a700
c693
ed9a
170b
3d87
5c0e
6ea3
72d6
6813
4fb9
2cf1
0441
dafa
b685
9bae
8e00
8f4f
9f77
bc5d
e237
0c09
344c
55a9
6bb0
736d
6bd2
55da
346c
0bf8
e1e2
bbcb
9ecf
8ed6
8e0a
9c90
b87b
de0e
083e
3158
53cf
6af5
73a0
6c9c
56d6
353c
0c5b
e1c3
bb43
9e21
8e5c
8e25
9d8b
ba78
e0fa
0bc8
34fe
56ed
6ce2
73cd
6ab1
52cc
2f65
0563
da99
b4fd
99cf
8cdf
9001
a2cf
c2ac
eb27
1696
3ee0
5e58
708c
72e4
6505
48de
2263
f703
cce4
aa00
934f
8c13
9559
add6
d212
fce2
282b
4db7
6823
739e
6e7c
5973
3784
0d91
e1a3
ba15
9ca1
8d91
8f18
a104
c0c1
e9b4
15eb
3ef2
5ecb
70ca
7249
6309
4543
1d4f
f10a
c6f7
a54a
90fd
8d14
9a27
b64d
dd5e
0993
345c
575c
6d5d
7313
67a0
4cb5
2653
fa37
cefa
ab19
93f8
8d14
977a
b19e
d791
039c
2f18
5370
6b23
7296
68a5
4ecf
2900
fcf7
d16a
acff
9545
8de1
97f6
b1fb
d7f3
040b
2f7c
5397
6acb
7181
66b0
4c03
2599
f964
ce40
aadf
94c1
8f56
9b78
b743
de5f
0ab1
354b
5780
6bf5
6f74
6172
4423
1c25
efc5
c604
a579
9349
9252
a2b9
c1e4
eadd
1721
3fa6
5df7
6d42
6b19
57d6
3692
0ca2
e0bf
b9f5
9e7c
92bd
9896
af13
d290
fd4e
2864
4cdb
64cc
6c5b
6253
485a
22ae
f776
cdbc
ac4e
989f
95df
a47c
c20a
e9aa
14da
3c7e
5a15
68c5
6628
52b6
31ad
0888
de1a
b969
a088
9791
9ff8
b84e
dc7d
0677
2f39
4ff7
633c
65d8
5766
3a5c
13a4
e9c4
c3c9
a813
9b46
9f80
b3fe
d53e
fd96
262d
4823
5db9
6350
5802
3dc8
1926
f064
ca7a
adde
9f6d
a192
b3e1
d326
f9f9
21a5
4358
594a
5fc0
55aa
3cd8
19a3
f22c
cd4e
b16a
a34c
a55a
b726
d586
fb22
2162
4199
562d
5b93
50eb
3826
15ae
ef9c
cca4
b2e9
a6e7
aaaa
bd73
dbde
007c
24c8
4257
53f5
5691
49cb
2ffd
0dd1
e96a
c947
b31f
aad8
b1d8
c6c7
e5cf
0952
2ae8
448c
51af
5006
3ff7
247f
02a5
e091
c46e
b349
b02b
bb8d
d343
f2eb
14b3
3272
46c4
4e05
46fa
3306
15e8
f506
d66d
bfb5
b4fc
b822
c878
e2e2
026e
2141
39ab
4736
4777
3a7d
22cc
04df
e651
ccd1
bd12
b9ef
c3e0
d8ef
f515
12ff
2d12
3e74
43f7
3cae
2a15
0fc4
f2c0
d886
c601
be9b
c3a0
d3ff
ec84
0876
2281
35bb
3e8e
3b67
2cff
162f
fb66
e1ca
ce3b
c464
c60f
d2ca
e808
01a0
1a9b
2e31
38ab
3820
2cc9
18f3
008a
e852
d4f9
ca2e
c9ef
d42b
e6c6
fe0b
1566
284d
331f
33d8
2a75
18e7
02b7
ec4a
da03
cf69
ce7a
d744
e7f0
fd1c
1290
2412
2e3b
2f23
26ba
16c9
028f
ee1d
dd80
d3f7
d34c
db85
eadf
fe34
119d
2139
29fb
2a3a
2208
1328
00ac
ee55
dfd1
d7fa
d84c
e098
ef14
00bf
11fb
1f52
2620
251f
1ca0
0e79
fd9e
ed85
e170
dbc2
dd8a
e64d
f426
042e
1317
1dd9
2254
1fb7
16a7
091c
f9ef
ec45
e2e4
dfa9
e323
ec7f
f9b4
07f9
1457
1c49
1e3d
19e6
1047
0377
f62b
eb29
e4b0
e403
e92d
f2fe
ff56
0b95
152c
1a28
1993
13a7
09bb
fdf7
f2db
eabb
e73c
e904
ef9a
f981
0494
0e75
1516
171e
1439
0d1b
035c
f91b
f088
eb6c
eacb
eeb0
f62f
ff9c
08ea
101e
13b8
1308
0e4a
0698
fda8
f56b
efa3
ed7f
ef62
f4cc
fc7f
04c7
0bd7
102f
10ef
0e02
0820
009e
f928
f35a
f06e
f0f4
f4bc
fadf
01fa
087b
0cfa
0e89
0ce2
0876
024c
fbc9
f65c
f32d
f2e3
f57b
fa51
0047
0606
0a4d
0c33
0b5c
080a
0308
fd7c
f8a4
f58d
f4da
f6a5
fa75
ff67
0458
0830
0a1c
09bb
0732
0321
fe7a
fa4b
f780
f6ae
f7f8
fb04
ff17
0342
0693
0853
0827
0629
02d6
fef9
fb74
f90f
f84d
f94c
fbc7
ff24
0298
055c
06d5
06b6
0513
0256
ff27
fc41
fa4c
f9b3
fa8c
fc9d
ff63
0236
0472
0598
056e
0408
01c1
ff26
fcd2
fb4b
fae5
fbae
fd6f
ffb8
01fe
03bc
0490
0450
0314
012c
ff0f
fd3c
fc1c
fbeb
fcae
fe2f
000e
01db
0329
03b1
0359
023c
00a5
fef5
fd92
fccc
fccc
fd8b
fed6
005b
01bd
02ab
02f1
0284
0185
0033
fee2
fddf
fd66
fd8d
fe46
ff60
0096
019d
0239
024a
01d0
00ed
ffda
fedb
fe2a
fdee
fe32
fee1
ffce
00bd
0177
01d1
01b9
013a
0074
ff9a
fee1
fe73
fe67
febe
ff5e
001e
00d0
014a
0170
013c
00bf
0019
ff73
fef6
febd
fed4
ff32
ffbe
0055
00d1
0116
0116
00d2
005f
ffd9
ff62
ff15
ff05
ff32
ff8f
0004
0073
00c2
00df
00c4
007b
0017
ffb1
ff63
ff3e
ff4a
ff82
ffd6
0031
007d
00a6
00a6
007c
0036
ffe6
ff9f
ff73
ff6c
ff8a
ffc3
0009
004a
0076
0082
006f
0040
0004
ffca
ff9f
ff8f
ff9b
ffc0
fff3
0027
004f
0062
005b
003e
0013
ffe5
ffc0
ffad
ffb0
ffc6
ffea
0011
0032
0045
0046
0035
0018
fff6
ffd9
ffc7
ffc4
ffd1
ffe9
0005
001e
002f
0033
0029
0016
ffff
ffe9
ffda
ffd6
ffdc
ffeb
fffe
0011
001e
0022
001e
0013
0003
fff5
ffea
ffe5
ffe7
fff0
fffb
0007
0010
0015
0013
000e
0005
fffc
fff5
fff1
fff1
fff4
fffa
0001
0006
000a
000b
0009
0006
0002
fffd
fffa
fff8
fff8
fff9
fffc
ffff
0002
0005
0007
0007
0006
0004
0001
fffd
fffa
fff8
fff8
fff9
fffd
0001
0005
0008
000a
0009
0005
0001
fffb
fff7
fff5
fff6
fff9
ffff
0005
000a
000c
000c
0008
0002
fffb
fff5
fff3
fff3
fff8
fffe
0006
000c
000e
000d
0008
0001
fff9
fff3
fff1
fff2
fff8
0000
0008
000e
0010
000e
0008
ffff
fff7
fff2
fff0
fff3
fff9
0002
000a
000f
0010
000d
0006
fffd
fff5
fff0
fff0
fff4
fffc
0005
000c
0010
0010
000b
0002
fffa
fff3
fff0
fff1
fff7
0000
0008
000e
0010
000d
0007
fffe
fff6
fff0
fff0
fff4
fffb
0004
000c
0010
0010
000b
0002
fffa
fff3
fff0
fff2
fff8
0000
0009
000e
0010
000d
0006
fffd
fff5
fff1
fff1
fff5
fffd
0006
000d
0010
000e
0008
0000
fff8
fff2
fff1
fff4
fffb
0003
000b
000f
000e
0009
0002
fff9
fff3
fff1
fff4
fffa
0002
000a
000e
000e
000a
0003
fffa
fff4
fff1
fff3
fff9
0001
0009
000e
000e
000a
0003
fffb
fff5
fff2
fff4
fff9
0001
0009
000d
000e
000a
0002
fffb
fff4
fff2
fff4
fffa
0002
0009
000d
000d
0008
0001
fffa
fff4
fff3
fff5
fffc
0003
000a
000d
000c
0007
0000
fff8
fff4
fff3
fff7
fffd
0005
000b
000d
000b
0005
fffd
fff7
fff3
fff4
fff9
0000
0007
000c
000d
000a
0003
fffb
fff5
fff3
fff5
fffb
0003
000a
000e
000d
0008
0000
fff8
fff3
fff3
fff7
fffe
0006
000c
000e
000b
0005
fffc
fff6
fff2
fff4
fff9
0001
0009
000e
000e
0009
0001
fff9
fff3
fff2
fff5
fffc
0005
000c
000f
000c
0006
fffd
fff5
fff1
fff2
fff8
0000
0009
000e
000f
000a
0002
fff9
fff2
fff1
fff4
fffc
0005
000c
0010
000e
0007
fffe
fff5
fff1
fff1
fff7
0000
0009
000f
000f
000a
0002
fff9
fff2
fff0
fff4
fffc
0005
000d
0010
000e
0006
fffd
fff5
fff0
fff1
fff7
0001
000a
000f
000f
000a
0001
fff8
fff2
fff0
fff4
fffd
0006
000d
0010
000d
0005
fffc
fff4
fff0
fff2
fff9
0002
000b
000f
000e
0008
ffff
fff7
fff1
fff1
fff6
ffff
0008
000e
000f
000b
0003
fffa
fff3
fff1
fff4
fffc
0005
000c
0010
000d
0006
fffd
fff5
fff1
fff3
fff9
0002
000a
000f
000e
0008
ffff
fff7
fff2
fff2
fff7
0000
0008
000e
000e
000a
0002
fff9
fff3
fff1
fff5
fffd
0006
000d
000e
000b
0004
fffb
fff4
fff2
fff5
fffc
0005
000c
000e
000c
0005
fffc
fff5
fff2
fff4
fffa
0003
000b
000e
000c
0006
fffd
fff6
fff2
fff4
fffa
0002
000a
000e
000d
0007
fffe
fff6
fff2
fff3
fff9
0002
000a
000e
000d
0007
fffe
fff6
fff2
fff3
fff9
0002
000a
000e
000d
0007
fffe
fff6
fff2
fff4
fffa
0002
000a
000e
000c
0006
fffd
fff6
fff2
fff4
fffa
0003
000b
000e
000c
0005
fffc
fff5
fff2
fff4
fffb
0004
000b
000e
000b
0003
fffb
fff4
fff2
fff5
fffd
0006
000d
000e
000a
0002
fff9
fff3
fff2
fff7
ffff
0008
000e
000e
0009
0000
fff7
fff2
fff2
fff8
0002
000a
000f
000d
0006
fffd
fff5
fff1
fff3
fffb
0005
000c
000f
000c
0004
fffa
fff3
fff1
fff5
fffe
0008
000e
000f
000a
0000
fff7
fff1
fff1
fff8
0002
000b
0010
000e
0007
fffc
fff4
fff0
fff3
fffb
0005
000e
0010
000c
0003
fff8
fff1
fff0
fff5
ffff
000a
0010
0010
0009
fffe
fff5
fff0
fff1
fff9
0004
000d
0011
000e
0004
fffa
fff1
ffef
fff4
fffe
0009
0010
0010
000a
ffff
fff5
ffef
fff0
fff8
0003
000d
0011
000e
0005
fffa
fff1
ffef
fff4
fffe
0009
0010
0011
000a
ffff
fff5
ffef
fff0
fff8
0004
000d
0012
000e
0005
fff9
fff1
ffef
fff4
fffe
0009
0010
0010
0009
fffe
fff4
ffef
fff1
fffa
0005
000e
0011
000d
0003
fff8
fff0
ffef
fff6
0000
000b
0011
000f
0007
fffc
fff3
ffef
fff3
fffc
0007
000f
0011
000b
0001
fff6
fff0
fff1
fff8
0003
000c
0010
000d
0004
fff9
fff1
fff0
fff5
ffff
000a
0010
000f
0008
fffd
fff4
fff0
fff3
fffc
0007
000e
0010
000a
0000
fff6
fff1
fff2
fff9
0003
000c
000f
000c
0003
fff9
fff2
fff1
fff7
0001
000a
000f
000d
0006
fffc
fff4
fff1
fff5
fffe
0008
000e
000e
0008
fffe
fff5
fff1
fff4
fffc
0006
000d
000e
0009
0000
fff7
fff2
fff3
fffb
0004
000c
000e
000a
0001
fff8
fff2
fff3
fff9
0003
000b
000e
000b
0003
fff9
fff3
fff3
fff8
0002
000a
000e
000b
0004
fffa
fff4
fff3
fff8
0001
0009
000e
000c
0004
fffb
fff4
fff3
fff7
0000
0009
000d
000c
0005
fffb
fff4
fff3
fff7
0000
0009
000d
000c
0004
fffb
fff4
fff3
fff7
0000
0009
000d
000c
0004
fffb
fff4
fff3
fff8
0001
0009
000d
000b
0004
fffa
fff4
fff3
fff8
0001
000a
000e
000b
0003
fff9
fff3
fff3
fff9
0003
000b
000e
000a
0002
fff8
fff3
fff4
fffa
0004
000c
000e
0009
0000
fff7
fff2
fff4
fffc
0006
000d
000e
0008
fffe
fff5
fff2
fff5
fffe
0007
000e
000d
0006
fffc
fff4
fff1
fff6
0000
000a
000f
000c
0004
fffa
fff2
fff2
fff8
0002
000c
000f
000b
0001
fff7
fff1
fff3
fffb
0006
000e
000f
0009
fffe
fff5
fff1
fff4
fffd
0008
000f
000e
0006
fffb
fff2
fff1
fff7
0001
000b
0010
000d
0003
fff8
fff1
fff1
fff9
0005
000e
0010
000a
ffff
fff5
fff0
fff3
fffd
0009
0010
000f
0006
fffb
fff2
fff0
fff6
0001
000c
0011
000d
0002
fff7
fff0
fff1
fffa
0006
000f
0010
0009
fffe
fff3
ffef
fff4
ffff
000a
0010
000e
0005
fff9
fff1
fff0
fff8
0004
000e
0011
000b
0000
fff4
ffef
fff2
fffd
0009
0010
000f
0007
fffb
fff1
fff0
fff7
0002
000d
0011
000c
0001
fff5
ffef
fff2
fffc
0008
0010
0010
0008
fffc
fff2
fff0
fff6
0002
000c
0010
000c
0001
fff6
fff0
fff2
fffc
0007
000f
000f
0007
fffc
fff2
fff0
fff7
0002
000c
0010
000c
0001
fff6
fff0
fff3
fffc
0008
000f
000e
0006
fffb
fff2
fff1
fff8
0003
000d
0010
000a
ffff
fff5
fff0
fff4
fffe
0009
000f
000d
0004
fff9
fff2
fff2
fffa
0005
000d
000f
0008
fffd
fff4
fff1
fff6
0001
000b
000f
000b
0002
fff7
fff2
fff4
fffd
0007
000e
000d
0005
fffb
fff3
fff2
fff9
0004
000c
000e
0008
fffe
fff4
fff1
fff6
0000
000a
000e
000b
0001
fff7
fff2
fff4
fffd
0007
000e
000c
0004
fffa
fff3
fff3
fffa
0005
000d
000d
0007
fffc
fff4
fff2
fff8
0002
000b
000e
0009
ffff
fff6
fff2
fff6
0000
0009
000e
000a
0001
fff7
fff2
fff5
fffe
0008
000e
000c
0003
fff9
fff3
fff4
fffc
0006
000d
000c
0005
fffa
fff3
fff3
fffa
0005
000c
000d
0006
fffc
fff4
fff3
fff9
0004
000c
000e
0007
fffd
fff4
fff2
fff8
0002
000b
000e
0008
fffe
fff5
fff2
fff7
0002
000b
000e
0009
ffff
fff5
fff2
fff7
0001
000b
000e
000a
ffff
fff6
fff2
fff6
0000
000a
000e
000a
0000
fff6
fff2
fff6
0000
000a
000f
000a
0000
fff6
fff1
fff6
0000
000a
000f
000a
0000
fff5
fff1
fff6
0000
000b
000f
000a
0000
fff5
fff1
fff6
0001
000b
000f
000a
ffff
fff5
fff1
fff6
0001
000b
000f
000a
fffe
fff4
fff1
fff6
0002
000c
000f
0009
fffe
fff3
fff1
fff7
0003
000d
000f
0009
fffd
fff3
fff1
fff8
0004
000e
000f
0008
fffb
fff2
fff1
fff9
0005
000e
000f
0007
fffa
fff2
fff2
fffa
0007
000f
000e
0005
fff9
fff1
fff2
fffc
0008
0010
000e
0003
fff7
fff0
fff3
fffe
0009
000f
000c
0001
fff5
fff0
fff4
0000
000b
0010
000b
ffff
fff4
fff0
fff6
0002
000c
000f
0009
fffd
fff3
fff1
fff8
0004
000e
000f
0007
fffb
fff2
fff2
fffb
0007
000f
000e
0004
fff8
fff1
fff3
fffd
0009
000f
000c
0002
fff6
fff1
fff5
0000
000b
000f
000a
ffff
fff5
fff2
fff8
0003
000c
000e
0007
fffc
fff3
fff2
fffa
0005
000d
000d
0004
fff9
fff2
fff4
fffd
0008
000e
000b
0001
fff7
fff2
fff6
0000
000a
000d
0008
fffe
fff5
fff3
fff9
0003
000c
000c
0005
fffb
fff4
fff4
fffc
0006
000d
000b
0002
fff8
fff4
fff7
0000
0009
000d
0008
ffff
fff6
fff4
fff9
0003
000b
000c
0005
fffb
fff5
fff5
fffd
0006
000c
000a
0001
fff8
fff4
fff7
0000
0009
000c
0007
fffe
fff6
fff5
fffb
0004
000b
000b
0004
fffa
fff5
fff6
fffe
0007
000b
0008
0000
fff7
fff5
fff9
0002
000a
000b
0005
fffc
fff5
fff6
fffd
0006
000b
0009
0001
fff8
fff5
fff9
0001
0009
000b
0005
fffc
fff6
fff6
fffc
0006
000b
0009
0001
fff8
fff5
fff9
0001
0009
000b
0006
fffc
fff6
fff6
fffd
0006
000b
0009
0001
fff8
fff5
fff9
0002
000a
000b
0005
fffb
fff5
fff6
fffe
0007
000b
0008
ffff
fff7
fff5
fffa
0003
000b
000b
0003
fffa
fff4
fff7
ffff
0009
000c
0007
fffd
fff6
fff5
fffc
0006
000c
000a
0001
fff8
fff4
fff8
0002
000a
000c
0005
fffb
fff4
fff5
fffe
0008
000d
0008
fffe
fff5
fff4
fffb
0005
000c
000b
0002
fff7
fff3
fff7
0002
000b
000d
0005
fffa
fff3
fff5
fffe
0009
000d
0008
fffd
fff4
fff3
fffb
0006
000e
000b
0001
fff6
fff2
fff8
0003
000d
000d
0005
fff9
fff2
fff5
0000
000b
000e
0008
fffb
fff2
fff3
fffc
0009
000f
000b
ffff
fff4
fff1
fff9
0006
000e
000d
0002
fff6
fff1
fff6
0003
000e
000f
0005
fff8
fff1
fff4
0000
000c
0010
0008
fffb
fff1
fff2
fffd
000a
0010
000b
fffe
fff3
fff1
fffa
0007
0010
000d
0001
fff4
fff0
fff7
0005
000f
000e
0003
fff6
fff0
fff5
0002
000e
0010
0006
fff8
fff0
fff3
0000
000d
0010
0008
fffb
fff1
fff2
fffd
000b
0010
000a
fffd
fff2
fff1
fffb
0009
0010
000c
ffff
fff3
fff0
fff9
0007
0010
000d
0001
fff4
fff0
fff7
0005
000f
000e
0003
fff6
fff0
fff6
0003
000e
000f
0005
fff7
fff0
fff5
0002
000d
000f
0006
fff9
fff1
fff4
0000
000c
000f
0007
fffa
fff1
fff3
ffff
000b
000f
0008
fffb
fff1
fff3
fffd
000a
000f
0009
fffc
fff2
fff2
fffd
0009
000f
000a
fffd
fff3
fff2
fffc
0008
000f
000a
fffe
fff4
fff2
fffb
0008
000f
000a
ffff
fff4
fff3
fffb
0007
000e
000a
ffff
fff4
fff2
fffb
0007
000e
000b
ffff
fff5
fff3
fffb
0007
000e
000b
0000
fff5
fff3
fffa
0006
000d
000a
ffff
fff5
fff3
fffb
0006
000d
000a
ffff
fff5
fff3
fffb
0007
000d
000a
ffff
fff5
fff3
fffb
0007
000d
0009
fffe
fff5
fff4
fffc
0007
000d
0009
fffe
fff4
fff4
fffd
0008
000d
0008
fffd
fff4
fff4
fffd
0008
000d
0007
fffc
fff4
fff5
ffff
000a
000d
0006
fffb
fff3
fff6
0000
000a
000c
0005
fff9
fff3
fff7
0001
000b
000c
0004
fff8
fff3
fff8
0003
000c
000b
0002
fff7
fff3
fff9
0005
000d
000b
0000
fff6
fff3
fffb
0007
000d
0009
fffe
fff4
fff4
fffd
0009
000d
0008
fffc
fff3
fff5
ffff
000b
000d
0006
fff9
fff2
fff6
0002
000c
000d
0003
fff7
fff2
fff8
0005
000e
000b
0000
fff5
fff2
fffb
0008
000e
000a
fffd
fff3
fff3
fffe
000a
000f
0007
fffa
fff1
fff5
0001
000d
000e
0004
fff7
fff1
fff7
0005
000f
000c
0000
fff4
fff1
fffb
0009
0010
000a
fffc
fff2
fff3
ffff
000c
000f
0006
fff8
fff0
fff5
0003
000e
000e
0002
fff5
fff0
fff9
0007
0010
000c
fffe
fff2
fff1
fffd
000b
0010
0008
fff9
fff0
fff4
0002
000f
000f
0003
fff5
ffef
fff8
0007
0011
000d
fffe
fff1
fff1
fffd
000c
0011
0008
fff9
ffef
fff3
0002
000f
000f
0003
fff4
ffef
fff8
0007
0011
000c
fffd
fff0
fff1
fffd
000c
0011
0008
fff8
ffef
fff4
0003
0010
000f
0002
fff3
ffef
fff9
0009
0011
000b
fffb
fff0
fff2
ffff
000e
0010
0005
fff6
ffef
fff6
0006
0011
000d
ffff
fff2
fff0
fffd
000c
0011
0008
fff9
ffef
fff4
0003
000f
000f
0002
fff3
fff0
fffa
0009
0011
000a
fffb
fff0
fff3
0000
000e
000f
0004
fff5
fff0
fff8
0007
0010
000c
fffd
fff1
fff2
ffff
000c
0010
0006
fff7
fff0
fff7
0005
000f
000c
ffff
fff3
fff2
fffd
000b
000f
0006
fff8
fff1
fff6
0004
000e
000c
0000
fff4
fff2
fffd
000a
000f
0007
fff9
fff2
fff6
0003
000e
000c
0000
fff4
fff2
fffc
0009
000e
0007
fff9
fff2
fff6
0003
000d
000b
0000
fff5
fff3
fffd
0009
000e
0006
fffa
fff3
fff7
0003
000d
000b
0000
fff5
fff4
fffe
0009
000d
0005
fff9
fff3
fff8
0004
000d
000a
ffff
fff5
fff5
ffff
000a
000c
0004
fff8
fff3
fffa
0006
000d
0008
fffd
fff4
fff6
0000
000b
000b
0002
fff7
fff4
fffc
0007
000c
0007
fffb
fff4
fff7
0003
000b
000a
0000
fff5
fff5
fffe
0009
000c
0004
fff9
fff4
fffa
0005
000c
0008
fffd
fff4
fff6
0001
000b
000b
0001
fff6
fff4
fffd
0008
000c
0005
fff9
fff4
fff9
0005
000c
0009
fffd
fff4
fff6
0001
000b
000b
0001
fff6
fff4
fffd
0008
000c
0005
fff9
fff3
fff9
0005
000c
0008
fffc
fff4
fff6
0002
000c
000b
0000
fff5
fff4
fffe
000a
000c
0004
fff8
fff3
fffb
0007
000d
0007
fffa
fff3
fff7
0004
000d
000a
fffe
fff4
fff5
0001
000c
000c
0001
fff5
fff3
fffd
000a
000e
0005
fff7
fff2
fffa
0007
000e
0008
fffa
fff2
fff7
0004
000e
000a
fffd
fff3
fff5
0001
000d
000d
0000
fff4
fff3
fffe
000b
000e
0003
fff5
fff1
fffb
0009
000f
0007
fff8
fff1
fff8
0007
0010
000a
fffb
fff1
fff6
0004
000f
000c
fffe
fff2
fff3
0001
000e
000e
0000
fff3
fff1
fffe
000c
000f
0003
fff4
fff0
fffb
000b
0010
0006
fff7
fff0
fff9
0008
0010
0009
fff9
fff0
fff6
0006
0010
000b
fffb
fff0
fff4
0004
0010
000d
fffe
fff1
fff2
0001
000f
000e
0000
fff2
fff1
fffe
000d
000f
0002
fff3
fff0
fffc
000c
0010
0005
fff5
fff0
fffa
000a
0010
0007
fff7
ffef
fff8
0008
0010
0009
fff8
ffef
fff6
0007
0010
000a
fffa
fff0
fff5
0005
0010
000b
fffc
fff0
fff4
0003
000f
000c
fffe
fff1
fff3
0002
000e
000d
ffff
fff2
fff2
0000
000d
000e
0001
fff3
fff2
fffe
000c
000e
0002
fff4
fff2
fffd
000c
000f
0003
fff5
fff1
fffc
000b
000f
0004
fff6
fff2
fffc
000a
000f
0005
fff7
fff2
fffb
0009
000e
0006
fff7
fff2
fffa
0008
000e
0006
fff8
fff2
fffa
0007
000e
0007
fff9
fff2
fff9
0007
000e
0007
fff9
fff2
fff9
0006
000d
0007
fffa
fff3
fff9
0006
000d
0007
fffa
fff3
fff9
0005
000d
0007
fffb
fff3
fff9
0005
000d
0007
fffb
fff4
fff9
0005
000d
0007
fffb
fff4
fff9
0005
000c
0007
fffb
fff4
fff9
0005
000c
0007
fffa
fff4
fffa
0006
000c
0006
fffa
fff4
fffa
0006
000c
0006
fffa
fff4
fffb
0007
000c
0005
fff9
fff4
fffb
0007
000c
0004
fff8
fff4
fffc
0007
000c
0004
fff8
fff4
fffd
0008
000c
0003
fff7
fff5
fffe
0009
000b
0002
fff6
fff5
ffff
000a
000b
0001
fff6
fff6
0000
000b
000a
ffff
fff5
fff6
0002
000b
0009
fffd
fff4
fff7
0003
000c
0008
fffc
fff4
fff8
0005
000c
0007
fffa
fff3
fffa
0007
000d
0006
fff9
fff3
fffc
0009
000d
0004
fff7
fff4
fffe
000a
000c
0001
fff5
fff4
0000
000c
000b
ffff
fff4
fff5
0002
000d
000a
fffc
fff3
fff7
0005
000e
0008
fffa
fff2
fff9
0007
000e
0006
fff7
fff2
fffc
000a
000e
0003
fff5
fff2
ffff
000c
000d
0000
fff3
fff4
0002
000e
000b
fffd
fff1
fff6
0005
000f
0009
fff9
fff0
fff8
0009
0010
0006
fff6
fff1
fffc
000c
000f
0002
fff3
fff2
0000
000e
000e
fffe
fff1
fff4
0004
0010
000b
fffa
ffef
fff7
0008
0011
0007
fff6
ffef
fffa
000c
0010
0003
fff3
fff0
ffff
000f
000f
ffff
fff0
fff3
0004
0011
000c
fffa
ffef
fff6
0009
0012
0008
fff5
ffef
fffb
000d
0011
0003
fff1
fff0
0000
0010
000e
fffd
ffef
fff3
0005
0012
000b
fff8
ffee
fff7
000a
0012
0006
fff3
ffef
fffd
000e
0010
0000
fff0
fff1
0003
0011
000d
fffb
ffee
fff6
0008
0012
0008
fff5
ffef
fffb
000d
0011
0002
fff1
fff1
0001
0010
000e
fffc
ffef
fff4
0007
0012
0009
fff7
ffef
fffa
000c
0011
0003
fff2
fff0
0000
000f
000e
fffd
fff0
fff4
0006
0011
0009
fff7
ffef
fffa
000b
0010
0003
fff3
fff1
0000
000f
000d
fffd
fff0
fff5
0006
0010
0008
fff7
fff0
fffb
000c
000f
0002
fff3
fff2
0001
000f
000c
fffc
fff1
fff7
0007
0010
0007
fff6
fff1
fffd
000c
000e
0000
fff2
fff4
0003
000e
000a
fffa
fff1
fff9
0008
000f
0004
fff5
fff2
ffff
000d
000c
fffe
fff2
fff6
0005
000e
0007
fff8
fff2
fffc
000a
000d
0001
fff4
fff4
0002
000e
000a
fffb
fff2
fff9
0008
000e
0004
fff6
fff3
ffff
000c
000b
fffd
fff3
fff7
0006
000d
0006
fff8
fff3
fffd
000b
000c
0000
fff4
fff6
0004
000d
0007
fff9
fff3
fffc
0009
000c
0001
fff5
fff5
0002
000d
0009
fffb
fff3
fffb
0009
000d
0002
fff5
fff5
0001
000c
0009
fffb
fff3
fffa
0008
000d
0003
fff6
fff4
0001
000c
0009
fffb
fff3
fff9
0008
000d
0003
fff6
fff4
0001
000c
000a
fffc
fff3
fffa
0008
000d
0003
fff5
fff4
0001
000d
0009
fffb
fff3
fffa
0008
000d
0002
fff5
fff4
0002
000d
0009
fffa
fff2
fffb
0009
000d
0001
fff4
fff5
0003
000e
0008
fff9
fff2
fffc
000b
000d
0000
fff3
fff6
0005
000e
0007
fff7
fff2
fffe
000c
000c
fffe
fff2
fff7
0007
000f
0005
fff5
fff2
0000
000e
000b
fffb
fff1
fff9
000a
000f
0002
fff3
fff3
0003
000f
0009
fff8
fff0
fffc
000c
000e
ffff
fff1
fff5
0006
0010
0007
fff5
fff1
ffff
000f
000d
fffc
fff0
fff8
000a
0010
0003
fff2
fff2
0003
0010
000a
fff8
ffef
fffb
000d
000f
ffff
fff0
fff5
0007
0011
0006
fff4
fff0
0000
0010
000d
fffa
ffef
fff9
000c
0011
0002
fff0
fff2
0005
0012
0009
fff5
ffef
fffe
000f
000f
fffc
ffef
fff7
000a
0012
0003
fff1
fff1
0003
0012
000a
fff6
ffee
fffc
000f
0010
fffd
ffef
fff5
0009
0012
0005
fff2
fff0
0002
0011
000b
fff7
ffee
fffb
000e
000f
fffe
ffee
fff5
0009
0012
0004
fff2
fff0
0002
0011
000b
fff7
ffee
fffb
000e
000f
fffd
ffef
fff5
0009
0011
0004
fff2
fff1
0003
0011
000a
fff6
ffef
fffd
000e
000e
fffc
ffef
fff7
000a
0011
0003
fff1
fff2
0004
0011
0008
fff5
fff0
fffe
000f
000d
fffb
ffef
fff9
000b
000f
0000
fff1
fff5
0007
0010
0006
fff4
fff2
0001
000f
000a
fff9
fff0
fffc
000d
000e
fffe
fff1
fff7
0009
000f
0003
fff3
fff4
0004
000f
0007
fff6
fff2
ffff
000e
000b
fffa
fff1
fffa
000b
000d
ffff
fff2
fff7
0007
000e
0003
fff4
fff4
0003
000e
0007
fff7
fff2
ffff
000d
000b
fffb
fff2
fffb
000a
000d
ffff
fff3
fff8
0007
000e
0003
fff5
fff5
0003
000d
0006
fff7
fff3
0000
000c
0009
fffa
fff3
fffc
000b
000b
fffe
fff3
fff9
0008
000d
0001
fff4
fff7
0005
000d
0004
fff6
fff5
0002
000d
0007
fff8
fff4
ffff
000c
0009
fffb
fff3
fffc
000a
000b
fffe
fff4
fffa
0008
000c
0000
fff4
fff7
0006
000d
0003
fff6
fff6
0003
000d
0006
fff7
fff4
0001
000c
0008
fff9
fff4
fffe
000b
000a
fffb
fff3
fffc
000a
000b
fffd
fff3
fffa
0008
000c
0000
fff4
fff8
0007
000d
0002
fff4
fff6
0005
000d
0004
fff6
fff5
0003
000d
0006
fff7
fff4
0001
000d
0008
fff8
fff3
ffff
000d
0009
fffa
fff3
fffd
000c
000b
fffb
fff2
fffb
000b
000c
fffd
fff2
fffa
000a
000d
ffff
fff2
fff8
0008
000e
0001
fff3
fff7
0007
000e
0002
fff3
fff5
0006
000f
0004
fff4
fff4
0004
000f
0005
fff5
fff3
0003
000f
0007
fff6
fff2
0002
000f
0008
fff7
fff2
0000
000f
0009
fff7
fff1
ffff
000f
000b
fff8
fff0
fffe
000e
000c
fff9
fff0
fffc
000e
000d
fffa
fff0
fffb
000d
000d
fffb
fff0
fffa
000d
000e
fffc
fff0
fff9
000c
000f
fffd
ffef
fff8
000b
000f
fffe
ffef
fff7
000b
0010
ffff
fff0
fff6
000a
0010
0000
fff0
fff6
000a
0010
0000
fff0
fff5
0009
0011
0001
fff0
fff5
0009
0011
0002
fff0
fff4
0009
0011
0002
fff0
fff4
0008
0011
0003
fff0
fff3
0008
0011
0003
fff0
fff3
0007
0011
0003
fff1
fff3
0007
0011
0003
fff1
fff3
0007
0011
0003
fff1
fff3
0007
0011
0003
fff1
fff3
0007
0011
0003
fff1
fff3
0007
0011
0003
fff1
fff3
0007
0011
0003
fff1
fff4
0008
0011
0003
fff1
fff4
0008
0010
0002
fff1
fff4
0008
0010
0001
fff1
fff5
0008
0010
0001
fff1
fff6
0009
0010
0000
fff1
fff6
0009
000f
0000
fff1
fff7
000a
000f
ffff
fff1
fff8
000a
000e
fffe
fff1
fff9
000b
000d
fffd
fff1
fffa
000b
000d
fffc
fff1
fffb
000c
000c
fffc
fff1
fffc
000c
000c
fffb
fff1
fffd
000d
000b
fffa
fff2
fffe
000d
0009
fff8
fff2
ffff
000d
0008
fff7
fff3
0000
000d
0007
fff6
fff3
0002
000d
0006
fff5
fff4
0003
000d
0004
fff5
fff5
0005
000d
0003
fff4
fff6
0006
000d
0001
fff4
fff8
0007
000d
0000
fff3
fff9
0009
000c
fffe
fff3
fffb
000a
000b
fffc
fff3
fffc
000b
000a
fffb
fff3
fffe
000c
0008
fff9
fff4
0000
000c
0007
fff7
fff5
0002
000d
0005
fff6
fff6
0004
000d
0003
fff5
fff7
0006
000c
0000
fff4
fff9
0008
000b
fffe
fff3
fffb
000a
000a
fffc
fff4
fffe
000b
0009
fffa
fff4
0000
000c
0006
fff7
fff5
0002
000c
0004
fff6
fff6
0005
000d
0002
fff5
fff8
0007
000c
ffff
fff3
fffa
0009
000a
fffc
fff3
fffd
000b
0009
fffa
fff4
0000
000d
0006
fff7
fff5
0003
000d
0003
fff5
fff7
0006
000d
0000
fff3
fff9
0009
000c
fffd
fff3
fffc
000b
000a
fffa
fff3
0000
000d
0007
fff7
fff4
0003
000e
0004
fff4
fff6
0007
000d
0000
fff3
fff9
000a
000c
fffc
fff2
fffd
000c
0009
fff8
fff3
0001
000e
0006
fff5
fff4
0005
000e
0002
fff3
fff7
0009
000d
fffe
fff2
fffb
000c
000b
fffa
fff2
ffff
000e
0008
fff6
fff3
0004
000f
0004
fff3
fff6
0008
000e
ffff
fff1
fffa
000b
000c
fffa
fff1
fffe
000e
0009
fff6
fff3
0003
000f
0004
fff3
fff5
0008
000e
ffff
fff1
fff9
000c
000c
fffa
fff1
ffff
000e
0008
fff6
fff3
0004
000f
0004
fff2
fff6
0009
000e
fffe
fff1
fffa
000d
000b
fff9
fff1
0000
000f
0007
fff4
fff3
0005
000f
0002
fff1
fff7
000a
000d
fffc
fff1
fffd
000e
000a
fff7
fff2
0002
000f
0005
fff3
fff5
0008
000f
ffff
fff1
fffa
000c
000c
fff9
fff1
0000
000f
0007
fff5
fff4
0006
000f
0001
fff2
fff8
000b
000d
fffc
fff1
fffe
000e
0009
fff6
fff3
0004
000f
0003
fff2
fff7
0009
000e
fffd
fff1
fffd
000d
000a
fff7
fff2
0003
000f
0004
fff3
fff6
0008
000e
fffe
fff1
fffc
000d
000a
fff8
fff2
0002
000f
0004
fff3
fff6
0008
000e
fffe
fff1
fffc
000c
000a
fff8
fff2
0002
000e
0004
fff3
fff6
0008
000d
fffd
fff2
fffc
000d
0009
fff7
fff3
0003
000e
0003
fff3
fff7
0009
000d
fffc
fff2
fffd
000d
0008
fff6
fff4
0004
000e
0002
fff3
fff9
000a
000c
fffb
fff2
ffff
000e
0007
fff5
fff5
0006
000e
0000
fff2
fffb
000c
000a
fff9
fff3
0002
000e
0004
fff4
fff7
0009
000d
fffd
fff2
fffd
000d
0008
fff6
fff4
0005
000e
0001
fff2
fffa
000b
000b
fff9
fff2
0001
000e
0005
fff4
fff6
0008
000d
fffd
fff2
fffe
000e
0008
fff6
fff4
0006
000e
0000
fff2
fffa
000c
000a
fff8
fff2
0002
000e
0003
fff3
fff8
000a
000d
fffb
fff2
0000
000e
0006
fff4
fff5
0008
000e
fffe
fff1
fffd
000e
0008
fff6
fff3
0006
000f
0000
fff1
fffa
000c
000a
fff7
fff2
0003
000f
0002
fff2
fff8
000b
000c
fff9
fff1
0001
000f
0004
fff3
fff7
000a
000d
fffb
fff1
ffff
000f
0006
fff3
fff5
0009
000e
fffc
fff0
fffe
000f
0008
fff4
fff4
0008
000f
fffe
fff0
fffc
000e
0009
fff5
fff3
0007
000f
ffff
fff0
fffb
000e
000a
fff6
fff3
0006
0010
0000
fff0
fffa
000e
000a
fff6
fff2
0005
0010
0001
fff0
fffa
000d
000b
fff7
fff2
0005
0010
0001
fff1
fff9
000d
000b
fff7
fff1
0004
0010
0001
fff0
fff9
000d
000b
fff7
fff2
0004
0010
0001
fff1
fffa
000d
000b
fff7
fff2
0004
0010
0001
fff1
fffa
000d
000b
fff7
fff2
0005
0010
0001
fff1
fffa
000e
000a
fff6
fff2
0005
000f
0000
fff1
fffb
000e
0009
fff5
fff3
0006
000f
ffff
fff1
fffc
000e
0009
fff5
fff4
0007
000f
fffe
fff1
fffe
000e
0007
fff4
fff5
0008
000d
fffc
fff1
ffff
000e
0006
fff3
fff6
0009
000d
fffb
fff2
0001
000f
0004
fff3
fff8
000b
000c
fff9
fff2
0002
000e
0002
fff2
fff9
000b
000a
fff8
fff3
0004
000e
0000
fff2
fffc
000c
0008
fff6
fff5
0006
000d
fffe
fff3
fffe
000d
0006
fff5
fff7
0008
000c
fffc
fff3
0001
000d
0003
fff4
fff9
000a
000a
fff9
fff4
0003
000d
0001
fff3
fffc
000c
0008
fff7
fff5
0006
000c
fffe
fff3
fffe
000c
0005
fff5
fff8
0008
000b
fffb
fff4
0002
000d
0002
fff4
fffa
000a
0008
fff8
fff5
0005
000c
fffe
fff3
fffe
000c
0006
fff6
fff8
0008
000b
fffb
fff4
0002
000d
0002
fff4
fffb
000b
0008
fff8
fff6
0006
000c
fffe
fff3
ffff
000c
0004
fff5
fff9
0009
000a
fff9
fff4
0003
000d
0000
fff3
fffd
000c
0006
fff6
fff7
0008
000b
fffb
fff4
0002
000d
0002
fff4
fffb
000c
0008
fff7
fff6
0007
000c
fffc
fff3
0001
000d
0003
fff4
fffa
000b
0009
fff7
fff5
0006
000d
fffd
fff2
0000
000d
0003
fff3
fff9
000b
0009
fff7
fff4
0006
000d
fffd
fff2
0000
000e
0004
fff3
fff9
000c
000a
fff7
fff4
0006
000e
fffd
fff1
0000
000e
0004
fff2
fff9
000c
000a
fff6
fff4
0007
000e
fffc
fff1
0001
000f
0003
fff1
fffa
000d
0009
fff5
fff4
0009
000e
fffa
fff1
0002
0010
0001
fff0
fffb
000e
0008
fff3
fff5
000a
000d
fff8
fff1
0004
0010
ffff
fff0
fffd
0010
0006
fff2
fff7
000d
000c
fff6
fff2
0007
0010
fffc
ffef
0000
0010
0003
fff0
fff9
000e
000a
fff3
fff3
000a
000f
fff9
fff0
0003
0011
0000
ffef
fffc
0010
0007
fff1
fff6
000d
000d
fff6
fff1
0007
0010
fffc
ffef
0001
0011
0003
ffef
fffa
0010
0009
fff2
fff4
000b
000e
fff7
fff0
0005
0011
fffe
ffee
fffe
0011
0004
fff0
fff8
000e
000a
fff3
fff3
000a
000f
fff9
fff0
0004
0011
ffff
ffef
fffe
0011
0006
fff0
fff8
000e
000b
fff4
fff3
0009
000f
fff9
fff0
0004
0011
ffff
ffef
fffe
0010
0005
fff1
fff8
000e
000a
fff4
fff3
0009
000e
fff9
fff1
0004
0010
ffff
fff0
fffe
0010
0004
fff1
fff9
000e
0009
fff4
fff5
000a
000d
fff8
fff2
0005
000f
fffd
fff0
0000
000f
0003
fff1
fffb
000e
0008
fff3
fff7
000b
000b
fff7
fff3
0007
000e
fffb
fff1
0002
000f
0000
fff1
fffd
000e
0005
fff3
fff9
000c
0009
fff5
fff6
0009
000c
fff9
fff3
0005
000d
fffd
fff2
0001
000e
0001
fff2
fffd
000d
0005
fff4
fff9
000b
0009
fff6
fff6
0008
000b
fff9
fff4
0005
000d
fffd
fff3
0001
000d
0001
fff3
fffd
000d
0005
fff4
fffa
000b
0008
fff6
fff7
0009
000a
fff9
fff5
0006
000c
fffc
fff4
0002
000d
ffff
fff3
ffff
000c
0003
fff4
fffc
000c
0006
fff5
fff9
000a
0008
fff7
fff7
0008
000a
fffa
fff5
0005
000c
fffc
fff4
0002
000c
ffff
fff3
ffff
000c
0002
fff4
fffc
000c
0005
fff5
fffa
000a
0007
fff6
fff7
0009
0009
fff8
fff6
0006
000b
fffb
fff4
0004
000c
fffd
fff4
0001
000d
0000
fff3
ffff
000d
0002
fff4
fffc
000c
0005
fff4
fffa
000b
0007
fff5
fff8
000a
0009
fff7
fff6
0008
000b
fff9
fff5
0006
000c
fffb
fff3
0004
000d
fffd
fff3
0001
000d
ffff
fff3
ffff
000e
0002
fff3
fffd
000d
0004
fff3
fffb
000d
0006
fff4
fff9
000b
0008
fff5
fff7
000a
000a
fff6
fff5
0009
000c
fff8
fff4
0007
000d
fffa
fff3
0005
000e
fffc
fff2
0003
000e
fffe
fff1
0001
000f
0000
fff1
ffff
000f
0002
fff1
fffd
000f
0004
fff1
fffb
000e
0006
fff2
fff9
000e
0007
fff3
fff8
000d
0009
fff4
fff6
000c
000b
fff5
fff4
000a
000c
fff6
fff3
0009
000d
fff8
fff2
0008
000e
fff9
fff2
0006
000f
fffb
fff1
0004
0010
fffc
fff0
0003
0010
fffe
fff0
0001
0010
0000
fff0
0000
0010
0001
fff0
fffe
0010
0003
fff0
fffc
0010
0004
fff0
fffb
000f
0006
fff1
fffa
000f
0007
fff2
fff9
000e
0008
fff2
fff8
000e
0009
fff3
fff7
000d
000a
fff4
fff6
000c
000b
fff5
fff5
000b
000c
fff5
fff4
000a
000c
fff6
fff3
0009
000d
fff7
fff3
0008
000d
fff8
fff2
0007
000e
fff9
fff2
0007
000e
fffa
fff2
0006
000e
fffb
fff2
0005
000e
fffb
fff2
0004
000e
fffc
fff2
0004
000e
fffd
fff2
0003
000e
fffd
fff2
0003
000e
fffe
fff2
0002
000e
fffe
fff2
0001
000e
ffff
fff2
0001
000e
ffff
fff2
0001
000e
0000
fff3
0000
000e
0000
fff3
0000
000d
0000
fff3
0000
000d
0000
fff3
ffff
000d
0001
fff3
ffff
000d
0001
fff3
ffff
000d
0001
fff3
ffff
000c
0001
fff3
ffff
000c
0001
fff4
ffff
000c
0001
fff4
ffff
000c
0001
fff4
0000
000c
0001
fff4
0000
000c
0000
fff4
0000
000c
0000
fff4
0000
000c
0000
fff4
0001
000c
0000
fff5
0001
000c
ffff
fff5
0001
000b
fffe
fff4
0002
000b
fffe
fff5
0002
000b
fffe
fff5
0003
000b
fffd
fff5
0003
000b
fffc
fff5
0004
000a
fffc
fff5
0004
000a
fffb
fff6
0005
000a
fffa
fff6
0006
000a
fffa
fff7
0007
0009
fff9
fff7
0008
0009
fff8
fff8
0008
0008
fff7
fff8
0009
0007
fff7
fff9
000a
0006
fff6
fffa
000b
0005
fff5
fffb
000b
0004
fff5
fffc
000b
0003
fff4
fffd
000c
0001
fff4
ffff
000c
0000
fff4
0001
000c
ffff
fff4
0002
000c
fffd
fff4
0004
000c
fffc
fff4
0005
000c
fffa
fff5
0007
000b
fff8
fff6
0008
000a
fff7
fff7
000a
0008
fff5
fff8
000b
0007
fff4
fffa
000c
0005
fff3
fffb
000d
0003
fff2
fffd
000e
0001
fff2
0000
000e
ffff
fff2
0002
000e
fffd
fff2
0005
000e
fffa
fff3
0007
000d
fff8
fff4
0009
000c
fff6
fff5
000b
000a
fff4
fff7
000d
0008
fff2
fff9
000e
0005
fff1
fffc
000f
0003
fff0
ffff
0010
0000
fff0
0002
0010
fffd
fff0
0005
000f
fffa
fff1
0007
000e
fff7
fff3
000a
000c
fff5
fff5
000d
000a
fff2
fff7
000f
0007
fff1
fffa
0010
0004
fff0
fffe
0011
0001
ffef
0001
0011
fffd
fff0
0005
0010
fffa
fff1
0008
000e
fff6
fff3
000b
000c
fff4
fff5
000e
0009
fff1
fff8
000f
0006
fff0
fffc
0011
0002
ffef
0000
0011
fffe
fff0
0004
0010
fffb
fff1
0007
000f
fff7
fff3
000b
000c
fff4
fff5
000d
0009
fff2
fff9
000f
0006
fff0
fffd
0010
0001
fff0
0001
0010
fffd
fff0
0005
000f
fffa
fff2
0008
000d
fff6
fff4
000b
000a
fff3
fff7
000e
0007
fff1
fffb
000f
0003
fff1
ffff
0010
ffff
fff1
0003
000f
fffb
fff2
0007
000d
fff7
fff4
000a
000a
fff4
fff7
000d
0007
fff2
fffb
000f
0003
fff1
0000
000f
ffff
fff2
0004
000e
fffa
fff3
0007
000c
fff7
fff5
000b
0009
fff4
fff9
000d
0005
fff2
fffd
000e
0001
fff2
0001
000e
fffd
fff3
0005
000c
fff9
fff5
0009
000a
fff5
fff8
000c
0006
fff3
fffc
000d
0002
fff3
0000
000e
fffe
fff3
0004
000c
fffa
fff5
0008
000a
fff6
fff8
000b
0006
fff4
fffc
000d
0002
fff3
0000
000d
fffe
fff3
0005
000c
fff9
fff5
0009
0009
fff6
fff9
000c
0005
fff3
fffd
000d
0001
fff3
0002
000d
fffc
fff4
0006
000b
fff7
fff6
000a
0008
fff4
fffb
000d
0003
fff3
0000
000e
fffe
fff3
0005
000c
fff9
fff5
0009
0009
fff5
fff9
000c
0005
fff2
fffe
000e
ffff
fff2
0003
000d
fffa
fff4
0009
000a
fff5
fff8
000c
0005
fff2
fffd
000e
0000
fff2
0003
000e
fffa
fff3
0009
000b
fff5
fff8
000d
0006
fff2
fffd
000f
0000
fff1
0004
000e
fff9
fff3
000a
000b
fff4
fff8
000e
0005
fff1
fffe
000f
fffe
fff1
0005
000e
fff8
fff4
000b
000a
fff3
fff9
000f
0004
fff0
0000
0010
fffc
fff0
0007
000e
fff6
fff4
000d
0009
fff1
fffb
0011
0002
ffef
0003
0011
fffa
fff1
000a
000d
fff3
fff6
000f
0006
ffef
fffe
0012
fffe
ffef
0006
0010
fff6
fff2
000d
000a
fff0
fff9
0012
0003
ffee
0002
0012
fffa
fff0
000a
000e
fff2
fff5
0010
0007
ffee
fffe
0012
fffd
ffee
0007
0010
fff5
fff2
000e
000a
ffef
fffa
0013
0001
ffed
0004
0012
fff8
fff0
000c
000d
fff0
fff7
0012
0004
ffed
0000
0013
fffb
ffee
000a
000f
fff2
fff4
0011
0007
ffed
fffd
0013
fffd
ffed
0007
0011
fff4
fff2
000f
000a
ffee
fffb
0013
0000
ffed
0005
0012
fff6
fff1
000e
000b
ffef
fff9
0013
0002
ffed
0004
0012
fff8
fff0
000d
000c
fff0
fff8
0012
0003
ffed
0002
0012
fff9
fff0
000b
000d
fff1
fff7
0011
0004
ffee
0001
0012
fffa
fff0
000b
000d
fff2
fff7
0010
0004
ffee
0001
0011
fffa
fff0
000a
000d
fff3
fff7
0010
0004
ffef
0001
0011
fffb
fff1
000a
000c
fff3
fff8
0010
0004
fff0
0001
0010
fffa
fff2
000a
000b
fff3
fff9
000f
0003
fff0
0002
0010
fffa
fff3
000a
000b
fff3
fffa
000f
0002
fff1
0002
000e
fff9
fff4
000b
0009
fff3
fffb
000f
0001
fff1
0004
000d
fff8
fff5
000b
0007
fff3
fffd
000e
ffff
fff2
0005
000c
fff7
fff7
000c
0006
fff3
ffff
000e
fffd
fff3
0007
000b
fff6
fff9
000d
0003
fff3
0001
000d
fffb
fff5
0009
0008
fff4
fffb
000d
0001
fff3
0003
000c
fff9
fff7
000a
0006
fff4
fffe
000d
fffe
fff4
0006
000a
fff7
fff9
000c
0003
fff3
0001
000c
fffb
fff6
0009
0008
fff5
fffc
000c
0000
fff4
0005
000b
fff8
fff8
000b
0004
fff4
0000
000c
fffc
fff5
0008
0008
fff5
fffc
000c
0000
fff4
0004
000b
fff8
fff8
000b
0004
fff4
0000
000c
fffb
fff5
0008
0008
fff5
fffc
000d
0000
fff4
0005
000b
fff7
fff9
000b
0003
fff3
0001
000c
fffa
fff6
0009
0006
fff4
fffe
000d
fffe
fff4
0007
000a
fff6
fffa
000d
0001
fff3
0003
000b
fff8
fff7
000b
0004
fff2
0000
000d
fffb
fff5
0009
0008
fff3
fffd
000e
fffe
fff3
0007
000a
fff5
fffa
000e
0001
fff2
0004
000d
fff7
fff7
000d
0004
fff2
0001
000e
fff9
fff5
000b
0007
fff2
fffe
000f
fffc
fff3
0009
000a
fff3
fffb
000f
ffff
fff1
0006
000c
fff4
fff8
000e
0002
fff1
0004
000e
fff6
fff6
000d
0005
fff0
0001
000f
fff9
fff4
000c
0007
fff1
ffff
0010
fffb
fff2
000b
000a
fff2
fffc
0010
fffe
fff1
0009
000c
fff3
fffa
0010
0000
fff0
0007
000d
fff4
fff8
000f
0002
fff0
0004
000f
fff6
fff6
000f
0004
fff0
0002
0010
fff7
fff4
000e
0006
fff0
0000
0010
fff9
fff3
000c
0008
fff0
fffe
0010
fffb
fff2
000b
000a
fff1
fffd
0011
fffc
fff1
000a
000b
fff2
fffb
0010
fffe
fff1
0009
000c
fff3
fffa
0010
ffff
fff0
0008
000d
fff3
fff9
0010
0000
fff0
0006
000d
fff4
fff8
000f
0001
fff0
0005
000e
fff5
fff7
000f
0002
fff0
0005
000e
fff6
fff7
000e
0003
fff0
0004
000e
fff6
fff6
000e
0003
fff0
0003
000e
fff6
fff6
000e
0004
fff1
0003
000e
fff7
fff6
000d
0004
fff1
0003
000e
fff7
fff6
000d
0004
fff1
0002
000e
fff8
fff6
000d
0004
fff2
0003
000d
fff8
fff7
000d
0004
fff2
0003
000d
fff7
fff7
000d
0003
fff2
0003
000d
fff7
fff7
000d
0003
fff2
0003
000c
fff7
fff8
000d
0002
fff2
0004
000c
fff7
fff9
000d
0001
fff2
0005
000b
fff6
fff9
000d
0000
fff3
0006
000b
fff5
fffa
000d
ffff
fff3
0007
000a
fff5
fffc
000d
fffe
fff4
0008
0009
fff4
fffd
000e
fffd
fff4
0009
0008
fff3
ffff
000d
fffb
fff5
000a
0006
fff3
0000
000d
fff9
fff6
000b
0004
fff3
0002
000c
fff8
fff8
000c
0002
fff2
0004
000b
fff6
fff9
000d
0000
fff3
0007
000a
fff4
fffc
000e
fffd
fff4
0009
0008
fff3
fffe
000e
fffb
fff5
000b
0006
fff2
0001
000d
fff8
fff7
000d
0003
fff2
0004
000c
fff6
fff9
000e
0000
fff2
0007
000a
fff4
fffc
000e
fffc
fff3
000a
0007
fff2
ffff
000e
fff9
fff5
000d
0004
fff1
0004
000d
fff6
fff8
000e
0000
fff1
0007
000b
fff3
fffc
000f
fffc
fff2
000b
0008
fff1
0000
000f
fff8
fff5
000e
0004
fff0
0005
000d
fff4
fff9
0010
ffff
fff1
0009
000b
fff1
fffd
0010
fffa
fff3
000d
0006
fff0
0002
000f
fff5
fff7
0010
0001
fff0
0008
000c
fff2
fffc
0011
fffc
fff1
000c
0008
ffef
0001
0010
fff6
fff5
0010
0002
ffef
0007
000d
fff2
fffa
0012
fffc
fff1
000c
0009
ffef
0001
0011
fff6
fff5
0010
0003
ffee
0007
000e
fff1
fffa
0011
fffc
fff0
000c
0008
ffee
0001
0011
fff6
fff5
0011
0002
ffef
0008
000d
fff1
fffb
0012
fffb
fff1
000d
0008
ffef
0002
0011
fff5
fff6
0011
0001
ffef
0009
000c
fff0
fffd
0012
fff9
fff2
000f
0006
ffef
0004
000f
fff3
fff8
0011
fffe
fff0
000b
000a
ffef
0000
0011
fff7
fff5
0010
0003
ffef
0007
000d
fff2
fffb
0011
fffb
fff2
000d
0006
ffef
0003
000f
fff4
fff8
0010
fffe
fff0
000a
0009
fff0
0000
0010
fff7
fff5
000f
0002
fff0
0007
000c
fff2
fffd
0010
fffb
fff4
000d
0005
fff0
0004
000d
fff4
fffa
000f
fffd
fff2
000b
0007
fff1
0001
000e
fff6
fff8
000e
0000
fff2
0009
0009
fff2
ffff
000e
fff8
fff6
000d
0001
fff2
0007
000a
fff3
fffd
000e
fffa
fff6
000c
0003
fff2
0005
000b
fff5
fffc
000e
fffc
fff5
000b
0004
fff3
0004
000b
fff5
fffb
000d
fffd
fff5
000a
0005
fff3
0003
000c
fff7
fffb
000d
fffe
fff5
0009
0005
fff3
0002
000b
fff7
fffa
000c
fffe
fff5
0009
0006
fff4
0002
000b
fff7
fffa
000c
fffe
fff5
0009
0006
fff4
0002
000b
fff7
fffb
000c
fffe
fff5
0009
0005
fff4
0003
000a
fff7
fffb
000c
fffd
fff6
0009
0004
fff4
0003
000a
fff6
fffc
000c
fffc
fff6
000a
0003
fff4
0004
0009
fff6
fffd
000c
fffb
fff7
000b
0002
fff4
0006
0008
fff5
ffff
000c
fff9
fff8
000c
0000
fff5
0008
0007
fff4
0001
000c
fff8
fffa
000c
fffe
fff5
0009
0005
fff3
0003
000a
fff6
fffc
000d
fffb
fff6
000b
0002
fff3
0006
0009
fff4
ffff
000c
fff9
fff8
000c
0000
fff4
0009
0007
fff3
0002
000c
fff6
fffb
000d
fffc
fff5
000b
0004
fff3
0005
000a
fff4
fffe
000d
fff9
fff7
000d
0000
fff3
0009
0007
fff2
0002
000c
fff5
fffb
000e
fffc
fff5
000c
0003
fff2
0006
000a
fff3
ffff
000e
fff8
fff8
000e
ffff
fff3
000a
0006
fff1
0004
000c
fff4
fffc
000f
fffa
fff5
000e
0001
fff1
0009
0009
fff1
0001
000e
fff5
fffa
000f
fffc
fff4
000d
0003
fff1
0007
000a
fff2
ffff
000f
fff6
fff8
000f
fffe
fff2
000c
0005
fff0
0006
000c
fff2
fffe
000f
fff8
fff6
000f
ffff
fff2
000b
0007
fff0
0004
000d
fff3
fffd
0010
fff9
fff6
000f
0000
fff1
000b
0008
fff1
0004
000d
fff3
fffc
0010
fff9
fff5
000e
0001
fff1
000a
0008
fff1
0003
000d
fff4
fffc
0010
fff9
fff6
000e
0001
fff2
000a
0008
fff1
0003
000d
fff4
fffc
000f
fff9
fff6
000e
0000
fff2
000a
0007
fff1
0004
000c
fff4
fffd
000f
fff9
fff7
000e
ffff
fff3
000a
0006
fff2
0005
000b
fff4
fffe
000e
fff8
fff8
000e
fffe
fff4
000b
0004
fff2
0006
000a
fff3
0000
000d
fff7
fffa
000d
fffc
fff5
000b
0002
fff3
0007
0008
fff3
0002
000c
fff6
fffc
000d
fffb
fff7
000c
0000
fff4
0009
0006
fff3
0004
000a
fff5
fffe
000c
fff9
fff9
000c
fffe
fff5
000a
0003
fff4
0006
0008
fff4
0001
000b
fff7
fffc
000c
fffb
fff7
000b
0000
fff5
0008
0005
fff4
0004
0009
fff5
ffff
000b
fff8
fffb
000c
fffd
fff7
000a
0002
fff5
0007
0006
fff4
0003
0009
fff6
fffe
000b
fff9
fffa
000b
fffe
fff7
000a
0002
fff5
0007
0007
fff5
0003
000a
fff7
fffe
000b
fffa
fffa
000b
fffe
fff7
000a
0002
fff5
0007
0006
fff5
0003
0009
fff6
ffff
000b
fff9
fffb
000c
fffd
fff7
000b
0001
fff5
0008
0005
fff4
0004
0008
fff5
0000
000b
fff7
fffc
000c
fffb
fff8
000b
ffff
fff5
0009
0003
fff4
0006
0007
fff4
0003
000a
fff6
fffe
000c
fff8
fffa
000c
fffc
fff7
000b
0000
fff4
0009
0004
fff3
0006
0008
fff4
0002
000b
fff5
fffd
000d
fff8
fff9
000d
fffc
fff6
000c
0000
fff4
000a
0005
fff3
0006
0009
fff3
0002
000c
fff5
fffe
000d
fff8
fff9
000e
fffb
fff6
000d
ffff
fff3
000b
0004
fff2
0007
0008
fff2
0003
000c
fff3
ffff
000e
fff6
fffb
000f
fff9
fff7
000e
fffe
fff3
000d
0002
fff1
000a
0007
fff1
0006
000b
fff1
0001
000d
fff3
fffd
000f
fff6
fff8
0010
fffa
fff5
000f
ffff
fff2
000d
0004
fff0
000a
0008
fff0
0005
000c
fff1
0001
000f
fff3
fffc
0010
fff7
fff8
0011
fffb
fff4
0010
ffff
fff1
000d
0004
fff0
000a
0008
ffef
0006
000c
fff0
0001
000e
fff2
fffd
0010
fff5
fff8
0011
fff9
fff5
0010
fffe
fff2
000e
0002
fff0
000b
0007
ffef
0008
000a
ffef
0003
000d
fff1
ffff
0010
fff4
fffb
0011
fff7
fff7
0011
fffb
fff4
0010
ffff
fff1
000e
0004
fff0
000b
0007
ffef
0007
000b
fff0
0003
000e
fff2
ffff
0010
fff4
fffb
0010
fff7
fff7
0010
fffb
fff4
000f
ffff
fff2
000d
0002
fff0
000b
0006
fff0
0008
0009
fff0
0004
000c
fff2
0000
000e
fff3
fffd
000f
fff6
fffa
0010
fff9
fff7
000f
fffc
fff4
000e
0000
fff2
000c
0003
fff1
000a
0006
fff1
0007
0009
fff1
0004
000b
fff2
0000
000d
fff4
fffd
000e
fff6
fffa
000e
fff9
fff8
000e
fffc
fff6
000d
ffff
fff4
000c
0002
fff3
000a
0004
fff2
0008
0007
fff2
0005
0009
fff3
0003
000b
fff4
0000
000c
fff5
fffd
000d
fff7
fffb
000d
fff9
fff8
000d
fffb
fff7
000d
fffe
fff5
000c
0000
fff4
000b
0003
fff3
0009
0005
fff3
0007
0007
fff3
0005
0009
fff3
0003
000a
fff4
0001
000c
fff5
fffe
000c
fff7
fffc
000d
fff8
fffa
000d
fffa
fff8
000d
fffc
fff7
000c
fffe
fff6
000b
0000
fff4
000a
0002
fff4
0009
0004
fff3
0008
0005
fff3
0006
0007
fff3
0005
0009
fff3
0003
000a
fff4
0001
000b
fff5
0000
000c
fff6
fffe
000d
fff7
fffc
000d
fff8
fffa
000d
fff9
fff9
000d
fffb
fff8
000d
fffc
fff6
000d
fffe
fff5
000c
ffff
fff4
000c
0001
fff4
000b
0003
fff3
000a
0004
fff2
0009
0005
fff2
0008
0007
fff2
0007
0008
fff2
0006
000a
fff2
0004
000b
fff2
0003
000b
fff3
0001
000c
fff3
0000
000d
fff4
fffe
000e
fff5
fffd
000e
fff6
fffc
000f
fff6
fffb
000f
fff7
fff9
000f
fff8
fff8
000f
fff9
fff7
000f
fffa
fff6
000f
fffc
fff5
000f
fffd
fff4
000f
fffe
fff3
000e
ffff
fff2
000e
0000
fff2
000e
0001
fff1
000d
0002
fff1
000c
0004
fff0
000c
0004
fff0
000b
0006
fff0
000a
0007
fff0
000a
0008
fff0
0009
0009
ffef
0008
0009
ffef
0007
000a
ffef
0006
000b
ffef
0005
000c
fff0
0005
000c
fff0
0004
000d
fff0
0003
000d
fff0
0002
000e
fff0
0001
000e
fff1
0001
000e
fff1
0000
000f
fff1
ffff
000f
fff2
ffff
000f
fff2
fffe
0010
fff3
fffe
0010
fff3
fffd
0010
fff3
fffd
0010
fff4
fffc
0010
fff4
fffc
0010
fff4
fffb
0010
fff5
fffb
0010
fff5
fffa
0010
fff5
fffa
0010
fff6
fffa
0010
fff6
fffa
0010
fff6
fff9
0010
fff7
fff9
0010
fff7
fff9
0010
fff7
fff9
0010
fff7
fff9
0010
fff7
fff9
0010
fff7
fff9
0010
fff8
fff9
000f
fff8
fff9
000f
fff8
fff9
000f
fff8
fff9
000f
fff8
fff9
000f
fff8
fff9
000f
fff8
fff9
000f
fff8
fff9
000e
fff8
fffa
000e
fff8
fffa
000e
fff8
fffa
000e
fff8
fffa
000e
fff7
fffb
000e
fff7
fffb
000e
fff7
fffb
000e
fff7
fffc
000d
fff7
fffc
000d
fff7
fffc
000d
fff6
fffd
000d
fff6
fffd
000c
fff6
fffe
000c
fff5
fffe
000c
fff5
ffff
000c
fff5
ffff
000c
fff5
0000
000b
fff5
0001
000b
fff5
0001
000b
fff4
0002
000a
fff4
0002
0009
fff4
0003
0009
fff4
0004
0008
fff3
0004
0008
fff3
0005
0007
fff3
0006
0006
fff3
0007
0006
fff3
0007
0005
fff3
0008
0004
fff4
0009
0003
fff4
0009
0002
fff4
000a
0001
fff4
000b
0000
fff5
000c
ffff
fff6
000c
fffe
fff6
000c
fffd
fff7
000d
fffb
fff8
000d
fffa
fff9
000d
fff9
fffa
000d
fff8
fffb
000d
fff7
fffd
000d
fff6
fffe
000c
fff5
ffff
000c
fff4
0001
000b
fff3
0003
000a
fff3
0004
0009
fff2
0006
0008
fff2
0007
0006
fff2
0009
0005
fff2
000a
0003
fff3
000b
0002
fff3
000d
0000
fff4
000d
fffe
fff5
000e
fffc
fff6
000f
fffa
fff8
000f
fff8
fffa
000f
fff6
fffc
000f
fff5
fffe
000e
fff3
0000
000d
fff2
0002
000c
fff1
0004
000b
fff0
0006
0009
fff0
0008
0007
fff0
000a
0004
fff0
000c
0002
fff1
000e
0000
fff2
000f
fffd
fff4
0010
fffa
fff6
0011
fff8
fff8
0011
fff6
fffa
0011
fff3
fffd
0010
fff2
0000
000f
fff0
0003
000d
ffef
0006
000b
ffee
0008
0008
ffee
000b
0006
ffef
000d
0003
fff0
000f
ffff
fff2
0011
fffc
fff3
0011
fff9
fff6
0012
fff6
fff9
0012
fff4
fffc
0011
fff1
ffff
000f
fff0
0003
000d
ffef
0006
000b
ffee
0009
0008
ffee
000c
0005
ffef
000e
0001
fff0
0010
fffe
fff2
0011
fffa
fff5
0012
fff7
fff8
0012
fff4
fffb
0011
fff2
ffff
000f
fff0
0002
000d
ffef
0006
000a
ffee
0009
0007
ffef
000c
0004
fff0
000e
0000
fff1
0010
fffc
fff4
0011
fff9
fff7
0011
fff6
fffa
0010
fff3
fffe
000f
fff1
0002
000d
fff0
0005
000a
ffef
0009
0007
fff0
000c
0003
fff1
000e
ffff
fff3
000f
fffb
fff5
0010
fff8
fff9
0010
fff5
fffc
000f
fff3
0000
000d
fff1
0004
000a
fff0
0007
0007
fff0
000a
0004
fff2
000d
0000
fff4
000f
fffd
fff6
000f
fff9
fff9
000f
fff6
fffd
000e
fff3
0000
000c
fff2
0004
0009
fff1
0008
0006
fff2
000b
0002
fff3
000d
fffe
fff5
000e
fffb
fff8
000e
fff8
fffc
000e
fff5
ffff
000c
fff3
0003
0009
fff2
0007
0006
fff2
000a
0003
fff3
000c
ffff
fff6
000d
fffb
fff8
000e
fff7
fffc
000d
fff5
0000
000b
fff3
0004
0009
fff3
0008
0005
fff3
000a
0001
fff4
000c
fffd
fff7
000d
fff9
fffa
000d
fff6
fffe
000c
fff4
0003
0009
fff3
0006
0006
fff3
000a
0002
fff4
000c
fffe
fff7
000d
fffa
fffa
000d
fff6
fffe
000c
fff4
0003
0009
fff2
0007
0005
fff2
000a
0001
fff4
000d
fffd
fff7
000e
fff9
fffb
000d
fff5
0000
000b
fff3
0004
0008
fff2
0008
0004
fff3
000c
ffff
fff5
000e
fffa
fff9
000e
fff6
fffd
000d
fff3
0002
000a
fff2
0007
0006
fff2
000b
0001
fff4
000e
fffc
fff7
000e
fff7
fffc
000d
fff3
0001
000b
fff1
0007
0007
fff1
000b
0002
fff3
000e
fffc
fff7
000f
fff7
fffc
000e
fff3
0001
000c
fff1
0007
0007
fff1
000c
0002
fff3
000f
fffc
fff7
0010
fff6
fffc
000f
fff2
0002
000b
fff0
0008
0006
fff1
000c
0000
fff3
000f
fffa
fff8
0010
fff5
fffd
000e
fff1
0004
000a
fff0
000a
0005
fff1
000e
fffe
fff4
0010
fff8
fff9
0010
fff3
0000
000d
fff0
0006
0008
fff0
000c
0002
fff2
000f
fffc
fff6
0010
fff6
fffc
000f
fff2
0003
000b
fff0
0009
0005
fff1
000e
ffff
fff4
0010
fff8
fff9
0010
fff3
0000
000d
fff0
0007
0007
fff0
000c
0001
fff3
0010
fffa
fff8
0010
fff5
fffe
000e
fff1
0005
0009
fff0
000b
0003
fff2
000f
fffc
fff6
0010
fff6
fffd
000e
fff2
0003
000a
fff0
0009
0004
fff2
000e
fffd
fff6
000f
fff7
fffc
000e
fff3
0002
000a
fff1
0009
0004
fff2
000d
fffe
fff6
000f
fff7
fffc
000e
fff3
0002
000a
fff1
0008
0004
fff3
000d
fffe
fff6
000e
fff8
fffc
000d
fff3
0002
0009
fff2
0008
0004
fff3
000c
fffd
fff7
000e
fff7
fffd
000c
fff3
0003
0008
fff2
0009
0003
fff4
000d
fffc
fff9
000e
fff7
fffe
000b
fff3
0004
0007
fff3
0009
0001
fff5
000c
fffb
fffa
000d
fff6
0000
000a
fff3
0006
0005
fff4
000a
ffff
fff7
000d
fff9
fffc
000c
fff5
0002
0008
fff4
0008
0003
fff5
000c
fffc
fff9
000c
fff7
ffff
000a
fff4
0005
0005
fff4
000a
ffff
fff7
000c
fff9
fffc
000b
fff5
0002
0008
fff4
0008
0002
fff5
000c
fffc
fffa
000c
fff7
0000
0009
fff4
0006
0004
fff5
000b
fffe
fff8
000c
fff8
fffe
000b
fff4
0005
0006
fff4
000a
ffff
fff7
000c
fff9
fffd
000b
fff5
0003
0007
fff3
0009
0001
fff6
000c
fffa
fffb
000c
fff5
0002
0008
fff3
0009
0002
fff5
000d
fffb
fffb
000d
fff5
0002
0009
fff3
0009
0002
fff5
000d
fffb
fffa
000d
fff5
0002
0009
fff3
0009
0003
fff4
000d
fffb
fffa
000d
fff4
0001
0009
fff2
0009
0002
fff4
000d
fffa
fffa
000e
fff4
0002
0009
fff1
000a
0002
fff4
000e
fff9
fffa
000e
fff3
0003
0009
fff1
000b
0001
fff4
000f
fff8
fffc
000e
fff2
0004
0008
fff1
000c
ffff
fff5
0010
fff7
fffd
000e
fff1
0006
0007
fff1
000e
fffe
fff6
0010
fff5
ffff
000d
fff0
0008
0005
fff1
000f
fffb
fff7
0010
fff3
0001
000c
ffef
000b
0003
fff2
0010
fff9
fffa
0010
fff1
0004
0009
ffef
000d
ffff
fff3
0011
fff6
fffd
000f
fff0
0007
0007
fff0
000f
fffc
fff6
0011
fff3
0000
000d
ffef
000b
0003
fff1
0011
fff9
fffa
0011
fff1
0005
000a
ffef
000e
ffff
fff4
0011
fff5
fffd
000e
ffef
0008
0006
fff0
0010
fffb
fff7
0011
fff2
0002
000b
ffef
000c
0001
fff3
0011
fff6
fffc
000f
fff0
0007
0007
fff0
000f
fffc
fff7
0011
fff3
0001
000c
ffef
000b
0001
fff2
0010
fff7
fffc
000f
fff0
0007
0007
fff0
000f
fffc
fff7
0010
fff3
0002
000b
fff0
000b
0001
fff4
0010
fff7
fffd
000e
fff1
0007
0006
fff1
000f
fffb
fff8
000f
fff3
0003
0009
fff0
000c
ffff
fff5
000f
fff6
fffe
000c
fff1
0008
0004
fff3
000e
fff9
fffb
000e
fff2
0005
0007
fff2
000d
fffd
fff8
000f
fff5
0001
000a
fff2
000a
0001
fff5
000e
fff7
fffe
000c
fff2
0008
0004
fff4
000d
fffa
fffb
000d
fff4
0005
0006
fff3
000c
fffd
fff9
000d
fff5
0002
0008
fff3
000a
ffff
fff7
000d
fff7
0000
000a
fff3
0008
0002
fff6
000d
fff9
fffd
000b
fff3
0006
0004
fff5
000c
fffa
fffc
000c
fff4
0005
0005
fff4
000b
fffc
fffa
000c
fff5
0003
0007
fff4
000b
fffe
fff9
000c
fff6
0002
0007
fff3
000a
ffff
fff8
000c
fff7
0001
0008
fff3
0009
0000
fff7
000d
fff7
0000
0009
fff3
0009
0001
fff7
000d
fff8
ffff
0009
fff3
0008
0001
fff6
000c
fff8
ffff
000a
fff3
0008
0002
fff6
000d
fff8
fffe
000a
fff3
0008
0002
fff6
000d
fff8
fffe
000a
fff3
0008
0002
fff6
000d
fff8
fffe
000a
fff3
0008
0001
fff6
000d
fff8
ffff
000a
fff3
0009
0001
fff6
000e
fff7
0000
000a
fff2
000a
0000
fff6
000e
fff6
0000
000a
fff2
000a
ffff
fff7
000e
fff5
0001
0009
fff2
000c
fffe
fff7
000e
fff4
0003
0008
fff2
000c
fffd
fff8
000e
fff3
0004
0007
fff2
000e
fffb
fffa
000e
fff2
0006
0006
fff2
000e
fff9
fffb
000e
fff1
0008
0004
fff2
000f
fff7
fffd
000d
fff0
000a
0002
fff4
0010
fff5
ffff
000c
fff0
000c
ffff
fff5
0010
fff3
0002
000a
fff0
000e
fffd
fff7
0010
fff2
0005
0008
fff0
0010
fffa
fffa
0010
fff0
0008
0005
fff1
0011
fff7
fffd
000e
ffef
000b
0002
fff3
0011
fff4
0000
000c
ffef
000d
fffe
fff6
0011
fff2
0004
0009
ffef
0010
fffa
fff9
0010
ffef
0007
0005
fff0
0011
fff7
fffd
000e
ffee
000b
0001
fff3
0012
fff3
0001
000b
ffee
000e
fffd
fff6
0011
fff1
0005
0008
fff0
0010
fff9
fffb
000f
ffef
0009
0003
fff2
0011
fff5
ffff
000c
ffef
000d
fffe
fff6
0011
fff2
0004
0008
fff0
0010
fffa
fffa
000f
fff0
0009
0003
fff2
0011
fff5
ffff
000c
ffef
000c
fffe
fff6
0010
fff2
0005
0008
fff1
0010
fff9
fffb
000e
fff0
0009
0002
fff3
0010
fff5
0001
000b
fff0
000d
fffd
fff8
000f
fff2
0006
0006
fff2
000f
fff7
fffd
000d
fff0
000b
0000
fff6
0010
fff4
0003
0008
fff1
000e
fffa
fffb
000d
fff1
0008
0002
fff4
000f
fff5
0001
0009
fff1
000d
fffc
fff9
000e
fff2
0007
0004
fff4
000f
fff7
ffff
000a
fff1
000c
fffe
fff8
000e
fff3
0006
0005
fff3
000e
fff8
fffe
000b
fff2
000b
fffe
fff8
000e
fff3
0005
0005
fff3
000e
fff8
fffe
000b
fff2
000a
fffe
fff8
000e
fff3
0005
0005
fff3
000e
fff8
fffe
000a
fff2
000b
fffe
fff8
000d
fff3
0005
0004
fff4
000e
fff7
ffff
000a
fff2
000b
fffd
fff9
000d
fff3
0007
0003
fff5
000e
fff6
0001
0009
fff2
000c
fffb
fffb
000c
fff2
0008
0001
fff6
000e
fff5
0003
0007
fff3
000d
fff9
fffd
000b
fff2
000a
ffff
fff8
000e
fff3
0006
0004
fff4
000e
fff7
0000
0009
fff2
000c
fffb
fffa
000d
fff2
0009
0001
fff6
000f
fff4
0004
0006
fff3
000e
fff8
fffe
000b
fff1
000c
fffd
fff9
000e
fff2
0008
0002
fff5
000f
fff4
0003
0007
fff2
000e
fff8
fffd
000c
fff1
000c
fffd
fff9
000f
fff1
0008
0003
fff4
0010
fff4
0003
0008
fff1
000f
fff8
fffe
000c
fff0
000d
fffc
fff9
000f
fff1
0009
0002
fff4
0010
fff3
0004
0007
fff1
0010
fff6
ffff
000b
fff0
000e
fffb
fffa
000e
fff0
000b
0000
fff5
0010
fff1
0006
0005
fff2
0011
fff4
0002
000a
fff0
0010
fff8
fffd
000d
ffef
000d
fffd
fff8
0010
fff0
0009
0002
fff4
0011
fff2
0005
0007
fff1
0011
fff5
0001
000b
fff0
000f
fff9
fffc
000e
ffef
000d
fffd
fff7
0010
fff0
0009
0002
fff4
0011
fff2
0005
0006
fff1
0011
fff5
0001
000a
fff0
000f
fff8
fffc
000d
ffef
000d
fffc
fff8
000f
ffef
000a
0000
fff5
0010
fff1
0007
0004
fff3
0011
fff4
0003
0008
fff1
0010
fff6
ffff
000b
fff0
000e
fffa
fffb
000e
fff0
000c
fffe
fff8
000f
fff0
0009
0001
fff5
0010
fff2
0006
0004
fff3
0010
fff4
0003
0007
fff2
0010
fff6
0000
000a
fff1
000e
fff9
fffd
000c
fff0
000c
fffc
fffa
000e
fff1
000a
ffff
fff7
000f
fff2
0008
0002
fff5
000f
fff3
0006
0004
fff4
000f
fff5
0003
0007
fff2
000f
fff7
0000
0009
fff2
000e
fff9
fffe
000b
fff1
000c
fffb
fffc
000c
fff1
000b
fffd
fffa
000d
fff2
000a
ffff
fff8
000e
fff2
0008
0001
fff6
000e
fff3
0006
0003
fff5
000e
fff4
0004
0005
fff4
000e
fff5
0002
0006
fff3
000e
fff7
0001
0008
fff3
000d
fff8
ffff
0009
fff2
000d
fff9
fffe
000a
fff2
000c
fffa
fffc
000b
fff2
000b
fffc
fffb
000c
fff2
000b
fffd
fffa
000d
fff2
000a
fffe
fff9
000d
fff2
0009
ffff
fff8
000d
fff2
0008
0000
fff7
000e
fff3
0008
0001
fff7
000e
fff3
0007
0002
fff6
000e
fff3
0006
0002
fff6
000e
fff3
0006
0003
fff5
000f
fff4
0006
0004
fff5
000f
fff4
0005
0004
fff4
000f
fff4
0005
0004
fff4
000f
fff4
0005
0005
fff4
000f
fff4
0004
0005
fff3
000f
fff4
0004
0005
fff4
000f
fff4
0005
0005
fff4
0010
fff4
0005
0005
fff3
0010
fff3
0005
0005
fff3
0010
fff3
0005
0005
fff3
0010
fff3
0005
0004
fff3
0010
fff2
0006
0004
fff3
0010
fff2
0006
0003
fff4
0010
fff2
0007
0003
fff4
0010
fff1
0008
0002
fff4
0010
fff1
0008
0001
fff5
0010
fff0
0009
0001
fff6
0010
fff0
000a
0000
fff6
0010
fff0
000b
ffff
fff7
0010
ffef
000c
fffd
fff8
000f
ffef
000d
fffc
fff9
000f
ffef
000e
fffb
fffb
000e
ffef
000f
fffa
fffc
000d
ffef
000f
fff8
fffe
000c
ffef
0010
fff7
ffff
000b
ffef
0010
fff6
0001
0009
fff0
0011
fff4
0002
0008
fff1
0011
fff3
0004
0006
fff2
0011
fff2
0006
0004
fff3
0011
fff1
0007
0002
fff4
0011
fff0
0009
0000
fff6
0010
fff0
000b
fffe
fff8
000f
ffef
000c
fffc
fffa
000e
ffef
000e
fffa
fffc
000c
fff0
000e
fff8
fffe
000a
fff0
000f
fff6
0001
0009
fff2
0010
fff5
0003
0006
fff3
0010
fff3
0005
0004
fff4
0010
fff2
0008
0002
fff6
000f
fff2
000a
ffff
fff9
000e
fff1
000b
fffd
fffb
000c
fff1
000c
fffa
fffd
000a
fff2
000e
fff8
0000
0008
fff3
000e
fff6
0002
0006
fff4
000e
fff4
0005
0003
fff6
000e
fff3
0007
0000
fff8
000d
fff3
000a
fffe
fffb
000b
fff2
000b
fffb
fffd
0009
fff3
000c
fff9
0000
0007
fff4
000d
fff6
0003
0004
fff5
000d
fff5
0006
0002
fff8
000c
fff4
0008
ffff
fffa
000b
fff3
000a
fffc
fffd
0009
fff4
000b
fff9
0000
0007
fff5
000c
fff7
0003
0004
fff6
000c
fff5
0006
0001
fff9
000b
fff4
0009
fffd
fffc
000a
fff4
000b
fffa
ffff
0008
fff5
000c
fff8
0003
0004
fff6
000c
fff5
0006
0001
fff9
000c
fff4
0009
fffd
fffc
000a
fff4
000b
fffa
ffff
0007
fff4
000c
fff7
0003
0004
fff7
000c
fff5
0007
0000
fffa
000b
fff4
000a
fffc
fffe
0009
fff4
000c
fff8
0002
0005
fff6
000d
fff5
0006
0001
fff8
000c
fff3
0009
fffc
fffc
000a
fff3
000c
fff8
0001
0006
fff4
000d
fff5
0006
0001
fff8
000d
fff3
000a
fffd
fffc
000a
fff3
000d
fff8
0001
0006
fff4
000e
fff4
0006
0001
fff8
000d
fff2
000b
fffc
fffd
000a
fff2
000e
fff7
0002
0005
fff4
000e
fff3
0008
0000
fff8
000d
fff1
000c
fffa
fffe
0009
fff2
000f
fff5
0004
0004
fff5
000f
fff1
000a
fffe
fffa
000d
fff1
000e
fff8
0001
0008
fff2
0010
fff3
0007
0001
fff7
000f
fff0
000d
fffa
fffd
000b
fff1
0010
fff4
0004
0004
fff4
0010
fff0
000b
fffd
fffa
000d
fff0
000f
fff6
0002
0007
fff2
0011
fff1
0009
0000
fff7
000f
ffef
000e
fff8
ffff
0009
fff0
0011
fff2
0007
0002
fff6
0010
ffef
000d
fffa
fffd
000b
fff0
0011
fff3
0005
0004
fff4
0010
ffef
000c
fffc
fffb
000d
ffef
0010
fff5
0004
0006
fff3
0011
fff0
000b
fffd
fffa
000d
ffef
0010
fff5
0002
0006
fff3
0011
fff1
000a
fffe
fff9
000d
ffef
000f
fff6
0002
0007
fff2
0010
fff1
0009
fffe
fff9
000d
fff0
000f
fff7
0002
0007
fff3
0010
fff1
0009
fffe
fff9
000d
fff0
000f
fff7
0002
0006
fff3
0010
fff1
000a
fffe
fffa
000c
fff1
000e
fff6
0002
0005
fff4
000f
fff2
000a
fffd
fffb
000b
fff1
000e
fff6
0004
0004
fff5
000e
fff2
000b
fffc
fffd
000a
fff2
000e
fff5
0005
0003
fff7
000d
fff2
000b
fffa
fffe
0008
fff3
000e
fff4
0006
0000
fff8
000c
fff2
000c
fff9
0000
0006
fff5
000e
fff4
0008
fffe
fffb
000b
fff3
000d
fff7
0003
0004
fff7
000d
fff3
000a
fffc
fffe
0008
fff4
000d
fff5
0006
0001
fff9
000b
fff3
000b
fff9
0001
0005
fff5
000d
fff4
0008
fffd
fffc
0009
fff4
000c
fff6
0004
0002
fff8
000c
fff3
000b
fffa
0000
0006
fff6
000d
fff5
0008
fffe
fffc
0009
fff4
000c
fff7
0004
0002
fff8
000c
fff3
000b
fffa
0001
0006
fff6
000d
fff4
0008
fffd
fffd
0009
fff4
000d
fff6
0006
0001
fffa
000b
fff3
000c
fff8
0002
0004
fff7
000c
fff3
000a
fffb
ffff
0007
fff5
000d
fff4
0008
fffe
fffc
000a
fff3
000d
fff6
0005
0001
fff9
000c
fff3
000c
fff8
0003
0004
fff6
000d
fff2
000b
fffa
0000
0006
fff5
000e
fff3
0009
fffd
fffd
0009
fff3
000e
fff4
0007
ffff
fffa
000b
fff2
000e
fff5
0005
0002
fff8
000d
fff2
000d
fff7
0003
0004
fff6
000e
fff1
000c
fff9
0000
0006
fff4
000f
fff2
000b
fffb
fffe
0008
fff3
000f
fff2
0009
fffd
fffc
000a
fff1
000f
fff3
0008
ffff
fffa
000c
fff1
0010
fff4
0007
0001
fff8
000d
fff0
000f
fff5
0005
0002
fff7
000e
fff0
000f
fff6
0003
0004
fff5
000f
fff0
000e
fff7
0002
0006
fff4
0010
fff0
000d
fff9
0000
0007
fff3
0010
fff0
000d
fffa
ffff
0008
fff2
0010
fff0
000c
fffb
fffe
0009
fff2
0011
fff1
000b
fffc
fffd
000a
fff1
0011
fff1
000a
fffd
fffc
000b
fff1
0010
fff1
000a
fffd
fffb
000b
fff1
0010
fff2
0009
fffe
fffb
000b
fff1
0010
fff2
0008
fffe
fffa
000b
fff1
0010
fff3
0008
ffff
fffa
000c
fff1
0010
fff3
0008
ffff
fffa
000c
fff1
000f
fff3
0008
ffff
fffa
000b
fff1
000f
fff3
0008
ffff
fffb
000b
fff2
000f
fff3
0008
ffff
fffb
000b
fff2
000f
fff4
0008
fffe
fffc
000a
fff3
000e
fff4
0008
fffe
fffc
0009
fff3
000e
fff3
0008
fffd
fffd
0009
fff4
000e
fff4
0009
fffd
fffe
0008
fff4
000d
fff4
0009
fffc
ffff
0007
fff5
000d
fff4
000a
fffb
0000
0006
fff6
000c
fff4
000a
fffa
0000
0005
fff7
000c
fff3
000a
fff9
0002
0003
fff8
000b
fff4
000b
fff8
0003
0002
fff9
000a
fff4
000b
fff7
0004
0001
fffa
0009
fff4
000b
fff6
0005
ffff
fffc
0008
fff5
000b
fff6
0007
fffe
fffe
0007
fff6
000c
fff5
0008
fffc
ffff
0005
fff7
000b
fff5
0009
fffa
0001
0003
fff8
000a
fff5
000a
fff8
0004
0001
fffa
0009
fff5
000b
fff7
0006
ffff
fffc
0007
fff6
000b
fff6
0007
fffc
ffff
0005
fff7
000b
fff5
0009
fffa
0002
0003
fff9
000a
fff5
000b
fff8
0004
0000
fffb
0008
fff5
000b
fff6
0007
fffd
fffe
0006
fff6
000b
fff4
0009
fffa
0001
0003
fff8
000a
fff4
000b
fff7
0005
0000
fffc
0009
fff5
000c
fff5
0008
fffc
ffff
0006
fff7
000c
fff4
000b
fff8
0003
0002
fff9
000a
fff4
000c
fff5
0007
fffd
fffd
0007
fff5
000d
fff3
000a
fff9
0002
0003
fff8
000c
fff3
000d
fff5
0006
ffff
fffc
0009
fff4
000e
fff3
000a
fffa
0001
0004
fff7
000d
fff2
000d
fff5
0006
ffff
fffb
000a
fff3
000e
fff2
000b
fffa
0001
0005
fff6
000d
fff1
000e
fff5
0007
ffff
fffc
000a
fff3
000f
fff2
000c
fff9
0002
0004
fff6
000d
fff1
000f
fff4
0008
fffe
fffc
0009
fff3
0010
fff1
000d
fff7
0003
0003
fff7
000d
fff0
0010
fff2
000a
fffc
fffe
0008
fff3
0010
fff0
000e
fff6
0005
0001
fff9
000c
fff1
0010
fff1
000b
fffa
0000
0006
fff5
000f
fff0
0010
fff3
0008
fffe
fffc
000a
fff2
0010
fff0
000e
fff7
0004
0003
fff8
000d
fff0
0010
fff2
000b
fffb
ffff
0007
fff4
000f
fff0
000f
fff4
0007
ffff
fffb
000a
fff2
0010
fff0
000d
fff7
0004
0002
fff8
000d
fff1
0010
fff2
000b
fffa
0000
0006
fff5
000e
fff0
000f
fff4
0008
fffd
fffd
0008
fff4
000f
fff1
000d
fff6
0005
0000
fffa
000a
fff2
000f
fff2
000c
fff8
0003
0003
fff8
000c
fff2
000f
fff3
000a
fffb
0000
0005
fff6
000d
fff2
000e
fff4
0008
fffd
fffe
0006
fff5
000d
fff2
000d
fff6
0006
ffff
fffc
0008
fff5
000d
fff3
000c
fff7
0004
0000
fffb
0009
fff4
000d
fff3
000a
fff9
0003
0002
fffa
000a
fff4
000d
fff4
000a
fffa
0002
0003
fff9
000a
fff4
000c
fff5
0009
fffb
0001
0003
fff9
000a
fff4
000c
fff5
0008
fffc
0000
0004
fff9
000a
fff4
000c
fff6
0008
fffc
0000
0004
fff8
000a
fff4
000b
fff6
0007
fffc
0000
0004
fff9
000a
fff5
000c
fff6
0008
fffc
0000
0004
fff9
000a
fff5
000b
fff6
0008
fffb
0001
0003
fff9
0009
fff5
000b
fff5
0008
fffb
0001
0002
fffa
0009
fff5
000c
fff5
0009
fffa
0003
0002
fffb
0008
fff6
000c
fff5
000a
fff9
0004
0000
fffc
0007
fff6
000b
fff4
000b
fff7
0005
fffe
fffe
0006
fff7
000b
fff4
000c
fff6
0007
fffd
0000
0004
fff8
000a
fff4
000c
fff5
0009
fffa
0002
0002
fffa
0009
fff5
000d
fff4
000b
fff8
0004
ffff
fffc
0007
fff5
000c
fff3
000c
fff6
0007
fffd
ffff
0005
fff8
000c
fff3
000e
fff4
000a
fff9
0002
0002
fffa
000a
fff3
000e
fff2
000c
fff6
0006
fffe
fffd
0007
fff5
000d
fff2
000e
fff3
000a
fffa
0001
0003
fff8
000b
fff2
000f
fff1
000d
fff6
0006
ffff
fffc
0008
fff4
000e
fff0
000f
fff2
000a
fffa
0001
0004
fff8
000c
fff1
0010
fff0
000e
fff5
0006
fffe
fffc
0008
fff4
000f
ffef
0010
fff2
000b
fff9
0002
0003
fff8
000c
fff1
0011
ffef
000f
fff4
0008
fffd
fffe
0007
fff5
000f
ffef
0011
fff0
000d
fff7
0004
0001
fffa
000b
fff2
0011
ffef
0011
fff2
000b
fffa
0001
0005
fff7
000d
fff0
0012
ffef
000f
fff4
0008
fffd
fffd
0008
fff4
000f
ffef
0012
fff0
000e
fff6
0005
0000
fffb
000a
fff2
0011
ffee
0011
fff1
000c
fff9
0002
0003
fff8
000c
fff1
0011
ffee
0010
fff2
000a
fffb
0000
0005
fff6
000d
fff0
0011
ffef
000f
fff4
0008
fffd
fffe
0007
fff5
000e
fff0
0011
fff0
000e
fff5
0007
fffe
fffd
0008
fff4
000e
fff0
0011
fff0
000d
fff6
0005
ffff
fffc
0008
fff4
000f
fff0
0010
fff1
000d
fff7
0005
0000
fffc
0009
fff4
000e
fff0
0010
fff2
000c
fff7
0004
0000
fffc
0008
fff4
000e
fff1
000f
fff2
000c
fff7
0004
0000
fffc
0008
fff5
000e
fff1
000f
fff2
000c
fff7
0005
ffff
fffd
0007
fff6
000d
fff2
000f
fff2
000c
fff7
0006
fffe
fffe
0006
fff7
000c
fff2
000f
fff2
000d
fff6
0007
fffd
ffff
0005
fff8
000b
fff3
000e
fff2
000d
fff5
0008
fffb
0001
0003
fffa
000a
fff4
000d
fff2
000d
fff4
0009
fff9
0003
0000
fffc
0008
fff6
000c
fff3
000e
fff3
000b
fff7
0006
fffe
ffff
0005
fff8
000b
fff4
000e
fff3
000d
fff5
0008
fffb
0002
0002
fffb
0008
fff5
000d
fff3
000e
fff4
000b
fff8
0005
fffe
fffe
0005
fff8
000b
fff3
000d
fff2
000d
fff5
0009
fffa
0002
0001
fffb
0008
fff6
000c
fff3
000e
fff3
000c
fff6
0007
fffd
0000
0004
fffa
000a
fff4
000e
fff2
000e
fff3
000b
fff8
0005
fffe
fffe
0005
fff8
000b
fff3
000e
fff2
000e
fff4
000a
fff9
0004
ffff
fffd
0006
fff6
000c
fff2
000f
fff1
000e
fff4
000a
fff9
0003
0000
fffc
0007
fff6
000d
fff2
000f
fff1
000e
fff4
000a
fff9
0003
0001
fffc
0008
fff5
000d
fff1
000f
fff0
000e
fff3
000a
fff9
0004
0001
fffc
0008
fff5
000d
fff1
0010
fff0
000f
fff3
000b
fff8
0004
ffff
fffc
0007
fff6
000d
fff1
0010
fff0
0010
fff2
000c
fff7
0006
fffe
fffe
0006
fff7
000c
fff2
0010
fff0
0010
fff1
000d
fff6
0007
fffc
0000
0004
fff8
000b
fff2
000f
fff0
0010
fff0
000e
fff4
0009
fffa
0002
0002
fffb
0009
fff4
000e
fff0
0010
fff0
000f
fff2
000b
fff8
0005
ffff
fffd
0006
fff7
000c
fff2
0010
fff0
0010
fff1
000d
fff5
0007
fffb
0001
0003
fffa
0009
fff4
000e
fff1
0010
fff0
000f
fff3
000b
fff8
0004
ffff
fffe
0006
fff7
000b
fff3
000f
fff1
000f
fff2
000d
fff5
0008
fffb
0002
0001
fffb
0008
fff6
000c
fff2
000f
fff1
000e
fff3
000b
fff7
0006
fffd
0000
0003
fffa
0009
fff5
000d
fff2
000e
fff2
000d
fff4
000a
fff9
0005
fffe
ffff
0004
fff9
0009
fff5
000c
fff3
000d
fff3
000c
fff5
0009
fffa
0004
ffff
fffe
0004
fff9
0009
fff5
000c
fff3
000d
fff3
000b
fff6
0008
fffa
0003
ffff
fffe
0004
fffa
0009
fff6
000b
fff4
000c
fff4
000b
fff6
0008
fffa
0004
ffff
ffff
0003
fffa
0008
fff7
000b
fff5
000c
fff4
000b
fff6
0009
fff9
0005
fffd
0000
0002
fffc
0006
fff8
000a
fff5
000b
fff4
000b
fff5
000a
fff8
0006
fffb
0002
0000
fffe
0004
fffa
0008
fff6
000b
fff5
000c
fff5
000b
fff6
0008
fff9
0005
fffd
0001
0002
fffc
0006
fff8
0009
fff6
000b
fff5
000c
fff5
000b
fff7
0008
fffa
0004
fffe
0000
0002
fffb
0006
fff8
000a
fff5
000c
fff4
000c
fff5
000b
fff6
0008
fffa
0004
fffe
0000
0002
fffc
0006
fff8
000a
fff5
000c
fff4
000c
fff4
000b
fff5
0009
fff8
0005
fffc
0001
0001
fffd
0005
fff9
0009
fff6
000c
fff4
000d
fff3
000d
fff4
000b
fff6
0008
fffa
0004
fffe
ffff
0003
fffa
0007
fff6
000b
fff3
000d
fff2
000e
fff2
000d
fff4
000b
fff7
0007
fffb
0002
0000
fffe
0005
fff9
0009
fff5
000d
fff2
000f
fff1
000f
fff1
000e
fff3
000b
fff7
0007
fffb
0002
0001
fffd
0006
fff8
000a
fff4
000e
fff1
0010
fff0
0010
fff0
000f
fff2
000c
fff6
0008
fffb
0003
0000
fffe
0005
fff9
000a
fff4
000e
fff1
0010
ffef
0011
ffef
0010
fff1
000e
fff4
000a
fff8
0005
fffe
ffff
0003
fffa
0008
fff5
000d
fff1
0010
ffef
0012
ffee
0012
ffef
0010
fff2
000c
fff6
0008
fffb
0003
0000
fffd
0006
fff8
000b
fff3
000f
fff0
0011
ffee
0012
ffee
0012
ffef
000f
fff2
000c
fff7
0007
fffc
0001
0001
fffc
0007
fff7
000b
fff3
000f
ffef
0012
ffee
0012
ffee
0012
ffef
000f
fff2
000c
fff7
0007
fffb
0002
0001
fffd
0006
fff8
000b
fff4
000f
fff0
0011
ffef
0012
ffee
0012
ffef
0010
fff2
000c
fff5
0008
fffa
0003
ffff
fffe
0004
fffa
0008
fff5
000c
fff2
000f
fff0
0011
ffef
0011
ffef
0010
fff1
000e
fff4
000b
fff8
0007
fffc
0002
0001
fffd
0005
fff9
0009
fff5
000c
fff2
000f
fff0
0010
fff0
0010
fff0
000f
fff2
000d
fff4
000a
fff8
0006
fffc
0002
0000
fffe
0004
fffa
0008
fff6
000b
fff4
000d
fff2
000f
fff1
000f
fff1
000f
fff2
000d
fff4
000a
fff7
0007
fffb
0004
fffe
0000
0002
fffc
0006
fff9
0009
fff6
000b
fff4
000d
fff2
000e
fff2
000e
fff2
000e
fff3
000c
fff5
000a
fff8
0007
fffb
0003
fffe
0000
0002
fffd
0005
fffa
0008
fff7
000a
fff5
000c
fff3
000d
fff2
000e
fff2
000d
fff3
000c
fff5
000b
fff7
0008
fff9
0006
fffc
0003
ffff
ffff
0002
fffc
0005
fffa
0008
fff7
000a
fff5
000c
fff4
000d
fff3
000d
fff3
000d
fff3
000c
fff4
000b
fff6
0009
fff8
0007
fffb
0004
fffd
0001
0000
ffff
0003
fffc
0006
fff9
0008
fff7
000a
fff5
000c
fff4
000d
fff3
000e
fff3
000e
fff3
000d
fff4
000c
fff5
000a
fff7
0008
fff9
0006
fffb
0003
fffe
0001
0001
fffe
0004
fffb
0006
fff9
0009
fff6
000b
fff5
000c
fff3
000d
fff2
000e
fff2
000e
fff2
000e
fff2
000d
fff3
000c
fff5
000a
fff7
0008
fff9
0006
fffc
0003
fffe
0000
0001
fffe
0004
fffb
0006
fff8
0009
fff6
000b
fff4
000d
fff3
000e
fff2
000f
fff1
0010
fff1
0010
fff1
000f
fff2
000e
fff3
000d
fff4
000b
fff6
0009
fff8
0006
fffb
0004
fffd
0001
0000
ffff
0003
fffc
0006
fff9
0008
fff7
000a
fff5
000c
fff3
000e
fff2
000f
fff0
0010
fff0
0011
fff0
0010
fff0
0010
fff0
000f
fff1
000e
fff3
000c
fff5
000a
fff7
0008
fff9
0006
fffc
0003
fffe
0001
0001
fffe
0003
fffb
0006
fff9
0008
fff7
000a
fff5
000c
fff3
000e
fff2
000f
fff1
0010
fff0
0010
ffef
0011
ffef
0010
fff0
0010
fff0
000f
fff1
000e
fff3
000c
fff4
000b
fff6
0009
fff8
0007
fffa
0005
fffd
0002
ffff
0000
0001
fffe
0003
fffc
0006
fffa
0007
fff8
0009
fff6
000b
fff4
000c
fff3
000e
fff2
000f
fff1
000f
fff1
0010
fff1
0010
fff1
000f
fff1
000f
fff1
000e
fff2
000d
fff3
000c
fff5
000b
fff6
0009
fff7
0008
fff9
0006
fffb
0004
fffc
0002
fffe
0001
0000
ffff
0002
fffd
0004
fffc
0005
fffa
0007
fff9
0008
fff7
0009
fff6
000a
fff5
000b
fff4
000c
fff3
000d
fff3
000d
fff2
000d
fff2
000d
fff2
000d
fff3
000d
fff3
000d
fff4
000c
fff4
000c
fff5
000b
fff6
000a
fff7
0009
fff8
0008
fff9
0007
fffa
0006
fffb
0004
fffc
0003
fffd
0002
ffff
0001
0000
ffff
0001
fffe
0002
fffd
0004
fffc
0005
fffb
0006
fffa
0007
fff9
0007
fff8
0008
fff7
0009
fff6
000a
fff6
000a
fff5
000b
fff5
000b
fff5
000c
fff4
000c
fff4
000c
fff4
000c
fff4
000c
fff4
000c
fff4
000c
fff4
000c
fff4
000c
fff4
000c
fff4
000b
fff5
000b
fff5
000a
fff5
000a
fff6
000a
fff6
0009
fff7
0008
fff7
0008
fff8
0007
fff9
0007
fff9
0006
fffa
0006
fffb
0005
fffc
0005
fffc
0004
fffd
0003
fffd
0002
fffe
0002
fffe
0001
ffff
0000
0000
0000
0001
ffff
0001
ffff
0002
fffe
0002
fffd
0003
fffc
0003
fffc
0004
fffb
0005
fffb
0005
fffa
0006
fffa
0006
fff9
0007
fff9
0007
fff8
0008
fff8
0008
fff7
0009
fff7
0009
fff6
000a
fff6
000a
fff5
000b
fff6
0008
fff4
0008
fff5
000a
fff9
0014
0008
0027
001a
0039
0029
0041
0024
002f
0006
0009
ffdd
ffe5
ffc4
ffe1
ffda
0012
001e
0060
0067
0096
0079
0078
0028
fffd
ff92
ff64
ff12
ff1a
ff14
ff72
ffbb
0050
00ac
0126
0139
0144
00d2
005e
ff8b
feed
fe33
fdf7
fdde
fe69
ff17
0043
0147
0264
02ea
0329
028f
01a0
0009
fe83
fce4
fbfa
fb8e
fc43
fd9a
ffdc
0233
04a6
0635
06f0
060d
0401
0085
fc98
f874
f56b
f3d1
f4ce
f841
fea3
0705
1102
1b3e
2483
2b98
2f9f
300a
2ce2
26a5
1e73
15ae
0de9
0879
0671
084d
0df8
168f
20b2
2a8f
3261
3673
359a
2f3a
23a4
13dc
01a0
eef3
de0a
d0cf
c8c5
c690
ca0b
d223
dd41
e949
f420
fbc8
fef3
fd07
f667
ec22
e009
d433
caeb
c60b
c6e4
cdd6
da7d
eb8b
ff1e
12d1
2453
3194
3944
3ac8
3679
2d73
219b
151f
0a40
02cd
0016
0289
09cc
1494
2107
2ce3
360d
3aa3
397a
321b
2519
13c6
002c
ec89
db36
ce20
c6b6
c571
c9f9
d309
dedc
eb40
f611
fd60
fff0
fd58
f60c
eb49
dee3
d307
c9ed
c56c
c6b1
ce16
db15
ec60
0000
13a0
24eb
31ea
394f
3a94
3613
2cf9
211d
14b7
09f4
02a8
0010
02a0
09ef
14bd
2125
2cf6
360a
3a92
3956
31f0
24e6
1398
0000
ec68
db1a
ce10
c6aa
c56e
c9f6
d30a
dedb
eb43
f611
fd60
fff0
fd58
f60c
eb49
dee3
d307
c9ed
c56c
c6b1
ce16
db15
ec60
0000
13a0
24eb
31ea
394f
3a94
3613
2cf9
211d
14b7
09f4
02a8
0010
02a0
09ef
14bd
2125
2cf6
360a
3a92
3956
31f0
24e6
1398
0000
ec68
db1a
ce10
c6aa
c56e
c9f6
d30a
dedb
eb43
f611
fd60
fff0
fd58
f60c
eb49
dee3
d307
c9ed
c56c
c6b1
ce16
db15
ec60
0000
13a0
24eb
31ea
394f
3a94
3613
2cf9
211d
14b7
09f4
02a8
0010
02a0
09ef
14bd
2125
2cf6
360a
3a92
3956
31f0
24e6
1398
0000
ec68
db1a
ce10
c6aa
c56e
c9f6
d30a
dedb
eb43
f611
fd60
fff0
fd58
f60c
eb49
dee3
d307
c9ed
c56c
c6b1
ce16
db15
ec60
0000
13a0
24eb
31ea
394f
3a94
3613
2cf9
211d
14b7
09f4
02a8
0010
02a0
09ef
14bd
2125
2cf6
360a
3a92
3956
31f0
24e6
1398
0000
ec68
db1a
ce10
c6aa
c56e
c9f6
d30a
dedb
eb43
f611
fd60
fff0
fd58
f60c
eb49
dee3
d307
c9ed
c56c
c6b1
ce16
db15
ec60
0000
13a0
24eb
31ea
394f
3a94
3613
2cf9
211d
14b7
09f4
02a8
0010
02a0
09ef
14bd
2125
2cf6
360a
3a92
3956
31f0
24e6
1398
0000
ec68
db1a
ce10
c6aa
c56e
c9f6
d30a
dedb
eb43
f611
fd60
fff0
fd58
f60c
eb49
dee3
d307
c9ed
c56c
c6b1
ce16
db15
ec60
0000
13a0
24eb
31ea
394f
3a94
3613
2cf9
211d
14b7
09f4
02a8
0010
02a0
09ef
14bd
2125
2cf6
360a
3a92
3956
31f0
24e6
1398
0000
ec68
db1a
ce10
c6aa
c56e
c9f6
d30a
dedb
eb43
f611
fd60
fff0
fd58
f60c
eb49
dee3
d307
c9ed
c56c
c6b1
ce16
db15
ec60
0000
13a0
24eb
31ea
394f
3a94
3613
2cf9
211d
14b7
09f4
02a8
0010
02a0
09ef
14bd
2125
2cf6
360a
3a92
3956
31f0
24e6
1398
0000
ec68
db1a
ce10
c6aa
c56e
c9f6
d30a
dedb
eb43
f611
fd60
fff0
fd58
f60c
eb49
dee3
d307
c9ed
c56c
c6b1
ce16
db15
ec60
0000
13a0
24eb
31ea
394f
3a94
3613
2cf9
211d
14b7
09f4
02a8
0010
02a0
09ef
14bd
2125
2cf6
360a
3a92
3956
31f0
24e6
1398
0000
ec68
db1a
ce10
c6aa
c56e
c9f6
d30a
dedb
eb43
f611
fd60
fff0
fd58
f60c
eb49
dee3
d307
c9ed
c56c
c6b1
ce16
db15
ec60
0000
13a0
24eb
31ea
394f
3a94
3613
2cf9
211d
14b7
09f4
02a8
0010
02a0
09ef
14bd
2125
2cf6
360a
3a92
3956
31f0
24e6
1398
0000
ec68
db1a
ce10
c6aa
c56e
c9f6
d30a
dedb
eb43
f611
fd60
fff0
fd58
f60c
eb49
dee3
d307
c9ed
c56c
c6b1
ce16
db15
ec60
0000
13a0
24eb
31ea
394f
3a94
3613
2cf9
211d
14b7
09f4
02a8
0010
02a0
09ef
14bd
2125
2cf6
360a
3a92
3956
31f0
24e6
1398
0000
ec68
db1a
ce10
c6aa
c56e
c9f6
d30a
dedb
eb43
f611
fd60
fff0
fd58
f60c
eb49
dee3
d307
c9ed
c56c
c6b1
ce16
db15
ec60
0000
13a0
24eb
31ea
394f
3a94
3613
2cf9
211d
14b7
09f4
02a8
0010
02a0
09ef
14bd
2125
2cf6
360a
3a92
3956
31f0
24e6
1398
0000
ec68
db1a
ce10
c6aa
c56e
c9f6
d30a
dedb
eb43
f611
fd60
fff0
fd58
f60c
eb49
dee3
d307
c9ed
c56c
c6b1
ce16
db15
ec60
0000
13a0
24eb
31ea
394f
3a94
3613
2cf9
211d
14b7
09f4
02a8
0010
02a0
09ef
14bd
2125
2cf6
360a
3a92
3956
31f0
24e6
1398
0000
ec68
db1a
ce10
c6aa
c56e
c9f6
d30a
dedb
eb43
f611
fd60
fff0
fd58
f60c
eb49
dee3
d307
c9ed
c56c
c6b1
ce16
db15
ec60
0000
13a0
24eb
31ea
394f
3a94
3613
2cf9
211d
14b7
09f4
02a8
0010
02a0
09ef
14bd
2125
2cf6
360a
3a92
3956
31f0
24e6
1398
0000
ec68
db1a
ce10
c6aa
c56e
c9f6
d30a
dedb
eb43
f611
fd60
fff0
fd58
f60c
eb49
dee3
d307
c9ed
c56c
c6b1
ce16
db15
ec60
0000
13a0
24eb
31ea
394f
3a94
3613
2cf9
211d
14b7
09f4
02a8
0010
02a0
09ef
14bd
2125
2cf6
360a
3a92
3956
31f0
24e6
1398
0000
ec68
db1a
ce10
c6aa
c56e
c9f6
d30a
dedb
eb43
f611
fd60
fff0
fd58
f60c
eb49
dee3
d307
c9ed
c56c
c6b1
ce16
db15
ec60
0000
13a0
24eb
31ea
394f
3a94
3613
2cf9
211d
14b7
09f4
02a8
0010
02a0
09ef
14bd
2125
2cf6
360a
3a92
3956
31f0
24e6
1398
0000
ec68
db1a
ce10
c6aa
c56e
c9f6
d30a
dedb
eb43
f611
fd60
fff0
fd58
f60c
eb49
dee3
d307
c9ed
c56c
c6b1
ce16
db15
ec60
0000
13a0
24eb
31ea
394f
3a94
3613
2cf9
211d
14b7
09f4
02a8
0010
02a0
09ef
14bd
2125
2cf6
360a
3a92
3956
31f0
24e6
1398
0000
ec68
db1a
ce10
c6aa
c56e
c9f6
d30a
dedb
eb43
f611
fd60
fff0
fd58
f60c
eb49
dee3
d307
c9ed
c56c
c6b1
ce16
db15
ec60
0000
13a0
24eb
31ea
394f
3a94
3613
2cf9
211d
14b7
09f4
02a8
0010
02a0
09ef
14bd
2125
2cf6
360a
3a92
3956
31f0
24e6
1398
0000
ec68
db1a
ce10
c6aa
c56e
c9f6
d30a
dedb
eb43
f611
fd60
fff0
fd58
f60c
eb49
dee3
d307
c9ed
c56c
c6b1
ce16
db15
ec60
0000
13a0
24eb
31ea
394f
3a94
3613
2cf9
211d
14b7
09f4
02a8
0010
02a0
09ef
14bd
2125
2cf6
360a
3a92
3956
31f0
24e6
1398
0000
ec68
db1a
ce10
c6aa
c56e
c9f6
d30a
dedb
eb43
f611
fd60
fff0
fd58
f60c
eb49
dee3
d307
c9ed
c56c
c6b1
ce16
db15
ec60
0000
13a0
24eb
31ea
394f
3a94
3613
2cf9
211d
14b7
09f4
02a8
0010
02a0
09ef
14bd
2125
2cf6
360a
3a92
3956
31f0
24e6
1398
0000
ec68
db1a
ce10
c6aa
c56e
c9f6
d30a
dedb
eb43
f611
fd60
fff0
fd58
f60c
eb49
dee3
d307
c9ed
c56c
c6b1
ce16
db15
ec60
0000
13a0
24eb
31ea
394f
3a94
3613
2cf9
211d
14b7
09f4
02a8
0010
02a0
09ef
14bd
2125
2cf6
360a
3a92
3956
31f0
24e6
1398
0000
ec68
db1a
ce10
c6aa
c56e
c9f6
d30a
dedb
eb43
f611
fd60
fff0
fd58
f60c
eb49
dee3
d307
c9ed
c56c
c6b1
ce16
db15
ec60
0000
13a0
24eb
31ea
394f
3a94
3613
2cf9
211d
14b7
09f4
02a8
0010
02a0
09ef
14bd
2125
2cf6
360a
3a92
3956
31f0
24e6
1398
0000
ec68
db1a
ce10
c6aa
c56e
c9f6
d30a
dedb
eb43
f611
fd60
fff0
fd58
f60c
eb49
dee3
d307
c9ed
c56c
c6b1
ce16
db15
ec60
0000
13a0
24eb
31ea
394f
3a94
3613
2cf9
211d
14b7
09f4
02a8
0010
02a0
09ef
14bd
2125
2cf6
360a
3a92
3956
31f0
24e6
1398
0000
ec68
db1a
ce10
c6aa
c56e
c9f6
d30a
dedb
eb43
f611
fd60
fff0
fd58
f60c
eb49
dee3
d307
c9ed
c56c
c6b1
ce16
db15
ec60
0000
13a0
24eb
31ea
394f
3a94
3613
2cf9
211d
14b7
09f4
02a8
0010
02a0
09ef
14bd
2125
2cf6
360a
3a92
3956
31f0
24e6
1398
0000
ec68
db1a
ce10
c6aa
c56e
c9f6
d30a
dedb
eb43
f611
fd60
fff0
fd58
f60c
eb49
dee3
d307
c9ed
c56c
c6b1
ce16
db15
ec60
0000
13a0
24eb
31ea
394f
3a94
3613
2cf9
211d
14b7
09f4
02a8
0010
02a0
09ef
14bd
2125
2cf6
360a
3a92
3956
31f0
24e6
1398
0000
ec68
db1a
ce10
c6aa
c56e
c9f6
d30a
dedb
eb43
f611
fd60
fff0
fd58
f60c
eb49
dee3
d307
c9ed
c56c
c6b1
ce16
db15
ec60
0000
13a0
24eb
31ea
394f
3a94
3613
2cf9
211d
14b7
09f4
02a8
0010
02a0
09ef
14bd
2125
2cf6
360a
3a92
3956
31f0
24e6
1398
0000
ec68
db1a
ce10
c6aa
c56e
c9f6
d30a
dedb
eb43
f611
fd60
fff0
fd58
f60c
eb49
dee3
d307
c9ed
c56c
c6b1
ce16
db15
ec60
0000
13a0
24eb
31ea
394f
3a94
3613
2cf9
211d
14b7
09f4
02a8
0010
02a0
09ef
14bd
2125
2cf6
360a
3a92
3956
31f0
24e6
1398
0000
ec68
db1a
ce10
c6aa
c56e
c9f6
d30a
dedb
eb43
f611
fd60
fff0
fd58
f60c
eb49
dee3
d307
c9ed
c56c
c6b1
ce16
db15
ec60
0000
13a0
24eb
31ea
394f
3a94
3613
2cf9
211d
14b7
09f4
02a8
0010
02a0
09ef
14bd
2125
2cf6
360a
3a92
3956
31f0
24e6
1398
0000
ec68
db1a
ce10
c6aa
c56e
c9f6
d30a
dedb
eb43
f611
fd60
fff0
fd58
f60c
eb49
dee3
d307
c9ed
c56c
c6b1
ce16
db15
ec60
0000
13a0
24eb
31ea
394f
3a94
3613
2cf9
211d
14b7
09f4
02a8
0010
02a0
09ef
14bd
2125
2cf6
360a
3a92
3956
31f0
24e6
1398
0000
ec68
db1a
ce10
c6aa
c56e
c9f6
d30a
dedb
eb43
f611
fd60
fff0
fd58
f60c
eb49
dee3
d307
c9ed
c56c
c6b1
ce16
db15
ec60
0000
13a0
24eb
31ea
394f
3a94
3613
2cf9
211d
14b7
09f4
02a8
0010
02a0
09ef
14bd
2125
2cf6
360a
3a92
3956
31f0
24e6
1398
0000
ec68
db1a
ce10
c6aa
c56e
c9f6
d30a
dedb
eb43
f611
fd60
fff0
fd58
f60c
eb49
dee3
d307
c9ed
c56c
c6b1
ce16
db15
ec60
0000
13a0
24eb
31ea
394f
3a94
3613
2cf9
211d
14b7
09f4
02a8
0010
02a0
09ef
14bd
2125
2cf6
360a
3a92
3956
31f0
24e6
1398
0000
ec68
db1a
ce10
c6aa
c56e
c9f6
d30a
dedb
eb43
f611
fd60
fff0
fd58
f60c
eb49
dee3
d307
c9ed
c56c
c6b1
ce16
db15
ec60
0000
13a0
24eb
31ea
394f
3a94
3613
2cf9
211d
14b7
09f4
02a8
0010
02a0
09ef
14bd
2125
2cf6
360a
3a92
3956
31f0
24e6
1398
0000
ec68
db1a
ce10
c6aa
c56e
c9f6
d30a
dedb
eb43
f611
fd60
fff0
fd58
f60c
eb49
dee3
d307
c9ed
c56c
c6b1
ce16
db15
ec60
0000
13a0
24eb
31ea
394f
3a94
3613
2cf9
211d
14b7
09f4
02a8
0010
02a0
09ef
14bd
2125
2cf6
360a
3a92
3956
31f0
24e6
1398
0000
ec68
db1a
ce10
c6aa
c56e
c9f6
d30a
dedb
eb43
f611
fd60
fff0
fd58
f60c
eb49
dee3
d307
c9ed
c56c
c6b1
ce16
db15
ec60
0000
13a0
24eb
31ea
394f
3a94
3613
2cf9
211d
14b7
09f4
02a8
0010
02a0
09ef
14bd
2125
2cf6
360a
3a92
3956
31f0
24e6
1398
0000
ec68
db1a
ce10
c6aa
c56e
c9f6
d30a
dedb
eb43
f611
fd60
fff0
fd58
f60c
eb49
dee3
d307
c9ed
c56c
c6b1
ce16
db15
ec60
0000
13a0
24eb
31ea
394f
3a94
3613
2cf9
211d
14b7
09f4
02a8
0010
02a0
09ef
14bd
2125
2cf6
360a
3a92
3956
31f0
24e6
1398
0000
ec68
db1a
ce10
c6aa
c56e
c9f6
d30a
dedb
eb43
f611
fd60
fff0
fd58
f60c
eb49
dee3
d307
c9ed
c56c
c6b1
ce16
db15
ec60
0000
13a0
24eb
31ea
394f
3a94
3613
2cf9
211d
14b7
09f4
02a8
0010
02a0
09ef
14bd
2125
2cf6
360a
3a92
3956
31f0
24e6
1398
0000
ec68
db1a
ce10
c6aa
c56e
c9f6
d30a
dedb
eb43
f611
fd60
fff0
fd58
f60c
eb49
dee3
d307
c9ed
c56c
c6b1
ce16
db15
ec60
0000
13a0
24eb
31ea
394f
3a94
3613
2cf9
211d
14b7
09f4
02a8
0010
02a0
09ef
14bd
2125
2cf6
360a
3a92
3956
31f0
24e6
1398
0000
ec68
db1a
ce10
c6aa
c56e
c9f6
d30a
dedb
eb43
f611
fd60
fff0
fd58
f60c
eb49
dee3
d307
c9ed
c56c
c6b1
ce16
db15
ec60
0000
13a0
24eb
31ea
394f
3a94
3613
2cf9
211d
14b7
09f4
02a8
0010
02a0
09ef
14bd
2125
2cf6
360a
3a92
3956
31f0
24e6
1398
0000
ec68
db1a
ce10
c6aa
c56e
c9f6
d30a
dedb
eb43
f611
fd60
fff0
fd58
f60c
eb49
dee3
d307
c9ed
c56c
c6b1
ce16
db15
ec60
0000
13a0
24eb
31ea
394f
3a94
3613
2cf9
211d
14b7
09f4
02a8
0010
02a0
09ef
14bd
2125
2cf6
360a
3a92
3956
31f0
24e6
1398
0000
ec68
db1a
ce10
c6aa
c56e
c9f6
d30a
dedb
eb43
f611
fd60
fff0
fd58
f60c
eb49
dee3
d307
c9ed
c56c
c6b1
ce16
db15
ec60
0000
13a0
24eb
31ea
394f
3a94
3613
2cf9
211d
14b7
09f4
02a8
0010
02a0
09ef
14bd
2125
2cf6
360a
3a92
3956
31f0
24e6
1398
0000
ec68
db1a
ce10
c6aa
c56e
c9f6
d30a
dedb
eb43
f611
fd60
fff0
fd58
f60c
eb49
dee3
d307
c9ed
c56c
c6b1
ce16
db15
ec60
0000
13a0
24eb
31ea
394f
3a94
3613
2cf9
211d
14b7
09f4
02a8
0010
02a0
09ef
14bd
2125
2cf6
360a
3a92
3956
31f0
24e6
1398
0000
ec68
db1a
ce10
c6aa
c56e
c9f6
d30a
dedb
eb43
f611
fd60
fff0
fd58
f60c
eb49
dee3
d307
c9ed
c56c
c6b1
ce16
db15
ec60
0000
13a0
24eb
31ea
394f
3a94
3613
2cf9
211d
14b7
09f4
02a8
0010
02a0
09ef
14bd
2125
2cf6
360a
3a92
3956
31f0
24e6
1398
0000
ec68
db1a
ce10
c6aa
c56e
c9f6
d30a
dedb
eb43
f611
fd60
fff0
fd58
f60c
eb49
dee3
d307
c9ed
c56c
c6b1
ce16
db15
ec60
0000
13a0
24eb
31ea
394f
3a94
3613
2cf9
211d
14b7
09f4
02a8
0010
02a0
09ef
14bd
2125
2cf6
360a
3a92
3956
31f0
24e6
1398
0000
ec68
db1a
ce10
c6aa
c56e
c9f6
d30a
dedb
eb43
f611
fd60
fff0
fd58
f60c
eb49
dee3
d307
c9ed
c56c
c6b1
ce16
db15
ec60
0000
13a0
24eb
31ea
394f
3a94
3613
2cf9
211d
14b7
09f4
02a8
0010
02a0
09ef
14bd
2125
2cf6
360a
3a92
3956
31f0
24e6
1398
0000
ec68
db1a
ce10
c6aa
c56e
c9f6
d30a
dedb
eb43
f611
fd60
fff0
fd58
f60c
eb49
dee3
d307
c9ed
c56c
c6b1
ce16
db15
ec60
0000
13a0
24eb
31ea
394f
3a94
3613
2cf9
211d
14b7
09f4
02a8
0010
02a0
09ef
14bd
2125
2cf6
360a
3a92
3956
31f0
24e6
1398
0000
ec68
db1a
ce10
c6aa
c56e
c9f6
d30a
dedb
eb43
f611
fd60
fff0
fd58
f60c
eb49
dee3
d307
c9ed
c56c
c6b1
ce16
db15
ec60
0000
13a0
24eb
31ea
394f
3a94
3613
2cf9
211d
14b7
09f4
02a8
0010
02a0
09ef
14bd
2125
2cf6
360a
3a92
3956
31f0
24e6
1398
0000
ec68
db1a
ce10
c6aa
c56e
c9f6
d30a
dedb
eb43
f611
fd60
fff0
fd58
f60c
eb49
dee3
d307
c9ed
c56c
c6b1
ce16
db15
ec60
0000
13a0
24eb
31ea
394f
3a94
3613
2cf9
211d
14b7
09f4
02a8
0010
02a0
09ef
14bd
2125
2cf6
360a
3a92
3956
31f0
24e6
1398
0000
ec68
db1a
ce10
c6aa
c56e
c9f6
d30a
dedb
eb43
f611
fd60
fff0
fd58
f60c
eb49
dee3
d307
c9ed
c56c
c6b1
ce16
db15
ec60
0000
13a0
24eb
31ea
394f
3a94
3613
2cf9
211d
14b7
09f4
02a8
0010
02a0
09ef
14bd
2125
2cf6
360a
3a92
3956
31f0
24e6
1398
0000
ec68
db1a
ce10
c6aa
c56e
c9f6
d30a
dedb
eb43
f611
fd60
fff0
fd58
f60c
eb49
dee3
d307
c9ed
c56c
c6b1
ce16
db15
ec60
0000
13a0
24eb
31ea
394f
3a94
3613
2cf9
211d
14b7
09f4
02a8
0010
02a0
09ef
14bd
2125
2cf6
360a
3a92
3956
31f0
24e6
1398
0000
ec68
db1a
ce10
c6aa
c56e
c9f6
d30a
dedb
eb43
f611
fd60
fff0
fd58
f60c
eb49
dee3
d307
c9ed
c56c
c6b1
ce16
db15
ec60
0000
13a0
24eb
31ea
394f
3a94
3613
2cf9
211d
14b7
09f4
02a8
0010
02a0
09ef
14bd
2125
2cf6
360a
3a92
3956
31f0
24e6
1398
0000
ec68
db1a
ce10
c6aa
c56e
c9f6
d30a
dedb
eb43
f611
fd60
fff0
fd58
f60c
eb49
dee3
d307
c9ed
c56c
c6b1
ce16
db15
ec60
0000
13a0
24eb
31ea
394f
3a94
3613
2cf9
211d
14b7
09f4
02a8
0010
02a0
09ef
14bd
2125
2cf6
360a
3a92
3956
31f0
24e6
1398
0000
ec68
db1a
ce10
c6aa
c56e
c9f6
d30a
dedb
eb43
f611
fd60
fff0
fd58
f60c
eb49
dee3
d307
c9ed
c56c
c6b1
ce16
db15
ec60
0000
13a0
24eb
31ea
394f
3a94
3613
2cf9
211d
14b7
09f4
02a8
0010
02a0
09ef
14bd
2125
2cf6
360a
3a92
3956
31f0
24e6
1398
0000
ec68
db1a
ce10
c6aa
c56e
c9f6
d30a
dedb
eb43
f611
fd60
fff0
fd58
f60c
eb49
dee3
d307
c9ed
c56c
c6b1
ce16
db15
ec60
0000
13a0
24eb
31ea
394f
3a94
3613
2cf9
211d
14b7
09f4
02a8
0010
02a0
09ef
14bd
2125
2cf6
360a
3a92
3956
31f0
24e6
1398
0000
ec68
db1a
ce10
c6aa
c56e
c9f6
d30a
dedb
eb43
f611
fd60
fff0
fd58
f60c
eb49
dee3
d307
c9ed
c56c
c6b1
ce16
db15
ec60
0000
13a0
24eb
31ea
394f
3a94
3613
2cf9
211d
14b7
09f4
02a8
0010
02a0
09ef
14bd
2125
2cf6
360a
3a92
3956
31f0
24e6
1398
0000
ec68
db1a
ce10
c6aa
c56e
c9f6
d30a
dedb
eb43
f611
fd60
fff0
fd58
f60c
eb49
dee3
d307
c9ed
c56c
c6b1
ce16
db15
ec60
0000
13a0
24eb
31ea
394f
3a94
3613
2cf9
211d
14b7
09f4
02a8
0010
02a0
09ef
14bd
2125
2cf6
360a
3a92
3956
31f0
24e6
1398
0000
ec68
db1a
ce10
c6aa
c56e
c9f6
d30a
dedb
eb43
f611
fd60
fff0
fd58
f60c
eb49
dee3
d307
c9ed
c56c
c6b1
ce16
db15
ec60
0000
13a0
24eb
31ea
394f
3a94
3613
2cf9
211d
14b7
09f4
02a8
0010
02a0
09ef
14bd
2125
2cf6
360a
3a92
3956
31f0
24e6
1398
0000
ec68
db1a
ce10
c6aa
c56e
c9f6
d30a
dedb
eb43
f611
fd60
fff0
fd58
f60c
eb49
dee3
d307
c9ed
c56c
c6b1
ce16
db15
ec60
0000
13a0
24eb
31ea
394f
3a94
3613
2cf9
211d
14b7
09f4
02a8
0010
02a0
09ef
14bd
2125
2cf6
360a
3a92
3956
31f0
24e6
1398
0000
ec68
db1a
ce10
c6aa
c56e
c9f6
d30a
dedb
eb43
f611
fd60
fff0
fd58
f60c
eb49
dee3
d307
c9ed
c56c
c6b1
ce16
db15
ec60
0000
13a0
24eb
31ea
394f
3a94
3613
2cf9
211d
14b7
09f4
02a8
0010
02a0
09ef
14bd
2125
2cf6
360a
3a92
3956
31f0
24e6
1398
0000
ec68
db1a
ce10
c6aa
c56e
c9f6
d30a
dedb
eb43
f611
fd60
fff0
fd58
f60c
eb49
dee3
d307
c9ed
c56c
c6b1
ce16
db15
ec60
0000
13a0
24eb
31ea
394f
3a94
3613
2cf9
211d
14b7
09f4
02a8
0010
02a0
09ef
14bd
2125
2cf6
360a
3a92
3956
31f0
24e6
1398
0000
ec68
db1a
ce10
c6aa
c56e
c9f6
d30a
dedb
eb43
f611
fd60
fff0
fd58
f60c
eb49
dee3
d307
c9ed
c56c
c6b1
ce16
db15
ec60
0000
13a0
24eb
31ea
394f
3a94
3613
2cf9
211d
14b7
09f4
02a8
0010
02a0
09ef
14bd
2125
2cf6
360a
3a92
3956
31f0
24e6
1398
0000
ec68
db1a
ce10
c6aa
c56e
c9f6
d30a
dedb
eb43
f611
fd60
fff0
fd58
f60c
eb49
dee3
d307
c9ed
c56c
c6b1
ce16
db15
ec60
0000
13a0
24eb
31ea
394f
3a94
3613
2cf9
211d
14b7
09f4
02a8
0010
02a0
09ef
14bd
2125
2cf6
360a
3a92
3956
31f0
24e6
1398
0000
ec68
db1a
ce10
c6aa
c56e
c9f6
d30a
dedb
eb43
f611
fd60
fff0
fd58
f60c
eb49
dee3
d307
c9ed
c56c
c6b1
ce16
db15
ec60
0000
13a0
24eb
31ea
394f
3a94
3613
2cf9
211d
14b7
09f4
02a8
0010
02a0
09ef
14bd
2125
2cf6
360a
3a92
3956
31f0
24e6
1398
0000
ec68
db1a
ce10
c6aa
c56e
c9f6
d30a
dedb
eb43
f611
fd60
fff0
fd58
f60c
eb49
dee3
d307
c9ed
c56c
c6b1
ce16
db15
ec60
0000
13a0
24eb
31ea
394f
3a94
3613
2cf9
211d
14b7
09f4
02a8
0010
02a0
09ef
14bd
2125
2cf6
360a
3a92
3956
31f0
24e6
1398
0000
ec68
db1a
ce10
c6aa
c56e
c9f6
d30a
dedb
eb43
f611
fd60
fff0
fd58
f60c
eb49
dee3
d307
c9ed
c56c
c6b1
ce16
db15
ec60
0000
13a0
24eb
31ea
394f
3a94
3613
2cf9
211d
14b7
09f4
02a8
0010
02a0
09ef
14bd
2125
2cf6
360a
3a92
3956
31f0
24e6
1398
0000
ec68
db1a
ce10
c6aa
c56e
c9f6
d30a
dedb
eb43
f611
fd60
fff0
fd58
f60c
eb49
dee3
d307
c9ed
c56c
c6b1
ce16
db15
ec60
0000
13a0
24eb
31ea
394f
3a94
3613
2cf9
211d
14b7
09f4
02a8
0010
02a0
09ef
14bd
2125
2cf6
360a
3a92
3956
31f0
24e6
1398
0000
ec68
db1a
ce10
c6aa
c56e
c9f6
d30a
dedb
eb43
f611
fd60
fff0
fd58
f60c
eb49
dee3
d307
c9ed
c56c
c6b1
ce16
db15
ec60
0000
13a0
24eb
31ea
394f
3a94
3613
2cf9
211d
14b7
09f4
02a8
0010
02a0
09ef
14bd
2125
2cf6
360a
3a92
3956
31f0
24e6
1398
0000
ec68
db1a
ce10
c6aa
c56e
c9f6
d30a
dedb
eb43
f611
fd60
fff0
fd58
f60c
eb49
dee3
d307
c9ed
c56c
c6b1
ce16
db15
ec60
0000
13a0
24eb
31ea
394f
3a94
3613
2cf9
211d
14b7
09f4
02a8
0010
02a0
09ef
14bd
2125
2cf6
360a
3a92
3956
31f0
24e6
1398
0000
ec68
db1a
ce10
c6aa
c56e
c9f6
d30a
dedb
eb43
f611
fd60
fff0
fd58
f60c
eb49
dee3
d307
c9ed
c56c
c6b1
ce16
db15
ec60
0000
13a0
24eb
31ea
394f
3a94
3613
2cf9
211d
14b7
09f4
02a8
0010
02a0
09ef
14bd
2125
2cf6
360a
3a92
3956
31f0
24e6
1398
0000
ec68
db1a
ce10
c6aa
c56e
c9f6
d30a
dedb
eb43
f611
fd60
fff0
fd58
f60c
eb49
dee3
d307
c9ed
c56c
c6b1
ce16
db15
ec60
0000
13a0
24eb
31ea
394f
3a94
3613
2cf9
211d
14b7
09f4
02a8
0010
02a0
09ef
14bd
2125
2cf6
360a
3a92
3956
31f0
24e6
1398
0000
ec68
db1a
ce10
c6aa
c56e
c9f6
d30a
dedb
eb43
f611
fd60
fff0
fd58
f60c
eb49
dee3
d307
c9ed
c56c
c6b1
ce16
db15
ec60
0000
13a0
24eb
31ea
394f
3a94
3613
2cf9
211d
14b7
09f4
02a8
0010
02a0
09ef
14bd
2125
2cf6
360a
3a92
3956
31f0
24e6
1398
0000
ec68
db1a
ce10
c6aa
c56e
c9f6
d30a
dedb
eb43
f611
fd60
fff0
fd58
f60c
eb49
dee3
d307
c9ed
c56c
c6b1
ce16
db15
ec60
0000
13a0
24eb
31ea
394f
3a94
3613
2cf9
211d
14b7
09f4
02a8
0010
02a0
09ef
14bd
2125
2cf6
360a
3a92
3956
31f0
24e6
1398
0000
ec68
db1a
ce10
c6aa
c56e
c9f6
d30a
dedb
eb43
f611
fd60
fff0
fd58
f60c
eb49
dee3
d307
c9ed
c56c
c6b1
ce16
db15
ec60
0000
13a0
24eb
31ea
394f
3a94
3613
2cf9
211d
14b7
09f4
02a8
0010
02a0
09ef
14bd
2125
2cf6
360a
3a92
3956
31f0
24e6
1398
0000
ec68
db1a
ce10
c6aa
c56e
c9f6
d30a
dedb
eb43
f611
fd60
fff0
fd58
f60c
eb49
dee3
d307
c9ed
c56c
c6b1
ce16
db15
ec60
0000
13a0
24eb
31ea
394f
3a94
3613
2cf9
211d
14b7
09f4
02a8
0010
02a0
09ef
14bd
2125
2cf6
360a
3a92
3956
31f0
24e6
1398
0000
ec68
db1a
ce10
c6aa
c56e
c9f6
d30a
dedb
eb43
f611
fd60
fff0
fd58
f60c
eb49
dee3
d307
c9ed
c56c
c6b1
ce16
db15
ec60
0000
13a0
24eb
31ea
394f
3a94
3613
2cf9
211d
14b7
09f4
02a8
0010
02a0
09ef
14bd
2125
2cf6
360a
3a92
3956
31f0
24e6
1398
0000
ec68
db1a
ce10
c6aa
c56e
c9f6
d30a
dedb
eb43
f611
fd60
fff0
fd58
f60c
eb49
dee3
d307
c9ed
c56c
c6b1
ce16
db15
ec60
0000
13a0
24eb
31ea
394f
3a94
3613
2cf9
211d
14b7
09f4
02a8
0010
02a0
09ef
14bd
2125
2cf6
360a
3a92
3956
31f0
24e6
1398
0000
ec68
db1a
ce10
c6aa
c56e
c9f6
d30a
dedb
eb43
f611
fd60
fff0
fd58
f60c
eb49
dee3
d307
c9ed
c56c
c6b1
ce16
db15
ec60
0000
13a0
24eb
31ea
394f
3a94
3613
2cf9
211d
14b7
09f4
02a8
0010
02a0
09ef
14bd
2125
2cf6
360a
3a92
3956
31f0
24e6
1398
0000
ec68
db1a
ce10
c6aa
c56e
c9f6
d30a
dedb
eb43
f611
fd60
fff0
fd58
f60c
eb49
dee3
d307
c9ed
c56c
c6b1
ce16
db15
ec60
0000
13a0
24eb
31ea
394f
3a94
3613
2cf9
211d
14b7
09f4
02a8
0010
02a0
09ef
14bd
2125
2cf6
360a
3a92
3956
31f0
24e6
1398
0000
ec68
db1a
ce10
c6aa
c56e
c9f6
d30a
dedb
eb43
f611
fd60
fff0
fd58
f60c
eb49
dee3
d307
c9ed
c56c
c6b1
ce16
db15
ec60
0000
13a0
24eb
31ea
394f
3a94
3613
2cf9
211d
14b7
09f4
02a8
0010
02a0
09ef
14bd
2125
2cf6
360a
3a92
3956
31f0
24e6
1398
0000
ec68
db1a
ce10
c6aa
c56e
c9f6
d30a
dedb
eb43
f611
fd60
fff0
fd58
f60c
eb49
dee3
d307
c9ed
c56c
c6b1
ce16
db15
ec60
0000
13a0
24eb
31ea
394f
3a94
3613
2cf9
211d
14b7
09f4
02a8
0010
02a0
09ef
14bd
2125
2cf6
360a
3a92
3956
31f0
24e6
1398
0000
ec68
db1a
ce10
c6aa
c56e
c9f6
d30a
dedb
eb43
f611
fd60
fff0
fd58
f60c
eb49
dee3
d307
c9ed
c56c
c6b1
ce16
db15
ec60
0000
13a0
24eb
31ea
394f
3a94
3613
2cf9
211d
14b7
09f4
02a8
0010
02a0
09ef
14bd
2125
2cf6
360a
3a92
3956
31f0
24e6
1398
0000
ec68
db1a
ce10
c6aa
c56e
c9f6
d30a
dedb
eb43
f611
fd60
fff0
fd58
f60c
eb49
dee3
d307
c9ed
c56c
c6b1
ce16
db15
ec60
0000
13a0
24eb
31ea
394f
3a94
3613
2cf9
211d
14b7
09f4
02a8
0010
02a0
09ef
14bd
2125
2cf6
360a
3a92
3956
31f0
24e6
1398
0000
ec68
db1a
ce10
c6aa
c56e
c9f6
d30a
dedb
eb43
f611
fd60
fff0
fd58
f60c
eb49
dee3
d307
c9ed
c56c
c6b1
ce16
db15
ec60
0000
13a0
24eb
31ea
394f
3a94
3613
2cf9
211d
14b7
09f4
02a8
0010
02a0
09ef
14bd
2125
2cf6
360a
3a92
3956
31f0
24e6
1398
0000
ec68
db1a
ce10
c6aa
c56e
c9f6
d30a
dedb
eb43
f611
fd60
fff0
fd58
f60c
eb49
dee3
d307
c9ed
c56c
c6b1
ce16
db15
ec60
0000
13a0
24eb
31ea
394f
3a94
3613
2cf9
211d
14b7
09f4
02a8
0010
02a0
09ef
14bd
2125
2cf6
360a
3a92
3956
31f0
24e6
1398
0000
ec68
db1a
ce10
c6aa
c56e
c9f6
d30a
dedb
eb43
f611
fd60
fff0
fd58
f60c
eb49
dee3
d307
c9ed
c56c
c6b1
ce16
db15
ec60
0000
13a0
24eb
31ea
394f
3a94
3613
2cf9
211d
14b7
09f4
02a8
0010
02a0
09ef
14bd
2125
2cf6
360a
3a92
3956
31f0
24e6
1398
0000
ec68
db1a
ce10
c6aa
c56e
c9f6
d30a
dedb
eb43
f611
fd60
fff0
fd58
f60c
eb49
dee3
d307
c9ed
c56c
c6b1
ce16
db15
ec60
0000
13a0
24eb
31ea
394f
3a94
3613
2cf9
211d
14b7
09f4
02a8
0010
02a0
09ef
14bd
2125
2cf6
360a
3a92
3956
31f0
24e6
1398
0000
ec68
db1a
ce10
c6aa
c56e
c9f6
d30a
dedb
eb43
f611
fd60
fff0
fd58
f60c
eb49
dee3
d307
c9ed
c56c
c6b1
ce16
db15
ec60
0000
13a0
24eb
31ea
394f
3a94
3613
2cf9
211d
14b7
09f4
02a8
0010
02a0
09ef
14bd
2125
2cf6
360a
3a92
3956
31f0
24e6
1398
0000
ec68
db1a
ce10
c6aa
c56e
c9f6
d30a
dedb
eb43
f611
fd60
fff0
fd58
f60c
eb49
dee3
d307
c9ed
c56c
c6b1
ce16
db15
ec60
0000
13a0
24eb
31ea
394f
3a94
3613
2cf9
211d
14b7
09f4
02a8
0010
02a0
09ef
14bd
2125
2cf6
360a
3a92
3956
31f0
24e6
1398
0000
ec68
db1a
ce10
c6aa
c56e
c9f6
d30a
dedb
eb43
f611
fd60
fff0
fd58
f60c
eb49
dee3
d307
c9ed
c56c
c6b1
ce16
db15
ec60
0000
13a0
24eb
31ea
394f
3a94
3613
2cf9
211d
14b7
09f4
02a8
0010
02a0
09ef
14bd
2125
2cf6
360a
3a92
3956
31f0
24e6
1398
0000
ec68
db1a
ce10
c6aa
c56e
c9f6
d30a
dedb
eb43
f611
fd60
fff0
fd58
f60c
eb49
dee3
d307
c9ed
c56c
c6b1
ce16
db15
ec60
0000
13a0
24eb
31ea
394f
3a94
3613
2cf9
211d
14b7
09f4
02a8
0010
02a0
09ef
14bd
2125
2cf6
360a
3a92
3956
31f0
24e6
1398
0000
ec68
db1a
ce10
c6aa
c56e
c9f6
d30a
dedb
eb43
f611
fd60
fff0
fd58
f60c
eb49
dee3
d307
c9ed
c56c
c6b1
ce16
db15
ec60
0000
13a0
24eb
31ea
394f
3a94
3613
2cf9
211d
14b7
09f4
02a8
0010
02a0
09ef
14bd
2125
2cf6
360a
3a92
3956
31f0
24e6
1398
0000
ec68
db1a
ce10
c6aa
c56e
c9f6
d30a
dedb
eb43
f611
fd60
fff0
fd58
f60c
eb49
dee3
d307
c9ed
c56c
c6b1
ce16
db15
ec60
0000
13a0
24eb
31ea
394f
3a94
3613
2cf9
211d
14b7
09f4
02a8
0010
02a0
09ef
14bd
2125
2cf6
360a
3a92
3956
31f0
24e6
1398
0000
ec68
db1a
ce10
c6aa
c56e
c9f6
d30a
dedb
eb43
f611
fd60
fff0
fd58
f60c
eb49
dee3
d307
c9ed
c56c
c6b1
ce16
db15
ec60
0000
13a0
24eb
31ea
394f
3a94
3613
2cf9
211d
14b7
09f4
02a8
0010
02a0
09ef
14bd
2125
2cf6
360a
3a92
3956
31f0
24e6
1398
0000
ec68
db1a
ce10
c6aa
c56e
c9f6
d30a
dedb
eb43
f611
fd60
fff0
fd58
f60c
eb49
dee3
d307
c9ed
c56c
c6b1
ce16
db15
ec60
0000
13a0
24eb
31ea
394f
3a94
3613
2cf9
211d
14b7
09f4
02a8
0010
02a0
09ef
14bd
2125
2cf6
360a
3a92
3956
31f0
24e6
1398
0000
ec68
db1a
ce10
c6aa
c56e
c9f6
d30a
dedb
eb43
f611
fd60
fff0
fd58
f60c
eb49
dee3
d307
c9ed
c56c
c6b1
ce16
db15
ec60
0000
13a0
24eb
31ea
394f
3a94
3613
2cf9
211d
14b7
09f4
02a8
0010
02a0
09ef
14bd
2125
2cf6
360a
3a92
3956
31f0
24e6
1398
0000
ec68
db1a
ce10
c6aa
c56e
c9f6
d30a
dedb
eb43
f611
fd60
fff0
fd58
f60c
eb49
dee3
d307
c9ed
c56c
c6b1
ce16
db15
ec60
0000
13a0
24eb
31ea
394f
3a94
3613
2cf9
211d
14b7
09f4
02a8
0010
02a0
09ef
14bd
2125
2cf6
360a
3a92
3956
31f0
24e6
1398
0000
ec68
db1a
ce10
c6aa
c56e
c9f6
d30a
dedb
eb43
f611
fd60
fff0
fd58
f60c
eb49
dee3
d307
c9ed
c56c
c6b1
ce16
db15
ec60
0000
13a0
24eb
31ea
394f
3a94
3613
2cf9
211d
14b7
09f4
02a8
0010
02a0
09ef
14bd
2125
2cf6
360a
3a92
3956
31f0
24e6
1398
0000
ec68
db1a
ce10
c6aa
c56e
c9f6
d30a
dedb
eb43
f611
fd60
fff0
fd58
f60c
eb49
dee3
d307
c9ed
c56c
c6b1
ce16
db15
ec60
0000
13a0
24eb
31ea
394f
3a94
3613
2cf9
211d
14b7
09f4
02a8
0010
02a0
09ef
14bd
2125
2cf6
360a
3a92
3956
31f0
24e6
1398
0000
ec68
db1a
ce10
c6aa
c56e
c9f6
d30a
dedb
eb43
f611
fd60
fff0
fd58
f60c
eb49
dee3
d307
c9ed
c56c
c6b1
ce16
db15
ec60
0000
13a0
24eb
31ea
394f
3a94
3613
2cf9
211d
14b7
09f4
02a8
0010
02a0
09ef
14bd
2125
2cf6
360a
3a92
3956
31f0
24e6
1398
0000
ec68
db1a
ce10
c6aa
c56e
c9f6
d30a
dedb
eb43
f611
fd60
fff0
fd58
f60c
eb49
dee3
d307
c9ed
c56c
c6b1
ce16
db15
ec60
0000
13a0
24eb
31ea
394f
3a94
3613
2cf9
211d
14b7
09f4
02a8
0010
02a0
09ef
14bd
2125
2cf6
360a
3a92
3956
31f0
24e6
1398
0000
ec68
db1a
ce10
c6aa
c56e
c9f6
d30a
dedb
eb43
f611
fd60
fff0
fd58
f60c
eb49
dee3
d307
c9ed
c56c
c6b1
ce16
db15
ec60
0000
13a0
24eb
31ea
394f
3a94
3613
2cf9
211d
14b7
09f4
02a8
0010
02a0
09ef
14bd
2125
2cf6
360a
3a92
3956
31f0
24e6
1398
0000
ec68
db1a
ce10
c6aa
c56e
c9f6
d30a
dedb
eb43
f611
fd60
fff0
fd58
f60c
eb49
dee3
d307
c9ed
c56c
c6b1
ce16
db15
ec60
0000
13a0
24eb
31ea
394f
3a94
3613
2cf9
211d
14b7
09f4
02a8
0010
02a0
09ef
14bd
2125
2cf6
360a
3a92
3956
31f0
24e6
1398
0000
ec68
db1a
ce10
c6aa
c56e
c9f6
d30a
dedb
eb43
f611
fd60
fff0
fd58
f60c
eb49
dee3
d307
c9ed
c56c
c6b1
ce16
db15
ec60
0000
13a0
24eb
31ea
394f
3a94
3613
2cf9
211d
14b7
09f4
02a8
0010
02a0
09ef
14bd
2125
2cf6
360a
3a92
3956
31f0
24e6
1398
0000
ec68
db1a
ce10
c6aa
c56e
c9f6
d30a
dedb
eb43
f611
fd60
fff0
fd58
f60c
eb49
dee3
d307
c9ed
c56c
c6b1
ce16
db15
ec60
0000
13a0
24eb
31ea
394f
3a94
3613
2cf9
211d
14b7
09f4
02a8
0010
02a0
09ef
14bd
2125
2cf6
360a
3a92
3956
31f0
24e6
1398
0000
ec68
db1a
ce10
c6aa
c56e
c9f6
d30a
dedb
eb43
f611
fd60
fff0
fd58
f60c
eb49
dee3
d307
c9ed
c56c
c6b1
ce16
db15
ec60
0000
13a0
24eb
31ea
394f
3a94
3613
2cf9
211d
14b7
09f4
02a8
0010
02a0
09ef
14bd
2125
2cf6
360a
3a92
3956
31f0
24e6
1398
0000
ec68
db1a
ce10
c6aa
c56e
c9f6
d30a
dedb
eb43
f611
fd60
fff0
fd58
f60c
eb49
dee3
d307
c9ed
c56c
c6b1
ce16
db15
ec60
0000
13a0
24eb
31ea
394f
3a94
3613
2cf9
211d
14b7
09f4
02a8
0010
02a0
09ef
14bd
2125
2cf6
360a
3a92
3956
31f0
24e6
1398
0000
ec68
db1a
ce10
c6aa
c56e
c9f6
d30a
dedb
eb43
f611
fd60
fff0
fd58
f60c
eb49
dee3
d307
c9ed
c56c
c6b1
ce16
db15
ec60
0000
13a0
24eb
31ea
394f
3a94
3613
2cf9
211d
14b7
09f4
02a8
0010
02a0
09ef
14bd
2125
2cf6
360a
3a92
3956
31f0
24e6
1398
0000
ec68
db1a
ce10
c6aa
c56e
c9f6
d30a
dedb
eb43
f611
fd60
fff0
fd58
f60c
eb49
dee3
d307
c9ed
c56c
c6b1
ce16
db15
ec60
0000
13a0
24eb
31ea
394f
3a94
3613
2cf9
211d
14b7
09f4
02a8
0010
02a0
09ef
14bd
2125
2cf6
360a
3a92
3956
31f0
24e6
1398
0000
ec68
db1a
ce10
c6aa
c56e
c9f6
d30a
dedb
eb43
f611
fd60
fff0
fd58
f60c
eb49
dee3
d307
c9ed
c56c
c6b1
ce16
db15
ec60
0000
13a0
24eb
31ea
394f
3a94
3613
2cf9
211d
14b7
09f4
02a8
0010
02a0
09ef
14bd
2125
2cf6
360a
3a92
3956
31f0
24e6
1398
0000
ec68
db1a
ce10
c6aa
c56e
c9f6
d30a
dedb
eb43
f611
fd60
fff0
fd58
f60c
eb49
dee3
d307
c9ed
c56c
c6b1
ce16
db15
ec60
0000
13a0
24eb
31ea
394f
3a94
3613
2cf9
211d
14b7
09f4
02a8
0010
02a0
09ef
14bd
2125
2cf6
360a
3a92
3956
31f0
24e6
1398
0000
ec68
db1a
ce10
c6aa
c56e
c9f6
d30a
dedb
eb43
f611
fd60
fff0
fd58
f60c
eb49
dee3
d307
c9ed
c56c
c6b1
ce16
db15
ec60
0000
13a0
24eb
31ea
394f
3a94
3613
2cf9
211d
14b7
09f4
02a8
0010
02a0
09ef
14bd
2125
2cf6
360a
3a92
3956
31f0
24e6
1398
0000
ec68
db1a
ce10
c6aa
c56e
c9f6
d30a
dedb
eb43
f611
fd60
fff0
fd58
f60c
eb49
dee3
d307
c9ed
c56c
c6b1
ce16
db15
ec60
0000
13a0
24eb
31ea
394f
3a94
3613
2cf9
211d
14b7
09f4
02a8
0010
02a0
09ef
14bd
2125
2cf6
360a
3a92
3956
31f0
24e6
1398
0000
ec68
db1a
ce10
c6aa
c56e
c9f6
d30a
dedb
eb43
f611
fd60
fff0
fd58
f60c
eb49
dee3
d307
c9ed
c56c
c6b1
ce16
db15
ec60
0000
13a0
24eb
31ea
394f
3a94
3613
2cf9
211d
14b7
09f4
02a8
0010
02a0
09ef
14bd
2125
2cf6
360a
3a92
3956
31f0
24e6
1398
0000
ec68
db1a
ce10
c6aa
c56e
c9f6
d30a
dedb
eb43
f611
fd60
fff0
fd58
f60c
eb49
dee3
d307
c9ed
c56c
c6b1
ce16
db15
ec60
0000
13a0
24eb
31ea
394f
3a94
3613
2cf9
211d
14b7
09f4
02a8
0010
02a0
09ef
14bd
2125
2cf6
360a
3a92
3956
31f0
24e6
1398
0000
ec68
db1a
ce10
c6aa
c56e
c9f6
d30a
dedb
eb43
f611
fd60
fff0
fd58
f60c
eb49
dee3
d307
c9ed
c56c
c6b1
ce16
db15
ec60
0000
13a0
24eb
31ea
394f
3a94
3613
2cf9
211d
14b7
09f4
02a8
0010
02a0
09ef
14bd
2125
2cf6
360a
3a92
3956
31f0
24e6
1398
0000
ec68
db1a
ce10
c6aa
c56e
c9f6
d30a
dedb
eb43
f611
fd60
fff0
fd58
f60c
eb49
dee3
d307
c9ed
c56c
c6b1
ce16
db15
ec60
0000
13a0
24eb
31ea
394f
3a94
3613
2cf9
211d
14b7
09f4
02a8
0010
02a0
09ef
14bd
2125
2cf6
360a
3a92
3956
31f0
24e6
1398
0000
ec68
db1a
ce10
c6aa
c56e
c9f6
d30a
dedb
eb43
f611
fd60
fff0
fd58
f60c
eb49
dee3
d307
c9ed
c56c
c6b1
ce16
db15
ec60
0000
13a0
24eb
31ea
394f
3a94
3613
2cf9
211d
14b7
09f4
02a8
0010
02a0
09ef
14bd
2125
2cf6
360a
3a92
3956
31f0
24e6
1398
0000
ec68
db1a
ce10
c6aa
c56e
c9f6
d30a
dedb
eb43
f611
fd60
fff0
fd58
f60c
eb49
dee3
d307
c9ed
c56c
c6b1
ce16
db15
ec60
0000
13a0
24eb
31ea
394f
3a94
3613
2cf9
211d
14b7
09f4
02a8
0010
02a0
09ef
14bd
2125
2cf6
360a
3a92
3956
31f0
24e6
1398
0000
ec68
db1a
ce10
c6aa
c56e
c9f6
d30a
dedb
eb43
f611
fd60
fff0
fd58
f60c
eb49
dee3
d307
c9ed
c56c
c6b1
ce16
db15
ec60
0000
13a0
24eb
31ea
394f
3a94
3613
2cf9
211d
14b7
09f4
02a8
0010
02a0
09ef
14bd
2125
2cf6
360a
3a92
3956
31f0
24e6
1398
0000
ec68
db1a
ce10
c6aa
c56e
c9f6
d30a
dedb
eb43
f611
fd60
fff0
fd58
f60c
eb49
dee3
d307
c9ed
c56c
c6b1
ce16
db15
ec60
0000
13a0
24eb
31ea
394f
3a94
3613
2cf9
211d
14b7
09f4
02a8
0010
02a0
09ef
14bd
2125
2cf6
360a
3a92
3956
31f0
24e6
1398
0000
ec68
db1a
ce10
c6aa
c56e
c9f6
d30a
dedb
eb43
f611
fd60
fff0
fd58
f60c
eb49
dee3
d307
c9ed
c56c
c6b1
ce16
db15
ec60
0000
13a0
24eb
31ea
394f
3a94
3613
2cf9
211d
14b7
09f4
02a8
0010
02a0
09ef
14bd
2125
2cf6
360a
3a92
3956
31f0
24e6
1398
0000
ec68
db1a
ce10
c6aa
c56e
c9f6
d30a
dedb
eb43
f611
fd60
fff0
fd58
f60c
eb49
dee3
d307
c9ed
c56c
c6b1
ce16
db15
ec60
0000
13a0
24eb
31ea
394f
3a94
3613
2cf9
211d
14b7
09f4
02a8
0010
02a0
09ef
14bd
2125
2cf6
360a
3a92
3956
31f0
24e6
1398
0000
ec68
db1a
ce10
c6aa
c56e
c9f6
d30a
dedb
eb43
f611
fd60
fff0
fd58
f60c
eb49
dee3
d307
c9ed
c56c
c6b1
ce16
db15
ec60
0000
13a0
24eb
31ea
394f
3a94
3613
2cf9
211d
14b7
09f4
02a8
0010
02a0
09ef
14bd
2125
2cf6
360a
3a92
3956
31f0
24e6
1398
0000
ec68
db1a
ce10
c6aa
c56e
c9f6
d30a
dedb
eb43
f611
fd60
fff0
fd58
f60c
eb49
dee3
d307
c9ed
c56c
c6b1
ce16
db15
ec60
0000
13a0
24eb
31ea
394f
3a94
3613
2cf9
211d
14b7
09f4
02a8
0010
02a0
09ef
14bd
2125
2cf6
360a
3a92
3956
31f0
24e6
1398
0000
ec68
db1a
ce10
c6aa
c56e
c9f6
d30a
dedb
eb43
f611
fd60
fff0
fd58
f60c
eb49
dee3
d307
c9ed
c56c
c6b1
ce16
db15
ec60
0000
13a0
24eb
31ea
394f
3a94
3613
2cf9
211d
14b7
09f4
02a8
0010
02a0
09ef
14bd
2125
2cf6
360a
3a92
3956
31f0
24e6
1398
0000
ec68
db1a
ce10
c6aa
c56e
c9f6
d30a
dedb
eb43
f611
fd60
fff0
fd58
f60c
eb49
dee3
d307
c9ed
c56c
c6b1
ce16
db15
ec60
0000
13a0
24eb
31ea
394f
3a94
3613
2cf9
211d
14b7
09f4
02a8
0010
02a0
09ef
14bd
2125
2cf6
360a
3a92
3956
31f0
24e6
1398
0000
ec68
db1a
ce10
c6aa
c56e
c9f6
d30a
dedb
eb43
f611
fd60
fff0
fd58
f60c
eb49
dee3
d307
c9ed
c56c
c6b1
ce16
db15
ec60
0000
13a0
24eb
31ea
394f
3a94
3613
2cf9
211d
14b7
09f4
02a8
0010
02a0
09ef
14bd
2125
2cf6
360a
3a92
3956
31f0
24e6
1398
0000
ec68
db1a
ce10
c6aa
c56e
c9f6
d30a
dedb
eb43
f611
fd60
fff0
fd58
f60c
eb49
dee3
d307
c9ed
c56c
c6b1
ce16
db15
ec60
0000
13a0
24eb
31ea
394f
3a94
3613
2cf9
211d
14b7
09f4
02a8
0010
02a0
09ef
14bd
2125
2cf6
360a
3a92
3956
31f0
24e6
1398
0000
ec68
db1a
ce10
c6aa
c56e
c9f6
d30a
dedb
eb43
f611
fd60
fff0
fd58
f60c
eb49
dee3
d307
c9ed
c56c
c6b1
ce16
db15
ec60
0000
13a0
24eb
31ea
394f
3a94
3613
2cf9
211d
14b7
09f4
02a8
0010
02a0
09ef
14bd
2125
2cf6
360a
3a92
3956
31f0
24e6
1398
0000
ec68
db1a
ce10
c6aa
c56e
c9f6
d30a
dedb
eb43
f611
fd60
fff0
fd58
f60c
eb49
dee3
d307
c9ed
c56c
c6b1
ce16
db15
ec60
0000
13a0
24eb
31ea
394f
3a94
3613
2cf9
211d
14b7
09f4
02a8
0010
02a0
09ef
14bd
2125
2cf6
360a
3a92
3956
31f0
24e6
1398
0000
ec68
db1a
ce10
c6aa
c56e
c9f6
d30a
dedb
eb43
f611
fd60
fff0
fd58
f60c
eb49
dee3
d307
c9ed
c56c
c6b1
ce16
db15
ec60
0000
13a0
24eb
31ea
394f
3a94
3613
2cf9
211d
14b7
09f4
02a8
0010
02a0
09ef
14bd
2125
2cf6
360a
3a92
3956
31f0
24e6
1398
0000
ec68
db1a
ce10
c6aa
c56e
c9f6
d30a
dedb
eb43
f611
fd60
fff0
fd58
f60c
eb49
dee3
d307
c9ed
c56c
c6b1
ce16
db15
ec60
0000
13a0
24eb
31ea
394f
3a94
3613
2cf9
211d
14b7
09f4
02a8
0010
02a0
09ef
14bd
2125
2cf6
360a
3a92
3956
31f0
24e6
1398
0000
ec68
db1a
ce10
c6aa
c56e
c9f6
d30a
dedb
eb43
f611
fd60
fff0
fd58
f60c
eb49
dee3
d307
c9ed
c56c
c6b1
ce16
db15
ec60
0000
13a0
24eb
31ea
394f
3a94
3613
2cf9
211d
14b7
09f4
02a8
0010
02a0
09ef
14bd
2125
2cf6
360a
3a92
3956
31f0
24e6
1398
0000
ec68
db1a
ce10
c6aa
c56e
c9f6
d30a
dedb
eb43
f611
fd60
fff0
fd58
f60c
eb49
dee3
d307
c9ed
c56c
c6b1
ce16
db15
ec60
0000
13a0
24eb
31ea
394f
3a94
3613
2cf9
211d
14b7
09f4
02a8
0010
02a0
09ef
14bd
2125
2cf6
360a
3a92
3956
31f0
24e6
1398
0000
ec68
db1a
ce10
c6aa
c56e
c9f6
d30a
dedb
eb43
f611
fd60
fff0
fd58
f60c
eb49
dee3
d307
c9ed
c56c
c6b1
ce16
db15
ec60
0000
13a0
24eb
31ea
394f
3a94
3613
2cf9
211d
14b7
09f4
02a8
0010
02a0
09ef
14bd
2125
2cf6
360a
3a92
3956
31f0
24e6
1398
0000
ec68
db1a
ce10
c6aa
c56e
c9f6
d30a
dedb
eb43
f611
fd60
fff0
fd58
f60c
eb49
dee3
d307
c9ed
c56c
c6b1
ce16
db15
ec60
0000
13a0
24eb
31ea
394f
3a94
3613
2cf9
211d
14b7
09f4
02a8
0010
02a0
09ef
14bd
2125
2cf6
360a
3a92
3956
31f0
24e6
1398
0000
ec68
db1a
ce10
c6aa
c56e
c9f6
d30a
dedb
eb43
f611
fd60
fff0
fd58
f60c
eb49
dee3
d307
c9ed
c56c
c6b1
ce16
db15
ec60
0000
13a0
24eb
31ea
394f
3a94
3613
2cf9
211d
14b7
09f4
02a8
0010
02a0
09ef
14bd
2125
2cf6
360a
3a92
3956
31f0
24e6
1398
0000
ec68
db1a
ce10
c6aa
c56e
c9f6
d30a
dedb
eb43
f611
fd60
fff0
fd58
f60c
eb49
dee3
d307
c9ed
c56c
c6b1
ce16
db15
ec60
0000
13a0
24eb
31ea
394f
3a94
3613
2cf9
211d
14b7
09f4
02a8
0010
02a0
09ef
14bd
2125
2cf6
360a
3a92
3956
31f0
24e6
1398
0000
ec68
db1a
ce10
c6aa
c56e
c9f6
d30a
dedb
eb43
f611
fd60
fff0
fd58
f60c
eb49
dee3
d307
c9ed
c56c
c6b1
ce16
db15
ec60
0000
13a0
24eb
31ea
394f
3a94
3613
2cf9
211d
14b7
09f4
02a8
0010
02a0
09ef
14bd
2125
2cf6
360a
3a92
3956
31f0
24e6
1398
0000
ec68
db1a
ce10
c6aa
c56e
c9f6
d30a
dedb
eb43
f611
fd60
fff0
fd58
f60c
eb49
dee3
d307
c9ed
c56c
c6b1
ce16
db15
ec60
0000
13a0
24eb
31ea
394f
3a94
3613
2cf9
211d
14b7
09f4
02a8
0010
02a0
09ef
14bd
2125
2cf6
360a
3a92
3956
31f0
24e6
1398
0000
ec68
db1a
ce10
c6aa
c56e
c9f6
d30a
dedb
eb43
f611
fd60
fff0
fd58
f60c
eb49
dee3
d307
c9ed
c56c
c6b1
ce16
db15
ec60
0000
13a0
24eb
31ea
394f
3a94
3613
2cf9
211d
14b7
09f4
02a8
0010
02a0
09ef
14bd
2125
2cf6
360a
3a92
3956
31f0
24e6
1398
0000
ec68
db1a
ce10
c6aa
c56e
c9f6
d30a
dedb
eb43
f611
fd60
fff0
fd58
f60c
eb49
dee3
d307
c9ed
c56c
c6b1
ce16
db15
ec60
0000
13a0
24eb
31ea
394f
3a94
3613
2cf9
211d
14b7
09f4
02a8
0010
02a0
09ef
14bd
2125
2cf6
360a
3a92
3956
31f0
24e6
1398
0000
ec68
db1a
ce10
c6aa
c56e
c9f6
d30a
dedb
eb43
f611
fd60
fff0
fd58
f60c
eb49
dee3
d307
c9ed
c56c
c6b1
ce16
db15
ec60
0000
13a0
24eb
31ea
394f
3a94
3613
2cf9
211d
14b7
09f4
02a8
0010
02a0
09ef
14bd
2125
2cf6
360a
3a92
3956
31f0
24e6
1398
0000
ec68
db1a
ce10
c6aa
c56e
c9f6
d30a
dedb
eb43
f611
fd60
fff0
fd58
f60c
eb49
dee3
d307
c9ed
c56c
c6b1
ce16
db15
ec60
0000
13a0
24eb
31ea
394f
3a94
3613
2cf9
211d
14b7
09f4
02a8
0010
02a0
09ef
14bd
2125
2cf6
360a
3a92
3956
31f0
24e6
1398
0000
ec68
db1a
ce10
c6aa
c56e
c9f6
d30a
dedb
eb43
f611
fd60
fff0
fd58
f60c
eb49
dee3
d307
c9ed
c56c
c6b1
ce16
db15
ec60
0000
13a0
24eb
31ea
394f
3a94
3613
2cf9
211d
14b7
09f4
02a8
0010
02a0
09ef
14bd
2125
2cf6
360a
3a92
3956
31f0
24e6
1398
0000
ec68
db1a
ce10
c6aa
c56e
c9f6
d30a
dedb
eb43
f611
fd60
fff0
fd58
f60c
eb49
dee3
d307
c9ed
c56c
c6b1
ce16
db15
ec60
0000
13a0
24eb
31ea
394f
3a94
3613
2cf9
211d
14b7
09f4
02a8
0010
02a0
09ef
14bd
2125
2cf6
360a
3a92
3956
31f0
24e6
1398
0000
ec68
db1a
ce10
c6aa
c56e
c9f6
d30a
dedb
eb43
f611
fd60
fff0
fd58
f60c
eb49
dee3
d307
c9ed
c56c
c6b1
ce16
db15
ec60
0000
13a0
24eb
31ea
394f
3a94
3613
2cf9
211d
14b7
09f4
02a8
0010
02a0
09ef
14bd
2125
2cf6
360a
3a92
3956
31f0
24e6
1398
0000
ec68
db1a
ce10
c6aa
c56e
c9f6
d30a
dedb
eb43
f611
fd60
fff0
fd58
f60c
eb49
dee3
d307
c9ed
c56c
c6b1
ce16
db15
ec60
0000
13a0
24eb
31ea
394f
3a94
3613
2cf9
211d
14b7
09f4
02a8
0010
02a0
09ef
14bd
2125
2cf6
360a
3a92
3956
31f0
24e6
1398
0000
ec68
db1a
ce10
c6aa
c56e
c9f6
d30a
dedb
eb43
f611
fd60
fff0
fd58
f60c
eb49
dee3
d307
c9ed
c56c
c6b1
ce16
db15
ec60
0000
13a0
24eb
31ea
394f
3a94
3613
2cf9
211d
14b7
09f4
02a8
0010
02a0
09ef
14bd
2125
2cf6
360a
3a92
3956
31f0
24e6
1398
0000
ec68
db1a
ce10
c6aa
c56e
c9f6
d30a
dedb
eb43
f611
fd60
fff0
fd58
f60c
eb49
dee3
d307
c9ed
c56c
c6b1
ce16
db15
ec60
0000
13a0
24eb
31ea
394f
3a94
3613
2cf9
211d
14b7
09f4
02a8
0010
02a0
09ef
14bd
2125
2cf6
360a
3a92
3956
31f0
24e6
1398
0000
ec68
db1a
ce10
c6aa
c56e
c9f6
d30a
dedb
eb43
f611
fd60
fff0
fd58
f60c
eb49
dee3
d307
c9ed
c56c
c6b1
ce16
db15
ec60
0000
13a0
24eb
31ea
394f
3a94
3613
2cf9
211d
14b7
09f4
02a8
0010
02a0
09ef
14bd
2125
2cf6
360a
3a92
3956
31f0
24e6
1398
0000
ec68
db1a
ce10
c6aa
c56e
c9f6
d30a
dedb
eb43
f611
fd60
fff0
fd58
f60c
eb49
dee3
d307
c9ed
c56c
c6b1
ce16
db15
ec60
0000
13a0
24eb
31ea
394f
3a94
3613
2cf9
211d
14b7
09f4
02a8
0010
02a0
09ef
14bd
2125
2cf6
360a
3a92
3956
31f0
24e6
1398
0000
ec68
db1a
ce10
c6aa
c56e
c9f6
d30a
dedb
eb43
f611
fd60
fff0
fd58
f60c
eb49
dee3
d307
c9ed
c56c
c6b1
ce16
db15
ec60
0000
13a0
24eb
31ea
394f
3a94
3613
2cf9
211d
14b7
09f4
02a8
0010
02a0
09ef
14bd
2125
2cf6
360a
3a92
3956
31f0
24e6
1398
0000
ec68
db1a
ce10
c6aa
c56e
c9f6
d30a
dedb
eb43
f611
fd60
fff0
fd58
f60c
eb49
dee3
d307
c9ed
c56c
c6b1
ce16
db15
ec60
0000
13a0
24eb
31ea
394f
3a94
3613
2cf9
211d
14b7
09f4
02a8
0010
02a0
09ef
14bd
2125
2cf6
360a
3a92
3956
31f0
24e6
1398
0000
ec68
db1a
ce10
c6aa
c56e
c9f6
d30a
dedb
eb43
f611
fd60
fff0
fd58
f60c
eb49
dee3
d307
c9ed
c56c
c6b1
ce16
db15
ec60
0000
13a0
24eb
31ea
394f
3a94
3613
2cf9
211d
14b7
09f4
02a8
0010
02a0
09ef
14bd
2125
2cf6
360a
3a92
3956
31f0
24e6
1398
0000
ec68
db1a
ce10
c6aa
c56e
c9f6
d30a
dedb
eb43
f611
fd60
fff0
fd58
f60c
eb49
dee3
d307
c9ed
c56c
c6b1
ce16
db15
ec60
0000
13a0
24eb
31ea
394f
3a94
3613
2cf9
211d
14b7
09f4
02a8
0010
02a0
09ef
14bd
2125
2cf6
360a
3a92
3956
31f0
24e6
1398
0000
ec68
db1a
ce10
c6aa
c56e
c9f6
d30a
dedb
eb43
f611
fd60
fff0
fd58
f60c
eb49
dee3
d307
c9ed
c56c
c6b1
ce16
db15
ec60
0000
13a0
24eb
31ea
394f
3a94
3613
2cf9
211d
14b7
09f4
02a8
0010
02a0
09ef
14bd
2125
2cf6
360a
3a92
3956
31f0
24e6
1398
0000
ec68
db1a
ce10
c6aa
c56e
c9f6
d30a
dedb
eb43
f611
fd60
fff0
fd58
f60c
eb49
dee3
d307
c9ed
c56c
c6b1
ce16
db15
ec60
0000
13a0
24eb
31ea
394f
3a94
3613
2cf9
211d
14b7
09f4
02a8
0010
02a0
09ef
14bd
2125
2cf6
360a
3a92
3956
31f0
24e6
1398
0000
ec68
db1a
ce10
c6aa
c56e
c9f6
d30a
dedb
eb43
f611
fd60
fff0
fd58
f60c
eb49
dee3
d307
c9ed
c56c
c6b1
ce16
db15
ec60
0000
13a0
24eb
31ea
394f
3a94
3613
2cf9
211d
14b7
09f4
02a8
0010
02a0
09ef
14bd
2125
2cf6
360a
3a92
3956
31f0
24e6
1398
0000
ec68
db1a
ce10
c6aa
c56e
c9f6
d30a
dedb
eb43
f611
fd60
fff0
fd58
f60c
eb49
dee3
d307
c9ed
c56c
c6b1
ce16
db15
ec60
0000
13a0
24eb
31ea
394f
3a94
3613
2cf9
211d
14b7
09f4
02a8
0010
02a0
09ef
14bd
2125
2cf6
360a
3a92
3956
31f0
24e6
1398
0000
ec68
db1a
ce10
c6aa
c56e
c9f6
d30a
dedb
eb43
f611
fd60
fff0
fd58
f60c
eb49
dee3
d307
c9ed
c56c
c6b1
ce16
db15
ec60
0000
13a0
24eb
31ea
394f
3a94
3613
2cf9
211d
14b7
09f4
02a8
0010
02a0
09ef
14bd
2125
2cf6
360a
3a92
3956
31f0
24e6
1398
0000
ec68
db1a
ce10
c6aa
c56e
c9f6
d30a
dedb
eb43
f611
fd60
fff0
fd58
f60c
eb49
dee3
d307
c9ed
c56c
c6b1
ce16
db15
ec60
0000
13a0
24eb
31ea
394f
3a94
3613
2cf9
211d
14b7
09f4
02a8
0010
02a0
09ef
14bd
2125
2cf6
360a
3a92
3956
31f0
24e6
1398
0000
ec68
db1a
ce10
c6aa
c56e
c9f6
d30a
dedb
eb43
f611
fd60
fff0
fd58
f60c
eb49
dee3
d307
c9ed
c56c
c6b1
ce16
db15
ec60
0000
13a0
24eb
31ea
394f
3a94
3613
2cf9
211d
14b7
09f4
02a8
0010
02a0
09ef
14bd
2125
2cf6
360a
3a92
3956
31f0
24e6
1398
0000
ec68
db1a
ce10
c6aa
c56e
c9f6
d30a
dedb
eb43
f611
fd60
fff0
fd58
f60c
eb49
dee3
d307
c9ed
c56c
c6b1
ce16
db15
ec60
0000
13a0
24eb
31ea
394f
3a94
3613
2cf9
211d
14b7
09f4
02a8
0010
02a0
09ef
14bd
2125
2cf6
360a
3a92
3956
31f0
24e6
1398
0000
ec68
db1a
ce10
c6aa
c56e
c9f6
d30a
dedb
eb43
f611
fd60
fff0
fd58
f60c
eb49
dee3
d307
c9ed
c56c
c6b1
ce16
db15
ec60
0000
13a0
24eb
31ea
394f
3a94
3613
2cf9
211d
14b7
09f4
02a8
0010
02a0
09ef
14bd
2125
2cf6
360a
3a92
3956
31f0
24e6
1398
0000
ec68
db1a
ce10
c6aa
c56e
c9f6
d30a
dedb
eb43
f611
fd60
fff0
fd58
f60c
eb49
dee3
d307
c9ed
c56c
c6b1
ce16
db15
ec60
0000
13a0
24eb
31ea
394f
3a94
3613
2cf9
211d
14b7
09f4
02a8
0010
02a0
09ef
14bd
2125
2cf6
360a
3a92
3956
31f0
24e6
1398
0000
ec68
db1a
ce10
c6aa
c56e
c9f6
d30a
dedb
eb43
f611
fd60
fff0
fd58
f60c
eb49
dee3
d307
c9ed
c56c
c6b1
ce16
db15
ec60
0000
13a0
24eb
31ea
394f
3a94
3613
2cf9
211d
14b7
09f4
02a8
0010
02a0
09ef
14bd
2125
2cf6
360a
3a92
3956
31f0
24e6
1398
0000
ec68
db1a
ce10
c6aa
c56e
c9f6
d30a
dedb
eb43
f611
fd60
fff0
fd58
f60c
eb49
dee3
d307
c9ed
c56c
c6b1
ce16
db15
ec60
0000
13a0
24eb
31ea
394f
3a94
3613
2cf9
211d
14b7
09f4
02a8
0010
02a0
09ef
14bd
2125
2cf6
360a
3a92
3956
31f0
24e6
1398
0000
ec68
db1a
ce10
c6aa
c56e
c9f6
d30a
dedb
eb43
f611
fd60
fff0
fd58
f60c
eb49
dee3
d307
c9ed
c56c
c6b1
ce16
db15
ec60
0000
13a0
24eb
31ea
394f
3a94
3613
2cf9
211d
14b7
09f4
02a8
0010
02a0
09ef
14bd
2125
2cf6
360a
3a92
3956
31f0
24e6
1398
0000
ec68
db1a
ce10
c6aa
c56e
c9f6
d30a
dedb
eb43
f611
fd60
fff0
fd58
f60c
eb49
dee3
d307
c9ed
c56c
c6b1
ce16
db15
ec60
0000
13a0
24eb
31ea
394f
3a94
3613
2cf9
211d
14b7
09f4
02a8
0010
02a0
09ef
14bd
2125
2cf6
360a
3a92
3956
31f0
24e6
1398
0000
ec68
db1a
ce10
c6aa
c56e
c9f6
d30a
dedb
eb43
f611
fd60
fff0
fd58
f60c
eb49
dee3
d307
c9ed
c56c
c6b1
ce16
db15
ec60
0000
13a0
24eb
31ea
394f
3a94
3613
2cf9
211d
14b7
09f4
02a8
0010
02a0
09ef
14bd
2125
2cf6
360a
3a92
3956
31f0
24e6
1398
0000
ec68
db1a
ce10
c6aa
c56e
c9f6
d30a
dedb
eb43
f611
fd60
fff0
fd58
f60c
eb49
dee3
d307
c9ed
c56c
c6b1
ce16
db15
ec60
0000
13a0
24eb
31ea
394f
3a94
3613
2cf9
211d
14b7
09f4
02a8
0010
02a0
09ef
14bd
2125
2cf6
360a
3a92
3956
31f0
24e6
1398
0000
ec68
db1a
ce10
c6aa
c56e
c9f6
d30a
dedb
eb43
f611
fd60
fff0
fd58
f60c
eb49
dee3
d307
c9ed
c56c
c6b1
ce16
db15
ec60
0000
13a0
24eb
31ea
394f
3a94
3613
2cf9
211d
14b7
09f4
02a8
0010
02a0
09ef
14bd
2125
2cf6
360a
3a92
3956
31f0
24e6
1398
0000
ec68
db1a
ce10
c6aa
c56e
c9f6
d30a
dedb
eb43
f611
fd60
fff0
fd58
f60c
eb49
dee3
d307
c9ed
c56c
c6b1
ce16
db15
ec60
0000
13a0
24eb
31ea
394f
3a94
3613
2cf9
211d
14b7
09f4
02a8
0010
02a0
09ef
14bd
2125
2cf6
360a
3a92
3956
31f0
24e6
1398
0000
ec68
db1a
ce10
c6aa
c56e
c9f6
d30a
dedb
eb43
f611
fd60
fff0
fd58
f60c
eb49
dee3
d307
c9ed
c56c
c6b1
ce16
db15
ec60
0000
13a0
24eb
31ea
394f
3a94
3613
2cf9
211d
14b7
09f4
02a8
0010
02a0
09ef
14bd
2125
2cf6
360a
3a92
3956
31f0
24e6
1398
0000
ec68
db1a
ce10
c6aa
c56e
c9f6
d30a
dedb
eb43
f611
fd60
fff0
fd58
f60c
eb49
dee3
d307
c9ed
c56c
c6b1
ce16
db15
ec60
0000
13a0
24eb
31ea
394f
3a94
3613
2cf9
211d
14b7
09f4
02a8
0010
02a0
09ef
14bd
2125
2cf6
360a
3a92
3956
31f0
24e6
1398
0000
ec68
db1a
ce10
c6aa
c56e
c9f6
d30a
dedb
eb43
f611
fd60
fff0
fd58
f60c
eb49
dee3
d307
c9ed
c56c
c6b1
ce16
db15
ec60
0000
13a0
24eb
31ea
394f
3a94
3613
2cf9
211d
14b7
09f4
02a8
0010
02a0
09ef
14bd
2125
2cf6
360a
3a92
3956
31f0
24e6
1398
0000
ec68
db1a
ce10
c6aa
c56e
c9f6
d30a
dedb
eb43
f611
fd60
fff0
fd58
f60c
eb49
dee3
d307
c9ed
c56c
c6b1
ce16
db15
ec60
0000
13a0
24eb
31ea
394f
3a94
3613
2cf9
211d
14b7
09f4
02a8
0010
02a0
09ef
14bd
2125
2cf6
360a
3a92
3956
31f0
24e6
1398
0000
ec68
db1a
ce10
c6aa
c56e
c9f6
d30a
dedb
eb43
f611
fd60
fff0
fd58
f60c
eb49
dee3
d307
c9ed
c56c
c6b1
ce16
db15
ec60
0000
13a0
24eb
31ea
394f
3a94
3613
2cf9
211d
14b7
09f4
02a8
0010
02a0
09ef
14bd
2125
2cf6
360a
3a92
3956
31f0
24e6
1398
0000
ec68
db1a
ce10
c6aa
c56e
c9f6
d30a
dedb
eb43
f611
fd60
fff0
fd58
f60c
eb49
dee3
d307
c9ed
c56c
c6b1
ce16
db15
ec60
0000
13a0
24eb
31ea
394f
3a94
3613
2cf9
211d
14b7
09f4
02a8
0010
02a0
09ef
14bd
2125
2cf6
360a
3a92
3956
31f0
24e6
1398
0000
ec68
db1a
ce10
c6aa
c56e
c9f6
d30a
dedb
eb43
f611
fd60
fff0
fd58
f60c
eb49
dee3
d307
c9ed
c56c
c6b1
ce16
db15
ec60
0000
13a0
24eb
31ea
394f
3a94
3613
2cf9
211d
14b7
09f4
02a8
0010
02a0
09ef
14bd
2125
2cf6
360a
3a92
3956
31f0
24e6
1398
0000
ec68
db1a
ce10
c6aa
c56e
c9f6
d30a
dedb
eb43
f611
fd60
fff0
fd58
f60c
eb49
dee3
d307
c9ed
c56c
c6b1
ce16
db15
ec60
0000
13a0
24eb
31ea
394f
3a94
3613
2cf9
211d
14b7
09f4
02a8
0010
02a0
09ef
14bd
2125
2cf6
360a
3a92
3956
31f0
24e6
1398
0000
ec68
db1a
ce10
c6aa
c56e
c9f6
d30a
dedb
eb43
f611
fd60
fff0
fd58
f60c
eb49
dee3
d307
c9ed
c56c
c6b1
ce16
db15
ec60
0000
13a0
24eb
31ea
394f
3a94
3613
2cf9
211d
14b7
09f4
02a8
0010
02a0
09ef
14bd
2125
2cf6
360a
3a92
3956
31f0
24e6
1398
0000
ec68
db1a
ce10
c6aa
c56e
c9f6
d30a
dedb
eb43
f611
fd60
fff0
fd58
f60c
eb49
dee3
d307
c9ed
c56c
c6b1
ce16
db15
ec60
0000
13a0
24eb
31ea
394f
3a94
3613
2cf9
211d
14b7
09f4
02a8
0010
02a0
09ef
14bd
2125
2cf6
360a
3a92
3956
31f0
24e6
1398
0000
ec68
db1a
ce10
c6aa
c56e
c9f6
d30a
dedb
eb43
f611
fd60
fff0
fd58
f60c
eb49
dee3
d307
c9ed
c56c
c6b1
ce16
db15
ec60
0000
13a0
24eb
31ea
394f
3a94
3613
2cf9
211d
14b7
09f4
02a8
0010
02a0
09ef
14bd
2125
2cf6
360a
3a92
3956
31f0
24e6
1398
0000
ec68
db1a
ce10
c6aa
c56e
c9f6
d30a
dedb
eb43
f611
fd60
fff0
fd58
f60c
eb49
dee3
d307
c9ed
c56c
c6b1
ce16
db15
ec60
0000
13a0
24eb
31ea
394f
3a94
3613
2cf9
211d
14b7
09f4
02a8
0010
02a0
09ef
14bd
2125
2cf6
360a
3a92
3956
31f0
24e6
1398
0000
ec68
db1a
ce10
c6aa
c56e
c9f6
d30a
dedb
eb43
f611
fd60
fff0
fd58
f60c
eb49
dee3
d307
c9ed
c56c
c6b1
ce16
db15
ec60
0000
13a0
24eb
31ea
394f
3a94
3613
2cf9
211d
14b7
09f4
02a8
0010
02a0
09ef
14bd
2125
2cf6
360a
3a92
3956
31f0
24e6
1398
0000
ec68
db1a
ce10
c6aa
c56e
c9f6
d30a
dedb
eb43
f611
fd60
fff0
fd58
f60c
eb49
dee3
d307
c9ed
c56c
c6b1
ce16
db15
ec60
0000
13a0
24eb
31ea
394f
3a94
3613
2cf9
211d
14b7
09f4
02a8
0010
02a0
09ef
14bd
2125
2cf6
360a
3a92
3956
31f0
24e6
1398
0000
ec68
db1a
ce10
c6aa
c56e
c9f6
d30a
dedb
eb43
f611
fd60
fff0
fd58
f60c
eb49
dee3
d307
c9ed
c56c
c6b1
ce16
db15
ec60
0000
13a0
24eb
31ea
394f
3a94
3613
2cf9
211d
14b7
09f4
02a8
0010
02a0
09ef
14bd
2125
2cf6
360a
3a92
3956
31f0
24e6
1398
0000
ec68
db1a
ce10
c6aa
c56e
c9f6
d30a
dedb
eb43
f611
fd60
fff0
fd58
f60c
eb49
dee3
d307
c9ed
c56c
c6b1
ce16
db15
ec60
0000
13a0
24eb
31ea
394f
3a94
3613
2cf9
211d
14b7
09f4
02a8
0010
02a0
09ef
14bd
2125
2cf6
360a
3a92
3956
31f0
24e6
1398
0000
ec68
db1a
ce10
c6aa
c56e
c9f6
d30a
dedb
eb43
f611
fd60
fff0
fd58
f60c
eb49
dee3
d307
c9ed
c56c
c6b1
ce16
db15
ec60
0000
13a0
24eb
31ea
394f
3a94
3613
2cf9
211d
14b7
09f4
02a8
0010
02a0
09ef
14bd
2125
2cf6
360a
3a92
3956
31f0
24e6
1398
0000
ec68
db1a
ce10
c6aa
c56e
c9f6
d30a
dedb
eb43
f611
fd60
fff0
fd58
f60c
eb49
dee3
d307
c9ed
c56c
c6b1
ce16
db15
ec60
0000
13a0
24eb
31ea
394f
3a94
3613
2cf9
211d
14b7
09f4
02a8
0010
02a0
09ef
14bd
2125
2cf6
360a
3a92
3956
31f0
24e6
1398
0000
ec68
db1a
ce10
c6aa
c56e
c9f6
d30a
dedb
eb43
f611
fd60
fff0
fd58
f60c
eb49
dee3
d307
c9ed
c56c
c6b1
ce16
db15
ec60
0000
13a0
24eb
31ea
394f
3a94
3613
2cf9
211d
14b7
09f4
02a8
0010
02a0
09ef
14bd
2125
2cf6
360a
3a92
3956
31f0
24e6
1398
0000
ec68
db1a
ce10
c6aa
c56e
c9f6
d30a
dedb
eb43
f611
fd60
fff0
fd58
f60c
eb49
dee3
d307
c9ed
c56c
c6b1
ce16
db15
ec60
0000
13a0
24eb
31ea
394f
3a94
3613
2cf9
211d
14b7
09f4
02a8
0010
02a0
09ef
14bd
2125
2cf6
360a
3a92
3956
31f0
24e6
1398
0000
ec68
db1a
ce10
c6aa
c56e
c9f6
d30a
dedb
eb43
f611
fd60
fff0
fd58
f60c
eb49
dee3
d307
c9ed
c56c
c6b1
ce16
db15
ec60
0000
13a0
24eb
31ea
394f
3a94
3613
2cf9
211d
14b7
09f4
02a8
0010
02a0
09ef
14bd
2125
2cf6
360a
3a92
3956
31f0
24e6
1398
0000
ec68
db1a
ce10
c6aa
c56e
c9f6
d30a
dedb
eb43
f611
fd60
fff0
fd58
f60c
eb49
dee3
d307
c9ed
c56c
c6b1
ce16
db15
ec60
0000
13a0
24eb
31ea
394f
3a94
3613
2cf9
211d
14b7
09f4
02a8
0010
02a0
09ef
14bd
2125
2cf6
360a
3a92
3956
31f0
24e6
1398
0000
ec68
db1a
ce10
c6aa
c56e
c9f6
d30a
dedb
eb43
f611
fd60
fff0
fd58
f60c
eb49
dee3
d307
c9ed
c56c
c6b1
ce16
db15
ec60
0000
13a0
24eb
31ea
394f
3a94
3613
2cf9
211d
14b7
09f4
02a8
0010
02a0
09ef
14bd
2125
2cf6
360a
3a92
3956
31f0
24e6
1398
0000
ec68
db1a
ce10
c6aa
c56e
c9f6
d30a
dedb
eb43
f611
fd60
fff0
fd58
f60c
eb49
dee3
d307
c9ed
c56c
c6b1
ce16
db15
ec60
0000
13a0
24eb
31ea
394f
3a94
3613
2cf9
211d
14b7
09f4
02a8
0010
02a0
09ef
14bd
2125
2cf6
360a
3a92
3956
31f0
24e6
1398
0000
ec68
db1a
ce10
c6aa
c56e
c9f6
d30a
dedb
eb43
f611
fd60
fff0
fd58
f60c
eb49
dee3
d307
c9ed
c56c
c6b1
ce16
db15
ec60
0000
13a0
24eb
31ea
394f
3a94
3613
2cf9
211d
14b7
09f4
02a8
0010
02a0
09ef
14bd
2125
2cf6
360a
3a92
3956
31f0
24e6
1398
0000
ec68
db1a
ce10
c6aa
c56e
c9f6
d30a
dedb
eb43
f611
fd60
fff0
fd58
f60c
eb49
dee3
d307
c9ed
c56c
c6b1
ce16
db15
ec60
0000
13a0
24eb
31ea
394f
3a94
3613
2cf9
211d
14b7
09f4
02a8
0010
02a0
09ef
14bd
2125
2cf6
360a
3a92
3956
31f0
24e6
1398
0000
ec68
db1a
ce10
c6aa
c56e
c9f6
d30a
dedb
eb43
f611
fd60
fff0
fd58
f60c
eb49
dee3
d307
c9ed
c56c
c6b1
ce16
db15
ec60
0000
13a0
24eb
31ea
394f
3a94
3613
2cf9
211d
14b7
09f4
02a8
0010
02a0
09ef
14bd
2125
2cf6
360a
3a92
3956
31f0
24e6
1398
0000
ec68
db1a
ce10
c6aa
c56e
c9f6
d30a
dedb
eb43
f611
fd60
fff0
fd58
f60c
eb49
dee3
d307
c9ed
c56c
c6b1
ce16
db15
ec60
0000
13a0
24eb
31ea
394f
3a94
3613
2cf9
211d
14b7
09f4
02a8
0010
02a0
09ef
14bd
2125
2cf6
360a
3a92
3956
31f0
24e6
1398
0000
ec68
db1a
ce10
c6aa
c56e
c9f6
d30a
dedb
eb43
f611
fd60
fff0
fd58
f60c
eb49
dee3
d307
c9ed
c56c
c6b1
ce16
db15
ec60
0000
13a0
24eb
31ea
394f
3a94
3613
2cf9
211d
14b7
09f4
02a8
0010
02a0
09ef
14bd
2125
2cf6
360a
3a92
3956
31f0
24e6
1398
0000
ec68
db1a
ce10
c6aa
c56e
c9f6
d30a
dedb
eb43
f611
fd60
fff0
fd58
f60c
eb49
dee3
d307
c9ed
c56c
c6b1
ce16
db15
ec60
0000
13a0
24eb
31ea
394f
3a94
3613
2cf9
211d
14b7
09f4
02a8
0010
02a0
09ef
14bd
2125
2cf6
360a
3a92
3956
31f0
24e6
1398
0000
ec68
db1a
ce10
c6aa
c56e
c9f6
d30a
dedb
eb43
f611
fd60
fff0
fd58
f60c
eb49
dee3
d307
c9ed
c56c
c6b1
ce16
db15
ec60
0000
13a0
24eb
31ea
394f
3a94
3613
2cf9
211d
14b7
09f4
02a8
0010
02a0
09ef
14bd
2125
2cf6
360a
3a92
3956
31f0
24e6
1398
0000
ec68
db1a
ce10
c6aa
c56e
c9f6
d30a
dedb
eb43
f611
fd60
fff0
fd58
f60c
eb49
dee3
d307
c9ed
c56c
c6b1
ce16
db15
ec60
0000
13a0
24eb
31ea
394f
3a94
3613
2cf9
211d
14b7
09f4
02a8
0010
02a0
09ef
14bd
2125
2cf6
360a
3a92
3956
31f0
24e6
1398
0000
ec68
db1a
ce10
c6aa
c56e
c9f6
d30a
dedb
eb43
f611
fd60
fff0
fd58
f60c
eb49
dee3
d307
c9ed
c56c
c6b1
ce16
db15
ec60
0000
13a0
24eb
31ea
394f
3a94
3613
2cf9
211d
14b7
09f4
02a8
0010
02a0
09ef
14bd
2125
2cf6
360a
3a92
3956
31f0
24e6
1398
0000
ec68
db1a
ce10
c6aa
c56e
c9f6
d30a
dedb
eb43
f611
fd60
fff0
fd58
f60c
eb49
dee3
d307
c9ed
c56c
c6b1
ce16
db15
ec60
0000
13a0
24eb
31ea
394f
3a94
3613
2cf9
211d
14b7
09f4
02a8
0010
02a0
09ef
14bd
2125
2cf6
360a
3a92
3956
31f0
24e6
1398
0000
ec68
db1a
ce10
c6aa
c56e
c9f6
d30a
dedb
eb43
f611
fd60
fff0
fd58
f60c
eb49
dee3
d307
c9ed
c56c
c6b1
ce16
db15
ec60
0000
13a0
24eb
31ea
394f
3a94
3613
2cf9
211d
14b7
09f4
02a8
0010
02a0
09ef
14bd
2125
2cf6
360a
3a92
3956
31f0
24e6
1398
0000
ec68
db1a
ce10
c6aa
c56e
c9f6
d30a
dedb
eb43
f611
fd60
fff0
fd58
f60c
eb49
dee3
d307
c9ed
c56c
c6b1
ce16
db15
ec60
0000
13a0
24eb
31ea
394f
3a94
3613
2cf9
211d
14b7
09f4
02a8
0010
02a0
09ef
14bd
2125
2cf6
360a
3a92
3956
31f0
24e6
1398
0000
ec68
db1a
ce10
c6aa
c56e
c9f6
d30a
dedb
eb43
f611
fd60
fff0
fd58
f60c
eb49
dee3
d307
c9ed
c56c
c6b1
ce16
db15
ec60
0000
13a0
24eb
31ea
394f
3a94
3613
2cf9
211d
14b7
09f4
02a8
0010
02a0
09ef
14bd
2125
2cf6
360a
3a92
3956
31f0
24e6
1398
0000
ec68
db1a
ce10
c6aa
c56e
c9f6
d30a
dedb
eb43
f611
fd60
fff0
fd58
f60c
eb49
dee3
d307
c9ed
c56c
c6b1
ce16
db15
ec60
0000
13a0
24eb
31ea
394f
3a94
3613
2cf9
211d
14b7
09f4
02a8
0010
02a0
09ef
14bd
2125
2cf6
360a
3a92
3956
31f0
24e6
1398
0000
ec68
db1a
ce10
c6aa
c56e
c9f6
d30a
dedb
eb43
f611
fd60
fff0
fd58
f60c
eb49
dee3
d307
c9ed
c56c
c6b1
ce16
db15
ec60
0000
13a0
24eb
31ea
394f
3a94
3613
2cf9
211d
14b7
09f4
02a8
0010
02a0
09ef
14bd
2125
2cf6
360a
3a92
3956
31f0
24e6
1398
0000
ec68
db1a
ce10
c6aa
c56e
c9f6
d30a
dedb
eb43
f611
fd60
fff0
fd58
f60c
eb49
dee3
d307
c9ed
c56c
c6b1
ce16
db15
ec60
0000
13a0
24eb
31ea
394f
3a94
3613
2cf9
211d
14b7
09f4
02a8
0010
02a0
09ef
14bd
2125
2cf6
360a
3a92
3956
31f0
24e6
1398
0000
ec68
db1a
ce10
c6aa
c56e
c9f6
d30a
dedb
eb43
f611
fd60
fff0
fd58
f60c
eb49
dee3
d307
c9ed
c56c
c6b1
ce16
db15
ec60
0000
13a0
24eb
31ea
394f
3a94
3613
2cf9
211d
14b7
09f4
02a8
0010
02a0
09ef
14bd
2125
2cf6
360a
3a92
3956
31f0
24e6
1398
0000
ec68
db1a
ce10
c6aa
c56e
c9f6
d30a
dedb
eb43
f611
fd60
fff0
fd58
f60c
eb49
dee3
d307
c9ed
c56c
c6b1
ce16
db15
ec60
0000
13a0
24eb
31ea
394f
3a94
3613
2cf9
211d
14b7
09f4
02a8
0010
02a0
09ef
14bd
2125
2cf6
360a
3a92
3956
31f0
24e6
1398
0000
ec68
db1a
ce10
c6aa
c56e
c9f6
d30a
dedb
eb43
f611
fd60
fff0
fd58
f60c
eb49
dee3
d307
c9ed
c56c
c6b1
ce16
db15
ec60
0000
13a0
24eb
31ea
394f
3a94
3613
2cf9
211d
14b7
09f4
02a8
0010
02a0
09ef
14bd
2125
2cf6
360a
3a92
3956
31f0
24e6
1398
0000
ec68
db1a
ce10
c6aa
c56e
c9f6
d30a
dedb
eb43
f611
fd60
fff0
fd58
f60c
eb49
dee3
d307
c9ed
c56c
c6b1
ce16
db15
ec60
0000
13a0
24eb
31ea
394f
3a94
3613
2cf9
211d
14b7
09f4
02a8
0010
02a0
09ef
14bd
2125
2cf6
360a
3a92
3956
31f0
24e6
1398
0000
ec68
db1a
ce10
c6aa
c56e
c9f6
d30a
dedb
eb43
f611
fd60
fff0
fd58
f60c
eb49
dee3
d307
c9ed
c56c
c6b1
ce16
db15
ec60
0000
13a0
24eb
31ea
394f
3a94
3613
2cf9
211d
14b7
09f4
02a8
0010
02a0
09ef
14bd
2125
2cf6
360a
3a92
3956
31f0
24e6
1398
0000
ec68
db1a
ce10
c6aa
c56e
c9f6
d30a
dedb
eb43
f611
fd60
fff0
fd58
f60c
eb49
dee3
d307
c9ed
c56c
c6b1
ce16
db15
ec60
0000
13a0
24eb
31ea
394f
3a94
3613
2cf9
211d
14b7
09f4
02a8
0010
02a0
09ef
14bd
2125
2cf6
360a
3a92
3956
31f0
24e6
1398
0000
ec68
db1a
ce10
c6aa
c56e
c9f6
d30a
dedb
eb43
f611
fd60
fff0
fd58
f60c
eb49
dee3
d307
c9ed
c56c
c6b1
ce16
db15
ec60
0000
13a0
24eb
31ea
394f
3a94
3613
2cf9
211d
14b7
09f4
02a8
0010
02a0
09ef
14bd
2125
2cf6
360a
3a92
3956
31f0
24e6
1398
0000
ec68
db1a
ce10
c6aa
c56e
c9f6
d30a
dedb
eb43
f611
fd60
fff0
fd58
f60c
eb49
dee3
d307
c9ed
c56c
c6b1
ce16
db15
ec60
0000
13a0
24eb
31ea
394f
3a94
3613
2cf9
211d
14b7
09f4
02a8
0010
02a0
09ef
14bd
2125
2cf6
360a
3a92
3956
31f0
24e6
1398
0000
ec68
db1a
ce10
c6aa
c56e
c9f6
d30a
dedb
eb43
f611
fd60
fff0
fd58
f60c
eb49
dee3
d307
c9ed
c56c
c6b1
ce16
db15
ec60
0000
13a0
24eb
31ea
394f
3a94
3613
2cf9
211d
14b7
09f4
02a8
0010
02a0
09ef
14bd
2125
2cf6
360a
3a92
3956
31f0
24e6
1398
0000
ec68
db1a
ce10
c6aa
c56e
c9f6
d30a
dedb
eb43
f611
fd60
fff0
fd58
f60c
eb49
dee3
d307
c9ed
c56c
c6b1
ce16
db15
ec60
0000
13a0
24eb
31ea
394f
3a94
3613
2cf9
211d
14b7
09f4
02a8
0010
02a0
09ef
14bd
2125
2cf6
360a
3a92
3956
31f0
24e6
1398
0000
ec68
db1a
ce10
c6aa
c56e
c9f6
d30a
dedb
eb43
f611
fd60
fff0
fd58
f60c
eb49
dee3
d307
c9ed
c56c
c6b1
ce16
db15
ec60
0000
13a0
24eb
31ea
394f
3a94
3613
2cf9
211d
14b7
09f4
02a8
0010
02a0
09ef
14bd
2125
2cf6
360a
3a92
3956
31f0
24e6
1398
0000
ec68
db1a
ce10
c6aa
c56e
c9f6
d30a
dedb
eb43
f611
fd60
fff0
fd58
f60c
eb49
dee3
d307
c9ed
c56c
c6b1
ce16
db15
ec60
0000
13a0
24eb
31ea
394f
3a94
3613
2cf9
211d
14b7
09f4
02a8
0010
02a0
09ef
14bd
2125
2cf6
360a
3a92
3956
31f0
24e6
1398
0000
ec68
db1a
ce10
c6aa
c56e
c9f6
d30a
dedb
eb43
f611
fd60
fff0
fd58
f60c
eb49
dee3
d307
c9ed
c56c
c6b1
ce16
db15
ec60
0000
13a0
24eb
31ea
394f
3a94
3613
2cf9
211d
14b7
09f4
02a8
0010
02a0
09ef
14bd
2125
2cf6
360a
3a92
3956
31f0
24e6
1398
0000
ec68
db1a
ce10
c6aa
c56e
c9f6
d30a
dedb
eb43
f611
fd60
fff0
fd58
f60c
eb49
dee3
d307
c9ed
c56c
c6b1
ce16
db15
ec60
0000
13a0
24eb
31ea
394f
3a94
3613
2cf9
211d
14b7
09f4
02a8
0010
02a0
09ef
14bd
2125
2cf6
360a
3a92
3956
31f0
24e6
1398
0000
ec68
db1a
ce10
c6aa
c56e
c9f6
d30a
dedb
eb43
f611
fd60
fff0
fd58
f60c
eb49
dee3
d307
c9ed
c56c
c6b1
ce16
db15
ec60
0000
13a0
24eb
31ea
394f
3a94
3613
2cf9
211d
14b7
09f4
02a8
0010
02a0
09ef
14bd
2125
2cf6
360a
3a92
3956
31f0
24e6
1398
0000
ec68
db1a
ce10
c6aa
c56e
c9f6
d30a
dedb
eb43
f611
fd60
fff0
fd58
f60c
eb49
dee3
d307
c9ed
c56c
c6b1
ce16
db15
ec60
0000
13a0
24eb
31ea
394f
3a94
3613
2cf9
211d
14b7
09f4
02a8
0010
02a0
09ef
14bd
2125
2cf6
360a
3a92
3956
31f0
24e6
1398
0000
ec68
db1a
ce10
c6aa
c56e
c9f6
d30a
dedb
eb43
f611
fd60
fff0
fd58
f60c
eb49
dee3
d307
c9ed
c56c
c6b1
ce16
db15
ec60
0000
13a0
24eb
31ea
394f
3a94
3613
2cf9
211d
14b7
09f4
02a8
0010
02a0
09ef
14bd
2125
2cf6
360a
3a92
3956
31f0
24e6
1398
0000
ec68
db1a
ce10
c6aa
c56e
c9f6
d30a
dedb
eb43
f611
fd60
fff0
fd58
f60c
eb49
dee3
d307
c9ed
c56c
c6b1
ce16
db15
ec60
0000
13a0
24eb
31ea
394f
3a94
3613
2cf9
211d
14b7
09f4
02a8
0010
02a0
09ef
14bd
2125
2cf6
360a
3a92
3956
31f0
24e6
1398
0000
ec68
db1a
ce10
c6aa
c56e
c9f6
d30a
dedb
eb43
f611
fd60
fff0
fd58
f60c
eb49
dee3
d307
c9ed
c56c
c6b1
ce16
db15
ec60
0000
13a0
24eb
31ea
394f
3a94
3613
2cf9
211d
14b7
09f4
02a8
0010
02a0
09ef
14bd
2125
2cf6
360a
3a92
3956
31f0
24e6
1398
0000
ec68
db1a
ce10
c6aa
c56e
c9f6
d30a
dedb
eb43
f611
fd60
fff0
fd58
f60c
eb49
dee3
d307
c9ed
c56c
c6b1
ce16
db15
ec60
0000
13a0
24eb
31ea
394f
3a94
3613
2cf9
211d
14b7
09f4
02a8
0010
02a0
09ef
14bd
2125
2cf6
360a
3a92
3956
31f0
24e6
1398
0000
ec68
db1a
ce10
c6aa
c56e
c9f6
d30a
dedb
eb43
f611
fd60
fff0
fd58
f60c
eb49
dee3
d307
c9ed
c56c
c6b1
ce16
db15
ec60
0000
13a0
24eb
31ea
394f
3a94
3613
2cf9
211d
14b7
09f4
02a8
0010
02a0
09ef
14bd
2125
2cf6
360a
3a92
3956
31f0
24e6
1398
0000
ec68
db1a
ce10
c6aa
c56e
c9f6
d30a
dedb
eb43
f611
fd60
fff0
fd58
f60c
eb49
dee3
d307
c9ed
c56c
c6b1
ce16
db15
ec60
0000
13a0
24eb
31ea
394f
3a94
3613
2cf9
211d
14b7
09f4
02a8
0010
02a0
09ef
14bd
2125
2cf6
360a
3a92
3956
31f0
24e6
1398
0000
ec68
db1a
ce10
c6aa
c56e
c9f6
d30a
dedb
eb43
f611
fd60
fff0
fd58
f60c
eb49
dee3
d307
c9ed
c56c
c6b1
ce16
db15
ec60
0000
13a0
24eb
31ea
394f
3a94
3613
2cf9
211d
14b7
09f4
02a8
0010
02a0
09ef
14bd
2125
2cf6
360a
3a92
3956
31f0
24e6
1398
0000
ec68
db1a
ce10
c6aa
c56e
c9f6
d30a
dedb
eb43
f611
fd60
fff0
fd58
f60c
eb49
dee3
d307
c9ed
c56c
c6b1
ce16
db15
ec60
0000
13a0
24eb
31ea
394f
3a94
3613
2cf9
211d
14b7
09f4
02a8
0010
02a0
09ef
14bd
2125
2cf6
360a
3a92
3956
31f0
24e6
1398
0000
ec68
db1a
ce10
c6aa
c56e
c9f6
d30a
dedb
eb43
f611
fd60
fff0
fd58
f60c
eb49
dee3
d307
c9ed
c56c
c6b1
ce16
db15
ec60
0000
13a0
24eb
31ea
394f
3a94
3613
2cf9
211d
14b7
09f4
02a8
0010
02a0
09ef
14bd
2125
2cf6
360a
3a92
3956
31f0
24e6
1398
0000
ec68
db1a
ce10
c6aa
c56e
c9f6
d30a
dedb
eb43
f611
fd60
fff0
fd58
f60c
eb49
dee3
d307
c9ed
c56c
c6b1
ce16
db15
ec60
0000
13a0
24eb
31ea
394f
3a94
3613
2cf9
211d
14b7
09f4
02a8
0010
02a0
09ef
14bd
2125
2cf6
360a
3a92
3956
31f0
24e6
1398
0000
ec68
db1a
ce10
c6aa
c56e
c9f6
d30a
dedb
eb43
f611
fd60
fff0
fd58
f60c
eb49
dee3
d307
c9ed
c56c
c6b1
ce16
db15
ec60
0000
13a0
24eb
31ea
394f
3a94
3613
2cf9
211d
14b7
09f4
02a8
0010
02a0
09ef
14bd
2125
2cf6
360a
3a92
3956
31f0
24e6
1398
0000
ec68
db1a
ce10
c6aa
c56e
c9f6
d30a
dedb
eb43
f611
fd60
fff0
fd58
f60c
eb49
dee3
d307
c9ed
c56c
c6b1
ce16
db15
ec60
0000
13a0
24eb
31ea
394f
3a94
3613
2cf9
211d
14b7
09f4
02a8
0010
02a0
09ef
14bd
2125
2cf6
360a
3a92
3956
31f0
24e6
1398
0000
ec68
db1a
ce10
c6aa
c56e
c9f6
d30a
dedb
eb43
f611
fd60
fff0
fd58
f60c
eb49
dee3
d307
c9ed
c56c
c6b1
ce16
db15
ec60
0000
13a0
24eb
31ea
394f
3a94
3613
2cf9
211d
14b7
09f4
02a8
0010
02a0
09ef
14bd
2125
2cf6
360a
3a92
3956
31f0
24e6
1398
0000
ec68
db1a
ce10
c6aa
c56e
c9f6
d30a
dedb
eb43
f611
fd60
fff0
fd58
f60c
eb49
dee3
d307
c9ed
c56c
c6b1
ce16
db15
ec60
0000
13a0
24eb
31ea
394f
3a94
3613
2cf9
211d
14b7
09f4
02a8
0010
02a0
09ef
14bd
2125
2cf6
360a
3a92
3956
31f0
24e6
1398
0000
ec68
db1a
ce10
c6aa
c56e
c9f6
d30a
dedb
eb43
f611
fd60
fff0
fd58
f60c
eb49
dee3
d307
c9ed
c56c
c6b1
ce16
db15
ec60
0000
13a0
24eb
31ea
394f
3a94
3613
2cf9
211d
14b7
09f4
02a8
0010
02a0
09ef
14bd
2125
2cf6
360a
3a92
3956
31f0
24e6
1398
0000
ec68
db1a
ce10
c6aa
c56e
c9f6
d30a
dedb
eb43
f611
fd60
fff0
fd58
f60c
eb49
dee3
d307
c9ed
c56c
c6b1
ce16
db15
ec60
0000
13a0
24eb
31ea
394f
3a94
3613
2cf9
211d
14b7
09f4
02a8
0010
02a0
09ef
14bd
2125
2cf6
360a
3a92
3956
31f0
24e6
1398
0000
ec68
db1a
ce10
c6aa
c56e
c9f6
d30a
dedb
eb43
f611
fd60
fff0
fd58
f60c
eb49
dee3
d307
c9ed
c56c
c6b1
ce16
db15
ec60
0000
13a0
24eb
31ea
394f
3a94
3613
2cf9
211d
14b7
09f4
02a8
0010
02a0
09ef
14bd
2125
2cf6
360a
3a92
3956
31f0
24e6
1398
0000
ec68
db1a
ce10
c6aa
c56e
c9f6
d30a
dedb
eb43
f611
fd60
fff0
fd58
f60c
eb49
dee3
d307
c9ed
c56c
c6b1
ce16
db15
ec60
0000
13a0
24eb
31ea
394f
3a94
3613
2cf9
211d
14b7
09f4
02a8
0010
02a0
09ef
14bd
2125
2cf6
360a
3a92
3956
31f0
24e6
1398
0000
ec68
db1a
ce10
c6aa
c56e
c9f6
d30a
dedb
eb43
f611
fd60
fff0
fd58
f60c
eb49
dee3
d307
c9ed
c56c
c6b1
ce16
db15
ec60
0000
13a0
24eb
31ea
394f
3a94
3613
2cf9
211d
14b7
09f4
02a8
0010
02a0
09ef
14bd
2125
2cf6
360a
3a92
3956
31f0
24e6
1398
0000
ec68
db1a
ce10
c6aa
c56e
c9f6
d30a
dedb
eb43
f611
fd60
fff0
fd58
f60c
eb49
dee3
d307
c9ed
c56c
c6b1
ce16
db15
ec60
0000
13a0
24eb
31ea
394f
3a94
3613
2cf9
211d
14b7
09f4
02a8
0010
02a0
09ef
14bd
2125
2cf6
360a
3a92
3956
31f0
24e6
1398
0000
ec68
db1a
ce10
c6aa
c56e
c9f6
d30a
dedb
eb43
f611
fd60
fff0
fd58
f60c
eb49
dee3
d307
c9ed
c56c
c6b1
ce16
db15
ec60
0000
13a0
24eb
31ea
394f
3a94
3613
2cf9
211d
14b7
09f4
02a8
0010
02a0
09ef
14bd
2125
2cf6
360a
3a92
3956
31f0
24e6
1398
0000
ec68
db1a
ce10
c6aa
c56e
c9f6
d30a
dedb
eb43
f611
fd60
fff0
fd58
f60c
eb49
dee3
d307
c9ed
c56c
c6b1
ce16
db15
ec60
0000
13a0
24eb
31ea
394f
3a94
3613
2cf9
211d
14b7
09f4
02a8
0010
02a0
09ef
14bd
2125
2cf6
360a
3a92
3956
31f0
24e6
1398
0000
ec68
db1a
ce10
c6aa
c56e
c9f6
d30a
dedb
eb43
f611
fd60
fff0
fd58
f60c
eb49
dee3
d307
c9ed
c56c
c6b1
ce16
db15
ec60
0000
13a0
24eb
31ea
394f
3a94
3613
2cf9
211d
14b7
09f4
02a8
0010
02a0
09ef
14bd
2125
2cf6
360a
3a92
3956
31f0
24e6
1398
0000
ec68
db1a
ce10
c6aa
c56e
c9f6
d30a
dedb
eb43
f611
fd60
fff0
fd58
f60c
eb49
dee3
d307
c9ed
c56c
c6b1
ce16
db15
ec60
0000
13a0
24eb
31ea
394f
3a94
3613
2cf9
211d
14b7
09f4
02a8
0010
02a0
09ef
14bd
2125
2cf6
360a
3a92
3956
31f0
24e6
1398
0000
ec68
db1a
ce10
c6aa
c56e
c9f6
d30a
dedb
eb43
f611
fd60
fff0
fd58
f60c
eb49
dee3
d307
c9ed
c56c
c6b1
ce16
db15
ec60
0000
13a0
24eb
31ea
394f
3a94
3613
2cf9
211d
14b7
09f4
02a8
0010
02a0
09ef
14bd
2125
2cf6
360a
3a92
3956
31f0
24e6
1398
0000
ec68
db1a
ce10
c6aa
c56e
c9f6
d30a
dedb
eb43
f611
fd60
fff0
fd58
f60c
eb49
dee3
d307
c9ed
c56c
c6b1
ce16
db15
ec60
0000
13a0
24eb
31ea
394f
3a94
3613
2cf9
211d
14b7
09f4
02a8
0010
02a0
09ef
14bd
2125
2cf6
360a
3a92
3956
31f0
24e6
1398
0000
ec68
db1a
ce10
c6aa
c56e
c9f6
d30a
dedb
eb43
f611
fd60
fff0
fd58
f60c
eb49
dee3
d307
c9ed
c56c
c6b1
ce16
db15
ec60
0000
13a0
24eb
31ea
394f
3a94
3613
2cf9
211d
14b7
09f4
02a8
0010
02a0
09ef
14bd
2125
2cf6
360a
3a92
3956
31f0
24e6
1398
0000
ec68
db1a
ce10
c6aa
c56e
c9f6
d30a
dedb
eb43
f611
fd60
fff0
fd58
f60c
eb49
dee3
d307
c9ed
c56c
c6b1
ce16
db15
ec60
0000
13a0
24eb
31ea
394f
3a94
3613
2cf9
211d
14b7
09f4
02a8
0010
02a0
09ef
14bd
2125
2cf6
360a
3a92
3956
31f0
24e6
1398
0000
ec68
db1a
ce10
c6aa
c56e
c9f6
d30a
dedb
eb43
f611
fd60
fff0
fd58
f60c
eb49
dee3
d307
c9ed
c56c
c6b1
ce16
db15
ec60
0000
13a0
24eb
31ea
394f
3a94
3613
2cf9
211d
14b7
09f4
02a8
0010
02a0
09ef
14bd
2125
2cf6
360a
3a92
3956
31f0
24e6
1398
0000
ec68
db1a
ce10
c6aa
c56e
c9f6
d30a
dedb
eb43
f611
fd60
fff0
fd58
f60c
eb49
dee3
d307
c9ed
c56c
c6b1
ce16
db15
ec60
0000
13a0
24eb
31ea
394f
3a94
3613
2cf9
211d
14b7
09f4
02a8
0010
02a0
09ef
14bd
2125
2cf6
360a
3a92
3956
31f0
24e6
1398
0000
ec68
db1a
ce10
c6aa
c56e
c9f6
d30a
dedb
eb43
f611
fd60
fff0
fd58
f60c
eb49
dee3
d307
c9ed
c56c
c6b1
ce16
db15
ec60
0000
13a0
24eb
31ea
394f
3a94
3613
2cf9
211d
14b7
09f4
02a8
0010
02a0
09ef
14bd
2125
2cf6
360a
3a92
3956
31f0
24e6
1398
0000
ec68
db1a
ce10
c6aa
c56e
c9f6
d30a
dedb
eb43
f611
fd60
fff0
fd58
f60c
eb49
dee3
d307
c9ed
c56c
c6b1
ce16
db15
ec60
0000
13a0
24eb
31ea
394f
3a94
3613
2cf9
211d
14b7
09f4
02a8
0010
02a0
09ef
14bd
2125
2cf6
360a
3a92
3956
31f0
24e6
1398
0000
ec68
db1a
ce10
c6aa
c56e
c9f6
d30a
dedb
eb43
f611
fd60
fff0
fd58
f60c
eb49
dee3
d307
c9ed
c56c
c6b1
ce16
db15
ec60
0000
13a0
24eb
31ea
394f
3a94
3613
2cf9
211d
14b7
09f4
02a8
0010
02a0
09ef
14bd
2125
2cf6
360a
3a92
3956
31f0
24e6
1398
0000
ec68
db1a
ce10
c6aa
c56e
c9f6
d30a
dedb
eb43
f611
fd60
fff0
fd58
f60c
eb49
dee3
d307
c9ed
c56c
c6b1
ce16
db15
ec60
0000
13a0
24eb
31ea
394f
3a94
3613
2cf9
211d
14b7
09f4
02a8
0010
02a0
09ef
14bd
2125
2cf6
360a
3a92
3956
31f0
24e6
1398
0000
ec68
db1a
ce10
c6aa
c56e
c9f6
d30a
dedb
eb43
f611
fd60
fff0
fd58
f60c
eb49
dee3
d307
c9ed
c56c
c6b1
ce16
db15
ec60
0000
13a0
24eb
31ea
394f
3a94
3613
2cf9
211d
14b7
09f4
02a8
0010
02a0
09ef
14bd
2125
2cf6
360a
3a92
3956
31f0
24e6
1398
0000
ec68
db1a
ce10
c6aa
c56e
c9f6
d30a
dedb
eb43
f611
fd60
fff0
fd58
f60c
eb49
dee3
d307
c9ed
c56c
c6b1
ce16
db15
ec60
0000
13a0
24eb
31ea
394f
3a94
3613
2cf9
211d
14b7
09f4
02a8
0010
02a0
09ef
14bd
2125
2cf6
360a
3a92
3956
31f0
24e6
1398
0000
ec68
db1a
ce10
c6aa
c56e
c9f6
d30a
dedb
eb43
f611
fd60
fff0
fd58
f60c
eb49
dee3
d307
c9ed
c56c
c6b1
ce16
db15
ec60
0000
13a0
24eb
31ea
394f
3a94
3613
2cf9
211d
14b7
09f4
02a8
0010
02a0
09ef
14bd
2125
2cf6
360a
3a92
3956
31f0
24e6
1398
0000
ec68
db1a
ce10
c6aa
c56e
c9f6
d30a
dedb
eb43
f611
fd60
fff0
fd58
f60c
eb49
dee3
d307
c9ed
c56c
c6b1
ce16
db15
ec60
0000
13a0
24eb
31ea
394f
3a94
3613
2cf9
211d
14b7
09f4
02a8
0010
02a0
09ef
14bd
2125
2cf6
360a
3a92
3956
31f0
24e6
1398
0000
ec68
db1a
ce10
c6aa
c56e
c9f6
d30a
dedb
eb43
f611
fd60
fff0
fd58
f60c
eb49
dee3
d307
c9ed
c56c
c6b1
ce16
db15
ec60
0000
13a0
24eb
31ea
394f
3a94
3613
2cf9
211d
14b7
09f4
02a8
0010
02a0
09ef
14bd
2125
2cf6
360a
3a92
3956
31f0
24e6
1398
0000
ec68
db1a
ce10
c6aa
c56e
c9f6
d30a
dedb
eb43
f611
fd60
fff0
fd58
f60c
eb49
dee3
d307
c9ed
c56c
c6b1
ce16
db15
ec60
0000
13a0
24eb
31ea
394f
3a94
3613
2cf9
211d
14b7
09f4
02a8
0010
02a0
09ef
14bd
2125
2cf6
360a
3a92
3956
31f0
24e6
1398
0000
ec68
db1a
ce10
c6aa
c56e
c9f6
d30a
dedb
eb43
f611
fd60
fff0
fd58
f60c
eb49
dee3
d307
c9ed
c56c
c6b1
ce16
db15
ec60
0000
13a0
24eb
31ea
394f
3a94
3613
2cf9
211d
14b7
09f4
02a8
0010
02a0
09ef
14bd
2125
2cf6
360a
3a92
3956
31f0
24e6
1398
0000
ec68
db1a
ce10
c6aa
c56e
c9f6
d30a
dedb
eb43
f611
fd60
fff0
fd58
f60c
eb49
dee3
d307
c9ed
c56c
c6b1
ce16
db15
ec60
0000
13a0
24eb
31ea
394f
3a94
3613
2cf9
211d
14b7
09f4
02a8
0010
02a0
09ef
14bd
2125
2cf6
360a
3a92
3956
31f0
24e6
1398
0000
ec68
db1a
ce10
c6aa
c56e
c9f6
d30a
dedb
eb43
f611
fd60
fff0
fd58
f60c
eb49
dee3
d307
c9ed
c56c
c6b1
ce16
db15
ec60
0000
13a0
24eb
31ea
394f
3a94
3613
2cf9
211d
14b7
09f4
02a8
0010
02a0
09ef
14bd
2125
2cf6
360a
3a92
3956
31f0
24e6
1398
0000
ec68
db1a
ce10
c6aa
c56e
c9f6
d30a
dedb
eb43
f611
fd60
fff0
fd58
f60c
eb49
dee3
d307
c9ed
c56c
c6b1
ce16
db15
ec60
0000
13a0
24eb
31ea
394f
3a94
3613
2cf9
211d
14b7
09f4
02a8
0010
02a0
09ef
14bd
2125
2cf6
360a
3a92
3956
31f0
24e6
1398
0000
ec68
db1a
ce10
c6aa
c56e
c9f6
d30a
dedb
eb43
f611
fd60
fff0
fd58
f60c
eb49
dee3
d307
c9ed
c56c
c6b1
ce16
db15
ec60
0000
13a0
24eb
31ea
394f
3a94
3613
2cf9
211d
14b7
09f4
02a8
0010
02a0
09ef
14bd
2125
2cf6
360a
3a92
3956
31f0
24e6
1398
0000
ec68
db1a
ce10
c6aa
c56e
c9f6
d30a
dedb
eb43
f611
fd60
fff0
fd58
f60c
eb49
dee3
d307
c9ed
c56c
c6b1
ce16
db15
ec60
0000
13a0
24eb
31ea
394f
3a94
3613
2cf9
211d
14b7
09f4
02a8
0010
02a0
09ef
14bd
2125
2cf6
360a
3a92
3956
31f0
24e6
1398
0000
ec68
db1a
ce10
c6aa
c56e
c9f6
d30a
dedb
eb43
f611
fd60
fff0
fd58
f60c
eb49
dee3
d307
c9ed
c56c
c6b1
ce16
db15
ec60
0000
13a0
24eb
31ea
394f
3a94
3613
2cf9
211d
14b7
09f4
02a8
0010
02a0
09ef
14bd
2125
2cf6
360a
3a92
3956
31f0
24e6
1398
0000
ec68
db1a
ce10
c6aa
c56e
c9f6
d30a
dedb
eb43
f611
fd60
fff0
fd58
f60c
eb49
dee3
d307
c9ed
c56c
c6b1
ce16
db15
ec60
0000
13a0
24eb
31ea
394f
3a94
3613
2cf9
211d
14b7
09f4
02a8
0010
02a0
09ef
14bd
2125
2cf6
360a
3a92
3956
31f0
24e6
1398
0000
ec68
db1a
ce10
c6aa
c56e
c9f6
d30a
dedb
eb43
f611
fd60
fff0
fd58
f60c
eb49
dee3
d307
c9ed
c56c
c6b1
ce16
db15
ec60
0000
13a0
24eb
31ea
394f
3a94
3613
2cf9
211d
14b7
09f4
02a8
0010
02a0
09ef
14bd
2125
2cf6
360a
3a92
3956
31f0
24e6
1398
0000
ec68
db1a
ce10
c6aa
c56e
c9f6
d30a
dedb
eb43
f611
fd60
fff0
fd58
f60c
eb49
dee3
d307
c9ed
c56c
c6b1
ce16
db15
ec60
0000
13a0
24eb
31ea
394f
3a94
3613
2cf9
211d
14b7
09f4
02a8
0010
02a0
09ef
14bd
2125
2cf6
360a
3a92
3956
31f0
24e6
1398
0000
ec68
db1a
ce10
c6aa
c56e
c9f6
d30a
dedb
eb43
f611
fd60
fff0
fd58
f60c
eb49
dee3
d307
c9ed
c56c
c6b1
ce16
db15
ec60
0000
13a0
24eb
31ea
394f
3a94
3613
2cf9
211d
14b7
09f4
02a8
0010
02a0
09ef
14bd
2125
2cf6
360a
3a92
3956
31f0
24e6
1398
0000
ec68
db1a
ce10
c6aa
c56e
c9f6
d30a
dedb
eb43
f611
fd60
fff0
fd58
f60c
eb49
dee3
d307
c9ed
c56c
c6b1
ce16
db15
ec60
0000
13a0
24eb
31ea
394f
3a94
3613
2cf9
211d
14b7
09f4
02a8
0010
02a0
09ef
14bd
2125
2cf6
360a
3a92
3956
31f0
24e6
1398
0000
ec68
db1a
ce10
c6aa
c56e
c9f6
d30a
dedb
eb43
f611
fd60
fff0
fd58
f60c
eb49
dee3
d307
c9ed
c56c
c6b1
ce16
db15
ec60
0000
13a0
24eb
31ea
394f
3a94
3613
2cf9
211d
14b7
09f4
02a8
0010
02a0
09ef
14bd
2125
2cf6
360a
3a92
3956
31f0
24e6
1398
0000
ec68
db1a
ce10
c6aa
c56e
c9f6
d30a
dedb
eb43
f611
fd60
fff0
fd58
f60c
eb49
dee3
d307
c9ed
c56c
c6b1
ce16
db15
ec60
0000
13a0
24eb
31ea
394f
3a94
3613
2cf9
211d
14b7
09f4
02a8
0010
02a0
09ef
14bd
2125
2cf6
360a
3a92
3956
31f0
24e6
1398
0000
ec68
db1a
ce10
c6aa
c56e
c9f6
d30a
dedb
eb43
f611
fd60
fff0
fd58
f60c
eb49
dee3
d307
c9ed
c56c
c6b1
ce16
db15
ec60
0000
13a0
24eb
31ea
394f
3a94
3613
2cf9
211d
14b7
09f4
02a8
0010
02a0
09ef
14bd
2125
2cf6
360a
3a92
3956
31f0
24e6
1398
0000
ec68
db1a
ce10
c6aa
c56e
c9f6
d30a
dedb
eb43
f611
fd60
fff0
fd58
f60c
eb49
dee3
d307
c9ed
c56c
c6b1
ce16
db15
ec60
0000
13a0
24eb
31ea
394f
3a94
3613
2cf9
211d
14b7
09f4
02a8
0010
02a0
09ef
14bd
2125
2cf6
360a
3a92
3956
31f0
24e6
1398
0000
ec68
db1a
ce10
c6aa
c56e
c9f6
d30a
dedb
eb43
f611
fd60
fff0
fd58
f60c
eb49
dee3
d307
c9ed
c56c
c6b1
ce16
db15
ec60
0000
13a0
24eb
31ea
394f
3a94
3613
2cf9
211d
14b7
09f4
02a8
0010
02a0
09ef
14bd
2125
2cf6
360a
3a92
3956
31f0
24e6
1398
0000
ec68
db1a
ce10
c6aa
c56e
c9f6
d30a
dedb
eb43
f611
fd60
fff0
fd58
f60c
eb49
dee3
d307
c9ed
c56c
c6b1
ce16
db15
ec60
0000
13a0
24eb
31ea
394f
3a94
3613
2cf9
211d
14b7
09f4
02a8
0010
02a0
09ef
14bd
2125
2cf6
360a
3a92
3956
31f0
24e6
1398
0000
ec68
db1a
ce10
c6aa
c56e
c9f6
d30a
dedb
eb43
f611
fd60
fff0
fd58
f60c
eb49
dee3
d307
c9ed
c56c
c6b1
ce16
db15
ec60
0000
13a0
24eb
31ea
394f
3a94
3613
2cf9
211d
14b7
09f4
02a8
0010
02a0
09ef
14bd
2125
2cf6
360a
3a92
3956
31f0
24e6
1398
0000
ec68
db1a
ce10
c6aa
c56e
c9f6
d30a
dedb
eb43
f611
fd60
fff0
fd58
f60c
eb49
dee3
d307
c9ed
c56c
c6b1
ce16
db15
ec60
0000
13a0
24eb
31ea
394f
3a94
3613
2cf9
211d
14b7
09f4
02a8
0010
02a0
09ef
14bd
2125
2cf6
360a
3a92
3956
31f0
24e6
1398
0000
ec68
db1a
ce10
c6aa
c56e
c9f6
d30a
dedb
eb43
f611
fd60
fff0
fd58
f60c
eb49
dee3
d307
c9ed
c56c
c6b1
ce16
db15
ec60
0000
13a0
24eb
31ea
394f
3a94
3613
2cf9
211d
14b7
09f4
02a8
0010
02a0
09ef
14bd
2125
2cf6
360a
3a92
3956
31f0
24e6
1398
0000
ec68
db1a
ce10
c6aa
c56e
c9f6
d30a
dedb
eb43
f611
fd60
fff0
fd58
f60c
eb49
dee3
d307
c9ed
c56c
c6b1
ce16
db15
ec60
0000
13a0
24eb
31ea
394f
3a94
3613
2cf9
211d
14b7
09f4
02a8
0010
02a0
09ef
14bd
2125
2cf6
360a
3a92
3956
31f0
24e6
1398
0000
ec68
db1a
ce10
c6aa
c56e
c9f6
d30a
dedb
eb43
f611
fd60
fff0
fd58
f60c
eb49
dee3
d307
c9ed
c56c
c6b1
ce16
db15
ec60
0000
13a0
24eb
31ea
394f
3a94
3613
2cf9
211d
14b7
09f4
02a8
0010
02a0
09ef
14bd
2125
2cf6
360a
3a92
3956
31f0
24e6
1398
0000
ec68
db1a
ce10
c6aa
c56e
c9f6
d30a
dedb
eb43
f611
fd60
fff0
fd58
f60c
eb49
dee3
d307
c9ed
c56c
c6b1
ce16
db15
ec60
0000
13a0
24eb
31ea
394f
3a94
3613
2cf9
211d
14b7
09f4
02a8
0010
02a0
09ef
14bd
2125
2cf6
360a
3a92
3956
31f0
24e6
1398
0000
ec68
db1a
ce10
c6aa
c56e
c9f6
d30a
dedb
eb43
f611
fd60
fff0
fd58
f60c
eb49
dee3
d307
c9ed
c56c
c6b1
ce16
db15
ec60
0000
13a0
24eb
31ea
394f
3a94
3613
2cf9
211d
14b7
09f4
02a8
0010
02a0
09ef
14bd
2125
2cf6
360a
3a92
3956
31f0
24e6
1398
0000
ec68
db1a
ce10
c6aa
c56e
c9f6
d30a
dedb
eb43
f611
fd60
fff0
fd58
f60c
eb49
dee3
d307
c9ed
c56c
c6b1
ce16
db15
ec60
0000
13a0
24eb
31ea
394f
3a94
3613
2cf9
211d
14b7
09f4
02a8
0010
02a0
09ef
14bd
2125
2cf6
360a
3a92
3956
31f0
24e6
1398
0000
ec68
db1a
ce10
c6aa
c56e
c9f6
d30a
dedb
eb43
f611
fd60
fff0
fd58
f60c
eb49
dee3
d307
c9ed
c56c
c6b1
ce16
db15
ec60
0000
13a0
24eb
31ea
394f
3a94
3613
2cf9
211d
14b7
09f4
02a8
0010
02a0
09ef
14bd
2125
2cf6
360a
3a92
3956
31f0
24e6
1398
0000
ec68
db1a
ce10
c6aa
c56e
c9f6
d30a
dedb
eb43
f611
fd60
fff0
fd58
f60c
eb49
dee3
d307
c9ed
c56c
c6b1
ce16
db15
ec60
0000
13a0
24eb
31ea
394f
3a94
3613
2cf9
211d
14b7
09f4
02a8
0010
02a0
09ef
14bd
2125
2cf6
360a
3a92
3956
31f0
24e6
1398
0000
ec68
db1a
ce10
c6aa
c56e
c9f6
d30a
dedb
eb43
f611
fd60
fff0
fd58
f60c
eb49
dee3
d307
c9ed
c56c
c6b1
ce16
db15
ec60
0000
13a0
24eb
31ea
394f
3a94
3613
2cf9
211d
14b7
09f4
02a8
0010
02a0
09f0
14be
2125
2cf6
3609
3a8f
394e
31e3
24d6
1382
ffe9
ec52
db07
ce08
c6af
c581
ca11
d32b
defa
eb57
f613
fd4a
ffbe
fd11
f5b7
eaf7
dea0
d2e8
c9fc
c5b1
c726
ceaf
dbba
ecf7
006b
13c9
24c4
3174
389e
39cb
355a
2c7a
2104
1514
0acb
03e1
017a
03fc
0afa
153a
20eb
2bfc
3473
3898
3753
3044
23ef
1393
0104
ee53
dd98
d0a6
c8ce
c697
c9c0
d14d
dbbd
e730
f1bc
f997
fd8a
fcfa
f815
efa2
e503
d9f1
d053
c9de
c7d6
cae3
d307
df99
ef51
006f
110b
1f5a
29dd
2f9e
3035
2c1b
2423
19b7
0eb5
04a8
fd28
f948
f95f
fd80
04df
0e5a
1847
2127
2794
2a7c
2958
2456
1bea
1172
061a
fbb7
f35f
ee56
ed2a
eff3
f602
fe72
07ce
10cd
17dd
1bf2
1c6c
190b
1249
0916
fe9b
f41a
eb13
e45f
e0a6
e01f
e26d
e6ac
ebc6
f067
f37e
f3e0
f154
ebbe
e3c5
da41
d0c2
c8a3
c361
c217
c57a
cd5d
d953
e82b
f841
0797
1495
1d56
210b
1ee4
1754
0b10
fbb5
eaf7
db09
cd9f
c45a
c016
c13b
c757
d15d
ddff
eb44
f78c
015e
077c
098a
0776
01cc
f9da
f0d6
e864
e1a7
ddca
dd69
e068
e69f
eee8
f880
01f0
0a5d
10d0
14bd
1657
15d9
1401
11b0
100b
0f9c
1140
14fa
1a9e
21b0
2915
2fe8
34e6
373e
3632
319c
299b
1ef6
1272
0560
f900
ee58
e676
e1d2
e077
e255
e6bc
ecfb
f457
fbfe
0346
09d5
0f7d
1440
1845
1bd8
1ef0
21c2
2434
25e4
2686
25be
2378
1f59
19b7
12dd
0bba
04dd
ff71
fc0b
fb76
fdab
0283
0963
1136
18e8
1eee
2251
221b
1df2
15f2
0ab7
fd98
efe0
e2f5
d879
d151
ce4e
cf76
d481
dc56
e602
f03d
f9a9
0157
06d8
09ec
0abc
09ce
0806
05e2
041e
0316
02cd
02e9
02fb
0251
0046
fc88
f6b7
ef2d
e683
ddaf
d5bc
cfdd
ccdf
cd70
d18d
d8e3
e29a
ed7a
f833
0148
07c9
0b11
0b02
07fc
0337
fdb6
f8fc
f666
f697
fa28
00dc
09e5
13f6
1da2
253e
29a9
29c3
2583
1cfe
1135
03b6
f5de
e951
df83
d956
d6fd
d858
dc95
e284
e8ea
ee81
f277
f43d
f3b6
f19f
ee99
ebea
ea68
eb16
ee50
f431
fc46
0580
0edb
16e6
1c87
1ee3
1d68
1871
1062
0666
fba0
f1b1
e9da
e535
e476
e790
ee5b
f7fe
0393
0fc0
1b84
25c6
2db5
32ea
3585
3570
336a
2fb3
2af0
2587
1fd8
19da
13ce
0d6b
06b4
ffda
f8e1
f257
ec7c
e82a
e5f4
e65a
e9b1
f009
f8b7
0336
0e2d
1862
2083
2525
2569
20e4
17aa
0a72
fa84
e987
d921
cb26
c10e
bbde
bbc2
c0bd
c997
d521
e1a9
ed77
f6d9
fcd9
fece
fcc6
f756
ef96
e711
df40
d98c
d6f0
d803
dcc1
e484
ee41
f8b8
025d
09f7
0e39
0ede
0b9b
04f8
fbd5
f196
e797
df15
d949
d6cf
d7fa
dc58
e36b
ebcc
f491
fc50
0222
0558
0593
032c
fee5
f99b
f47c
f0b0
ef10
f056
f4ad
fbcf
04d9
0f0b
18ee
2177
27a9
2ab1
2a7d
271a
2155
19ff
125d
0b89
06b6
047d
0549
0914
0f84
17a5
206d
28e9
2ff7
34a6
3679
34ed
302f
2874
1e51
126f
05e7
f967
ede5
e43e
dd05
d8d0
d7a8
d9eb
def4
e671
ef78
f918
0213
0944
0d62
0df7
0a36
0236
f68d
e82f
d888
c90d
bb9a
b1a9
ac3e
ac25
b150
bb3d
c8c9
d888
e8db
f829
0504
0e76
13fa
15b8
1439
101e
0a8f
0446
fe7f
f97f
f5da
f3a7
f2a6
f2d5
f3c9
f55e
f783
fa21
fd5f
0125
0587
0a7e
0fa4
14a0
1937
1ceb
1f67
206b
1ffb
1e41
1b86
185a
14cc
1153
0e12
0aa0
0712
02dd
fdfd
f833
f1ab
eb1e
e549
e13c
dfef
e26c
e93f
f446
0309
1402
25ad
35e1
427c
49e8
4aef
4546
3991
294d
167a
0385
f2f2
e6dd
e07f
e06e
e611
f045
fce3
09e4
14ff
1c6b
1f28
1d03
167d
0cb1
0173
f679
ed78
e793
e55f
e6de
eb48
f190
f866
fe7d
02bf
04c4
0448
01ae
fdf8
f9fe
f6af
f4eb
f51d
f73c
faec
ff80
03f0
0778
0930
0889
054b
ffb4
f854
f00f
e788
dfee
d9e2
d5ee
d429
d4cd
d761
db9b
e0e3
e6ac
eca5
f28b
f847
fdb9
02f6
0810
0cd6
1172
1561
185b
19f7
1999
174a
12b1
0bf1
0397
fa70
f145
e979
e3fe
e1ce
e377
e95a
f31a
fff2
0eb4
1dda
2bdc
3779
3f44
42ab
41a9
3c84
3453
2a33
1fa2
15d7
0dc8
083f
0527
0419
0413
0442
03a9
0139
fccd
f63b
ee6a
e627
ded1
d9d9
d817
da63
e0d6
ead9
f770
04e0
118f
1bcd
2258
2464
21ed
1b3a
119a
0664
fb40
f156
e9fd
e5a2
e420
e529
e79b
ea78
ecc7
eddb
ed55
eb89
e921
e73a
e6be
e8f8
ee8a
f79f
03c5
11ed
20c4
2e47
38f7
3f2b
3ffa
3b09
30c0
2245
1154
ffe8
f021
e3e6
dca2
db0f
df31
e865
f556
0433
1351
20d4
2b1b
3113
324f
2ee0
2760
1d01
10ff
04e1
f9c4
f0c4
ea62
e714
e680
e822
eb4e
ef3c
f2da
f5d8
f796
f821
f79e
f63f
f4da
f3bd
f3a5
f4cd
f748
fafa
ff58
03f6
07ff
0ad1
0bf7
0b12
080f
0364
fd59
f6c6
f06f
eb1d
e796
e627
e6fb
e9eb
eeb2
f467
fa92
0048
04d5
07c3
0886
074e
03cd
fea3
f7f2
f054
e830
e015
d86b
d19f
cbe1
c756
c43a
c285
c23e
c344
c56a
c891
cc6e
d0e6
d5d6
dad9
e021
e586
eb00
f0a9
f695
fcca
0335
09b6
1044
167a
1c21
20cd
2484
26b0
275d
264a
2386
1efb
18ce
1132
084a
fe5e
f3c4
e901
dea4
d54f
cdeb
c924
c7b9
ca23
d0a0
da9f
e7cc
f6db
063a
147d
1fbd
26c8
2894
2502
1c8f
106b
0238
f430
e882
e0da
de9e
e262
ebaa
f953
0962
19b6
2811
3297
37e0
377c
31c5
281c
1c07
0f97
04a9
fcd3
f8d3
f8d4
fbe4
00fa
0661
0a86
0c05
09ff
0485
fc15
f1c5
e705
dd93
d6bc
d355
d3d1
d7b1
de44
e61a
edfd
f48f
f92b
fb37
faf9
f93c
f707
f57f
f594
f82c
fd41
049d
0d73
167f
1e6e
23ef
2630
247a
1ecd
15ca
0a41
fd91
f0d4
e583
dc83
d67d
d3b5
d3f8
d6ec
dbe5
e260
e986
f0e2
f811
fe7e
0440
08fd
0c7e
0ee7
0fc7
0f51
0d45
09dc
0546
001f
fabc
f614
f2bd
f12b
f1d9
f4e7
fa2b
00ed
0892
100c
1669
1af0
1d01
1c66
1927
13cf
0d6a
06b5
00b3
fc46
fa2c
fa79
fd25
01a5
070f
0c67
10de
138d
13e5
1197
0d1f
0700
fffa
f947
f3b7
f06e
efce
f228
f73f
fe81
0706
0fe0
17db
1e22
2203
2353
2213
1ea9
19cb
1473
0f5c
0b44
08db
081c
090a
0b35
0dfe
10a5
1270
12d7
1169
0e19
0926
02ff
fc21
f55f
ef55
eab2
e79d
e63a
e6b4
e89b
ebac
ef88
f389
f7c5
fb98
ff58
02bd
05f8
092a
0c69
0f7e
1288
151a
16fa
17e2
1759
1546
1171
0bf3
053a
fd63
f542
ed1f
e5e1
dfdf
dba0
d946
d8bc
da02
dcc7
e0a0
e4ed
e984
ede5
f1f9
f566
f84a
fab8
fc99
fe32
ff6c
0037
00be
0098
ffef
fe9d
fcb2
fa4c
f7a7
f51e
f300
f196
f15b
f236
f454
f75c
fb05
fee0
027d
055a
0779
088a
08c5
08b9
0894
0918
0a7f
0d5a
1185
16e8
1d00
2317
284a
2bd9
2d09
2b7f
26f4
1fd7
1693
0bfe
015a
f759
ef36
e97b
e698
e695
e900
ed7f
f31f
f8df
fe27
01ff
03ef
03de
01a5
fd6d
f7f3
f17c
ead0
e4a5
df8a
dbce
d9dc
d9fb
dc1d
e015
e5d2
ecdf
f4d8
fd62
05fc
0e17
1576
1b93
2033
22fd
23de
22bf
1fbf
1b26
14ee
0dcd
05f7
fe27
f69f
efe3
ea60
e672
e43f
e3c4
e4fc
e783
eb1e
ef5e
f3ce
f7ee
fbaa
fe9e
00b9
01e3
0265
0227
0183
00a4
ff7b
fe42
fcaf
faeb
f8d8
f642
f335
efca
ec13
e84f
e4da
e203
dfe6
dee4
df2a
e07e
e2d7
e622
ea32
ee72
f2ef
f771
fbb6
ffe3
03ff
07e6
0bb6
0f65
12ea
15d8
1837
1978
1967
17d5
14ef
109e
0b48
058d
001a
fbc9
f92d
f8c5
fb1e
ffe7
0714
0f90
1884
20ad
26ef
29ec
2924
23ff
1aa4
0dc2
fe85
ee90
df7f
d312
cadf
c7ee
cabe
d343
e085
f141
0385
1590
2533
30e3
37a2
38d9
34af
2c44
20cf
13f0
076d
fcd3
f576
f1c2
f1f2
f577
fb18
01c1
07d6
0c48
0dd8
0c19
0723
ff38
f57d
eb07
e13c
d932
d425
d28c
d4b8
da4c
e2bc
ecd3
f7b9
01e8
0a71
1078
135f
12ec
0f95
09b0
025d
fa7e
f31b
ed6c
ea28
e9a6
ec4e
f1df
f998
02bc
0c25
149f
1b5a
1f7d
2098
1ebe
1a40
140f
0d4f
0740
02d3
013b
02cb
077c
0edb
17e3
214c
2995
2f47
3162
2f34
28ca
1eca
1250
0524
f8f5
ef77
e9fe
e93e
ed61
f5d1
0122
0db8
197f
22be
27ef
2840
23a8
1ab8
0e9f
0178
f4df
eb13
e548
e476
e902
f218
fe9c
0cd9
1afd
26f0
2f55
32ff
3184
2b03
2083
12cf
0399
f42f
e5b0
d93f
cf42
c809
c381
c166
c144
c2fb
c62d
cabd
d0b5
d824
e0f7
eaf9
f5e8
00ec
0ba6
14f5
1c35
20d2
2284
2134
1da3
186a
12b0
0dac
0a31
0918
0ad2
0f2e
1590
1d22
24a6
2b3e
2fc8
31cd
3125
2e07
2928
236b
1df2
1963
166a
1531
15a5
16ec
185a
18eb
17d5
147b
0eda
0706
fdb5
f3dc
ea62
e282
dcf7
da49
da5d
dd39
e223
e876
ef57
f624
fc2e
0140
054e
08a5
0b3f
0d6a
0f8e
1157
131d
1456
1512
1512
143a
12c3
10db
0ef5
0dc2
0d73
0e6d
10be
145b
18ab
1d2d
20f6
2373
240c
2276
1ed6
1973
1300
0c6c
0688
0208
ff53
feb0
ffc7
025d
05c9
090a
0bb3
0d36
0d32
0bf4
09a3
06e3
0434
022b
013a
0181
02f6
0530
07aa
09b0
0ac5
0a49
0826
0440
fee9
f892
f20a
ec1f
e7a9
e538
e559
e86a
ee52
f6b7
00e5
0c19
1752
217f
29ca
2f4d
3186
3038
2b6c
23dc
1a23
0f4e
0485
fabf
f2c2
ed53
ea91
ea12
eb85
edea
f07e
f26b
f2ee
f21f
efcb
ecb9
e9b1
e7b9
e7bb
ea74
f051
f90e
041e
1051
1c7c
270e
2ec9
32ed
3319
2f61
288a
1f9f
160e
0cfc
058a
0045
fd2d
fbd2
fb8b
fb56
f9db
f65d
f077
e804
dd89
d21d
c6e9
bd5d
b6a1
b3b1
b50c
ba74
c390
cf58
dc97
e9fa
f657
00d7
08cb
0ded
1099
10fd
0fd9
0dd5
0b6a
0928
0750
05f9
0558
0532
057f
062c
0731
08a3
0a7a
0ca0
0f3d
1255
15a5
1927
1cc1
203f
2365
2642
2898
2a4b
2b85
2c19
2c05
2b4c
29c6
27ac
24cb
2143
1d57
191a
14c4
1094
0cc5
0980
06af
042f
0219
fff2
fdc0
fb2c
f87f
f5d3
f388
f242
f265
f44e
f881
febc
06c4
0f80
1811
1f0e
235e
23d9
200e
17e4
0bff
fd81
ee43
e008
d4a9
cdfd
ccdc
d196
dba2
e9af
f9e5
09f1
17eb
21f4
26ca
2644
20c8
17cb
0cfa
0280
fa7c
f668
f736
fcf3
06d5
1399
2139
2db2
3761
3cb0
3d33
38f0
30e9
2685
1b8c
11ab
0a9f
0725
07a0
0b6e
11d8
1918
1fa3
2439
2594
233a
1d5d
14b4
0a82
0073
f804
f277
f0ce
f352
f998
02df
0da9
188b
2225
290c
2c8b
2c4b
2895
2227
1a26
1178
0985
0307
fe62
fba6
fa7d
fa17
f9c8
f87c
f58c
f0ab
ea01
e213
d9e0
d2a3
cdbc
cc4c
cf55
d725
e393
f3c2
0653
1964
2b13
397c
4320
4700
44e6
3d34
3118
223e
1280
0417
f84e
f0ba
edb1
ef1b
f44c
fc01
04d1
0d0e
13a7
17c3
18fe
17f9
151e
11a2
0eab
0cec
0ce5
0ecc
11d8
155c
17f9
1886
161e
1061
078c
fc78
f0a6
e5d9
dde0
da98
dce9
e51f
f28c
03a5
1633
27a2
3565
3d54
3e0e
3757
29d9
1757
0286
edfe
dcdf
d16c
cd1f
d057
da43
e94f
fad7
0bf3
1a1a
230a
2571
2125
16f3
089c
f886
e990
ddd7
d77a
d752
dd6c
e8c8
f78f
0775
1634
216a
27df
28a9
23f2
1ad9
0f02
0262
f708
ee97
ea3b
ea5d
ee86
f5da
fee8
07db
0f38
13e4
1539
130f
0df7
06fa
ff5f
f88d
f379
f0e9
f114
f3a1
f81d
fd6d
027f
0683
08a8
08ae
06de
0382
ffbd
fc1e
f9c3
f93a
fa95
fdf2
0295
07c2
0c73
0f90
1066
0e4c
0968
01ef
f8a3
ee8e
e4fa
dd20
d7cd
d5f5
d7be
dd34
e563
ef98
fa7f
04ca
0cfa
123b
1390
10a8
097b
fecf
f186
e2bb
d41c
c70e
bcfe
b70a
b5cf
b99d
c21a
ce5d
dd57
ed4f
fcd0
0a39
143f
19f5
1b45
1836
1178
0861
fe1f
f416
eb75
e54b
e210
e1cb
e42a
e875
edfc
f3cc
f959
fe3c
024f
0595
0857
0b32
0e25
1191
1513
189c
1b5b
1cfe
1ca4
1a23
1555
0ea4
06bd
fe89
f722
f185
ee56
ee07
f079
f4ed
fa80
0020
0478
06be
0697
03e1
ff96
fa79
f613
f394
f429
f822
ffae
09bf
1509
2006
2898
2d50
2d02
2764
1d02
0ef9
ff5c
f03e
e3fa
dc1f
da10
de33
e7d8
f5a5
05e9
1650
24c7
2fae
3600
3769
3462
2e0b
25e1
1d75
165f
117b
0f33
0f6e
1197
14b7
1787
1921
18c2
1632
11b5
0c20
0642
014e
fe23
fd88
ff89
03d4
09cf
103a
15fc
19bf
1ae9
18e0
139d
0bef
02b4
f916
f049
e979
e541
e41a
e5ae
e994
eecc
f46c
f97e
fd1e
ff22
ff67
fe47
fc41
fa65
f921
f963
fb51
feeb
03dd
0973
0eca
12e0
14ce
1419
104c
098e
0060
f59a
ea42
df5e
d63a
cfb8
cc5d
ccae
d055
d71c
e048
eb0f
f628
00fc
0aa4
124f
17da
1b0c
1c02
1b34
1913
163f
1390
1177
1074
10c0
12b2
15e7
1a08
1e8b
22c5
25f9
276d
268e
22f5
1ca1
13bd
08c2
fcae
f03d
e49e
dac5
d37f
cf61
ce96
d0e8
d5e1
dcb8
e47d
ec0f
f29d
f79b
fa65
fb13
fa14
f7c2
f4cc
f1fc
eff6
ef12
ef74
f0c3
f2ed
f509
f6dd
f7bc
f74e
f5c5
f341
f030
ed80
ebb5
eb72
ed3d
f12b
f70e
fe53
0617
0d9a
13ef
186c
1a89
1a57
17d2
1393
0e26
0869
02ee
fe49
fa7b
f789
f569
f385
f188
ef24
ec5b
e8f0
e594
e274
e07e
e005
e196
e56b
eb35
f2bc
fb1a
0375
0b15
10ee
1477
158e
1420
109a
0bca
0680
01b1
fe24
fc5e
fcee
ff7e
0412
09c3
0ff7
15a7
1a05
1c61
1c19
1901
12f9
0a61
ffac
f3b1
e724
db18
d042
c79a
c1b4
bee2
bf4c
c2c5
c8d5
d0cb
d9ca
e2d9
eb17
f1a3
f626
f829
f812
f63f
f35f
f051
ede5
ecf5
ee03
f15d
f69b
fd76
051a
0c77
12ef
17aa
1a0f
19fe
17b3
13cc
0edf
09f6
05bb
02f7
01dc
024a
0429
0694
08d1
0a3d
09f9
07f4
03c5
fe2f
f773
f0cf
eae8
e6e9
e566
e698
ea81
f0bd
f869
008f
0805
0dd4
111b
117e
0ee5
09ca
02b2
faa0
f2c9
ec2d
e7af
e617
e7c4
ec99
f42a
fdd4
089a
1358
1cff
24ae
2958
2a9a
2832
225d
1979
0e9a
02a0
f6e3
ec8e
e4c1
e067
dfcb
e331
ea3e
f403
ff89
0b66
161f
1ea0
23d9
252f
229d
1c63
137a
08fe
fe26
f456
ec89
e78a
e598
e686
e9d9
ee9f
f3f7
f8f2
fcc7
ff3f
003e
fffa
ff1d
fe6b
fe7b
ffa4
023a
060c
0a4e
0e45
10fe
119f
0f5e
0a0f
01e9
f7d8
ed2c
e331
dbb1
d7f2
d8e4
deb1
e8f3
f697
05c9
1478
20a2
286e
2ad5
272f
1e1a
10d3
0126
f190
e40e
dad6
d72d
d967
e139
ed65
fc10
0b1e
1857
221a
2741
277b
2344
1be0
12f8
0a2b
032b
ff3e
febd
01a9
06e3
0d89
13e9
18ac
1b05
1a56
16fb
11aa
0bec
06f9
0451
04c3
08c0
0fe1
194d
235c
2c5a
3270
346b
316d
2979
1d6a
0ebd
ff6b
f155
e6a6
e0ac
e03c
e507
ee68
fac2
083b
14d8
1ecb
24c9
2602
2297
1b20
1102
0577
fa47
f0b6
ea19
e6e1
e742
eaef
f117
f8dd
0134
095c
1046
155c
186f
195c
181b
14ca
0fb3
0923
0192
f963
f0ed
e8d2
e1b2
dc1d
d89d
d7b2
d9a6
de65
e5b6
ef2e
f9f9
0519
0f93
1861
1eb0
2236
22b8
2064
1bf1
161c
1000
0a7b
0620
03c5
033d
0469
06da
09b6
0c3a
0d94
0d3d
0b12
06fd
01a8
fb9a
f5f7
f1ab
ef84
f020
f388
f9c8
022d
0bb7
1557
1dea
2456
27cb
2813
2521
1f68
17cc
0f67
073d
006e
fb9a
f987
f9f8
fcc5
0172
0719
0cd2
11fa
15ce
1829
1908
1885
1737
15a1
143d
137e
139a
14a7
1640
17ef
196a
19f9
196b
1788
145a
1034
0bc3
074d
03c2
016b
00ae
0187
03cd
06d2
0a33
0cf0
0e72
0e47
0c29
0837
02d5
fc8c
f66a
f123
ed98
ec45
ed8a
f105
f664
fcae
030a
0862
0b77
0be3
0931
0364
fb14
f12b
e6c4
dd70
d65f
d289
d2bb
d715
df34
ea2c
f6da
0381
0ed3
173c
1bad
1bc2
1789
0fa7
0518
f98c
ee87
e58e
dfe2
de05
e059
e63f
eec3
f874
01dc
0980
0e11
0f07
0c42
0619
fd93
f41c
eaf2
e3b5
df48
de65
e107
e6c9
eeb7
f7b4
003f
0778
0c79
0ebe
0e63
0bdc
0816
03e5
0054
fe21
fdb2
fefc
01c0
0533
086a
0ab7
0b2b
0952
04e2
fe65
f631
ed2a
e458
dc7d
d667
d273
d10e
d1e4
d4b8
d8f1
de08
e36d
e8b4
edb1
f212
f628
f9c5
fd50
0090
03c5
0692
0907
0a9c
0b15
0a9c
08d5
05fc
027f
fe88
facb
f7ab
f5ad
f4ec
f5c6
f7fa
fb4c
ff45
039f
079c
0ace
0cdc
0d71
0caa
0a62
0708
02c8
fe55
fa0a
f694
f432
f370
f48a
f752
fbc4
014c
079c
0da7
12c1
1618
173b
15a1
111f
0a00
0107
f6fe
ece5
e3fa
dd72
d9e5
d9e1
dd81
e446
ed4f
f7be
0232
0b97
12e2
17a3
1991
18ec
1632
126c
0e5f
0ad2
08af
07f4
08de
0aef
0db8
1070
1264
133e
1294
105e
0d1c
092a
0547
01fd
fffb
ff9e
00df
03b0
0777
0bb9
0fb4
12fe
14e8
151b
13af
10ab
0c61
0759
020b
fcf8
f8ad
f56a
f376
f315
f460
f719
fb60
00c7
0729
0e0c
14e6
1b28
204d
23ba
250a
2402
20c0
1b61
14d0
0da8
06f2
01eb
ff27
ff93
0350
0a1f
1367
1e2d
28d6
322a
389c
3b2d
392b
32ae
281f
1a6f
0b23
fbc3
ee02
e2f9
db85
d82d
d8ae
dc4c
e22a
e918
efe8
f5c9
fa23
fce5
fe36
fe95
ff04
ffd1
01e5
0535
09ce
0f25
1464
18ca
1b4c
1b4b
184b
1265
09e4
ffaa
f4b7
ea28
e107
da5d
d688
d603
d856
dd67
e45c
ec94
f576
fe41
068b
0e3f
1511
1af8
1fd4
23c5
2677
27c0
275a
252f
2147
1ba5
14c0
0d43
0612
ffec
fbd1
fa84
fc63
015f
092f
1320
1e03
2879
314e
3772
39f8
3892
336b
2b1b
2097
1508
0a04
0082
f99e
f5e4
f567
f7db
fc9f
0296
08d9
0e29
11ae
12d5
118c
0deb
088f
0229
fbc3
f609
f1f8
efc2
efa4
f182
f4ef
f8e9
fcfb
0041
0255
02ab
0177
ff10
fc06
f93f
f779
f781
f9f1
fee1
0648
0f7e
19ce
2431
2d7f
34ec
398c
3b19
3993
3545
2f07
27ad
2028
1958
13c2
0fe5
0db0
0ca3
0c2e
0bc5
0a98
0819
042d
fee8
f8b4
f25c
ecaa
e8c5
e741
e8b6
ed31
f443
fd5c
075a
10e8
18c4
1de9
1f72
1d30
175f
0e81
03b0
f835
ed6d
e464
de48
db93
dc5a
e05b
e6cd
eebf
f744
ff37
05c6
0a6c
0cba
0cdf
0afc
07be
0396
fefd
faa9
f6db
f3b4
f179
efd1
eef3
ee65
ee33
ee35
ee83
ef01
efa3
f09a
f1da
f329
f478
f5a8
f695
f6d3
f675
f574
f39e
f14a
eeb8
ec18
e9cf
e7ea
e6d3
e68f
e726
e83b
e9b9
eb65
ecc5
eda0
eddc
ed32
ebbd
e99c
e6ec
e40c
e152
decc
dd01
dc03
dbeb
dccc
deab
e142
e488
e86c
ec94
f101
f58d
f9ec
fe31
0221
059d
0899
0ace
0c03
0c50
0b66
0956
0617
020a
fd6c
f884
f417
f074
ee19
ed88
eeed
f23f
f759
fdc4
04a5
0b38
10d2
146b
1597
1404
0fdb
095b
0144
f8d0
f0e5
eac3
e74f
e70f
ea1a
f04f
f8a8
022f
0b9d
1390
18d0
1ac8
1903
13e4
0bfc
0293
f90a
f0ed
eb42
e915
ead1
f015
f826
0213
0c51
158f
1c7d
2038
2073
1d3f
1783
1023
0854
0193
fcc6
fab4
fbb8
ff5a
051f
0c1f
1322
192c
1d51
1efd
1e1f
1ad9
15d4
0fa7
093d
0353
fe63
fa9b
f828
f69c
f587
f496
f355
f160
eee2
ec12
e975
e786
e722
e8dd
ed01
f3b9
fcab
0765
12c4
1db4
2752
2e4f
31f9
31ec
2e39
2787
1e9a
14d4
0b55
0377
fe47
fc47
fd9d
01e5
07f4
0eb4
14c1
189f
1926
15d4
0e64
03c5
f6c1
e929
dcaa
d2f9
cd96
cd5d
d256
dc32
e99b
f909
0842
156a
1f05
23c4
2339
1dbd
1430
0862
fbdc
f0a3
e83a
e3cc
e3ff
e8a1
f10d
fbe4
07f6
13a4
1d74
2477
27f6
27eb
248a
1e8c
16ef
0e74
0618
feb7
f8a5
f41c
f147
efe6
efd3
f090
f1b8
f342
f4bf
f620
f759
f82e
f888
f88c
f7eb
f6e3
f566
f35e
f117
eea3
ec5f
ea73
e940
e8a2
e919
ea5f
eca6
ef8b
f2f2
f690
fa20
fd50
ffde
0178
0232
01c3
0046
fe03
fb05
f783
f406
f0c9
ee3f
ecf9
ed10
eedd
f297
f80b
ff23
0730
0fe5
184f
1fcd
25bc
294d
2a2b
2828
233e
1bba
1224
0723
fbcd
f0a8
e6e1
df25
d9ea
d7d5
d8dd
dd17
e424
ed8c
f8b0
04ad
1084
1b68
2491
2b0b
2e8a
2ea1
2b60
2501
1c0b
1161
05f4
fa8d
f00c
e753
e0b1
dc94
dad5
db3f
dd35
e044
e3e1
e787
eac1
ed65
ef8b
f10e
f251
f391
f4ea
f694
f89a
fb19
fddc
00ed
041c
0752
0a65
0d4e
1012
1281
146c
15c8
1654
1607
1499
1209
0e98
0a59
05d0
0153
fd7b
fa86
f8c0
f844
f8b6
f9b2
fac7
fb2c
fa8a
f8bb
f5ad
f1e7
ee00
eae0
e9b6
eb06
ef82
f717
0156
0d52
199c
24a0
2d28
31e8
3259
2e92
2723
1d4e
12c8
090a
018d
fd55
fcd0
ffb7
04f3
0b71
116b
159c
1701
1514
1013
089b
0024
f814
f1ab
ee2f
eddc
f0b8
f5ee
fc50
023f
0632
073d
048a
fe30
f523
ea80
dff2
d750
d1fd
d0ec
d496
dc84
e7bc
f4be
01c8
0d27
15be
1a90
1b8b
1918
141c
0e1e
0884
0447
028b
03a1
0739
0c9f
12ec
18b0
1cb4
1e14
1c3a
170f
0f26
054b
fadb
f133
e993
e4f1
e3f0
e682
ec43
f45c
fd7e
0659
0da2
1249
1396
1160
0c10
045c
fb2f
f1ef
e982
e2fc
debe
dd0b
dd73
df62
e1ea
e437
e58f
e568
e3d3
e10c
dde3
db50
da9d
dc79
e1ba
ea8e
f685
04d7
141f
22b7
2f1d
37d3
3bc8
3a8e
3446
29b8
1c08
0d01
fe1d
f0fd
e6dd
e083
de20
df3e
e318
e8b0
eec3
f418
f7f5
f9ac
f929
f69d
f2a0
ee01
e969
e5d3
e3d2
e3ae
e549
e897
ed2e
f21f
f712
fb59
fe62
001b
0081
ffda
fe80
fcec
fbe9
fbe7
fd0a
ff95
0365
07f8
0cf2
11b6
1565
1797
17e1
1664
1341
0ee5
09f4
0583
01f7
003f
0055
028f
0657
0b46
1083
154b
18ae
1a6a
1a08
17e4
1456
1011
0c36
0932
07f4
08c7
0b5e
0f45
13e3
1813
1ae2
1b5c
190e
13c6
0bf5
0259
f80d
ee4b
e687
e1b5
e069
e2fb
e8f7
f1a7
fbc0
060a
0f2a
15e3
1984
19ca
16c8
1109
0979
0164
f9ff
f42b
f0f6
f0a2
f34b
f89f
ffca
07b8
0f65
15e5
1a23
1b7f
19d8
152b
0de6
0502
fb30
f1c5
e98a
e3ad
e0af
e0f3
e48e
eb20
f405
fe78
0969
13ec
1d35
245a
2900
2b08
2a5f
2785
22e3
1d27
1724
116f
0cb3
094b
0750
06c9
0782
0931
0b00
0c8d
0d35
0c7c
0a0a
05a7
ff5f
f7aa
ef11
e636
de1e
d7af
d375
d262
d4bf
da91
e377
eee2
fbd1
0924
1565
1fa1
26c3
29ff
2926
248e
1caf
1287
0782
fcd4
f403
edd2
eb47
ec86
f155
f937
030a
0daf
17c3
2032
2602
2886
2797
236e
1cb3
142b
0b1b
027f
fb38
f637
f3bb
f412
f708
fbe8
0235
08d1
0f12
1426
1757
1850
1707
136f
0e08
0759
000b
f8b5
f216
ecb2
e919
e77f
e7d3
ea0a
edc5
f2c0
f86c
fe2f
039b
081b
0b92
0de1
0efd
0f06
0e5c
0d3b
0c25
0b69
0b20
0b6f
0c21
0d34
0e3f
0ee6
0ecd
0dbb
0b7b
083c
03f0
ff25
fa35
f56d
f15d
ee17
ebce
ea6d
e9b6
e920
e86c
e744
e55d
e2e1
dfce
dccb
da49
d937
d9ea
dd0d
e2df
eb38
f569
00e4
0c79
1704
1f79
24c7
2670
2443
1ea5
162d
0c12
0190
f7ed
f07d
ebe0
ead0
ed44
f2dc
fab8
03cf
0d02
155d
1b8f
1f50
2006
1dd7
1911
1245
0a4d
01ee
f9db
f2d6
ed35
e93d
e713
e6bb
e819
eac9
ee91
f33f
f876
fde6
0341
084d
0c84
0fff
124e
133b
12fb
11a4
0f4d
0c89
098d
0701
0507
0423
0459
055f
0707
089a
09a6
096d
0761
0359
fd15
f4d9
eb69
e162
d7e1
cfde
ca37
c7ab
c87a
cc9a
d393
dc5e
e62f
efc2
f7d3
fdb8
00d1
00d0
fdfb
f8ec
f298
ebc2
e5a4
e11d
de9c
de9d
e10f
e5a3
ebc3
f2c6
f9cf
0061
05f4
0a32
0d06
0e9f
0f69
0fa4
0fb3
100b
10b1
11c2
1314
1497
15ca
1648
1604
1478
119f
0da6
0890
02c0
fca9
f67b
f0b4
eb8b
e75f
e431
e1c8
e03a
df48
deae
de45
ddd3
dd50
dcfa
dd0d
ddb5
df4b
e258
e6ef
ed55
f56e
fee2
095c
13e7
1dbb
2610
2c23
2f14
2ea0
2aa5
2371
19ab
0e0e
01b7
f5ac
eafc
e253
dc61
d92d
d89b
da2c
dd39
e0e1
e494
e756
e8df
e91a
e7d2
e57b
e295
df62
dc9d
daad
d9ea
da54
dbea
deb0
e25f
e68b
eb33
efeb
f4bb
f97d
fdfe
026d
068e
0a57
0dc1
109c
12c1
1413
1486
1459
1396
124d
10dd
0f65
0df4
0ccd
0bb5
0a94
0914
0701
043c
00cf
fcbd
f871
f43c
f0ed
ef1c
ef34
f193
f647
fd04
050e
0d6c
1505
1a8e
1d38
1c32
1764
0edd
0386
f67d
e971
ddb1
d509
d082
d0a6
d597
dec7
eae9
f8a7
062f
11ce
1a20
1e60
1e53
1a1a
12ac
0989
0030
f857
f32c
f1bc
f441
fa6b
0390
0e41
18dc
21dd
27e2
29da
275f
2078
15c6
0869
f994
ead8
dd60
d238
ca08
c4e5
c2b8
c2e6
c4ab
c765
ca56
cd09
cf47
d10a
d2a2
d435
d630
d8d9
dc0b
dfc3
e3ac
e74d
ea31
ebe2
ec24
eb3a
e91e
e69a
e42b
e2c9
e2ec
e54d
e9cd
f09c
f90c
0293
0c6b
1580
1d46
230c
26d8
2891
288c
278f
25fb
2496
23d4
23bf
244b
255d
262b
2660
252e
2246
1d6a
16bd
0e9f
05ba
fcbe
f47c
eda2
e8e9
e66e
e640
e82b
eb92
eff1
f483
f8de
fc5e
ff05
00b5
01da
0299
0396
04e5
06fa
09ae
0cf2
1023
12b2
142c
13a8
111a
0c14
04f1
fc15
f260
e8eb
e0ca
dac1
d7ca
d854
dc18
e2d8
ebaa
f550
feb6
0667
0b92
0da4
0c69
0839
01f2
faaa
f358
ed58
e974
e825
e9b1
ed7f
f2fa
f911
fedf
0368
061f
06b2
0549
0258
fead
fb32
f8ac
f7db
f8d5
fbbc
fffe
04e0
0971
0cf1
0e8a
0de6
0ac3
056a
fe65
f6ab
eee3
e7fb
e2ab
df1b
dda5
de04
dfda
e2c9
e636
e9d0
ed5c
f078
f361
f5f1
f863
fabf
fd01
ff22
00e7
021e
0297
025d
0161
0016
feb7
fda4
fd7e
fea1
0120
04e3
09c4
0f29
144f
188a
1b1f
1b98
19b2
1582
0f70
0826
0066
f8ff
f2bc
edf6
eb01
e9ac
e991
ea3e
eafb
eb5c
eae6
e984
e712
e421
e0f9
de45
dc8f
dc1e
dd31
dfbf
e362
e7cb
ec2e
f034
f34a
f505
f546
f442
f215
ef3e
ebfd
e8fb
e656
e459
e32d
e296
e29e
e307
e3cc
e491
e580
e686
e7cf
e978
eb88
edff
f0c6
f3b8
f670
f8b3
fa38
fa95
f9c6
f7c2
f49c
f0ae
ec97
e8cb
e5d7
e406
e3d6
e54b
e845
ec4b
f101
f59f
f9bb
fcbf
fe48
fe33
fc9c
f9e6
f65c
f2c9
ef7a
ed18
ec20
ec80
ee8a
f1c3
f5ef
faa9
ff88
03c2
074d
0977
0a3e
095b
06e5
029b
fca8
f522
ec4f
e27b
d7f5
cd68
c353
ba99
b3f6
afe9
af1d
b1cd
b7c3
c0bc
cbc8
d7ef
e3f4
ee89
f6b2
fb8a
fcc1
fa64
f4fb
edb6
e5d0
de99
d988
d780
d949
ded6
e7e2
f378
0081
0d76
1954
2303
29a7
2d0b
2d78
2b4d
279b
2315
1e94
1af1
1871
1706
1677
1634
1589
13e1
1073
0b1b
03d9
fad1
f0a6
e622
dc10
d340
cc6c
c7d4
c5b0
c5f2
c842
cc36
d106
d674
dbe8
e141
e666
eb13
efc0
f42c
f8bc
fd68
01ec
063b
0a31
0d4e
0fbf
1124
119a
119b
1152
1125
11ac
1326
15a8
1941
1d68
219d
2520
26fc
2692
233f
1cbd
137d
07d4
fabf
ed68
e131
d737
d08c
cdcf
cf07
d3da
db9d
e50e
eedf
f7e9
ff03
0365
0499
02cd
fea5
f8a7
f1e5
eb6d
e5d9
e1e0
dfad
df4c
e04f
e251
e4dd
e77e
e9e8
ebe1
edd5
efc4
f248
f590
f9ca
ff28
055e
0bdc
122c
17a0
1b4f
1cd2
1bd7
1853
12ae
0b89
03bb
fc26
f5bd
f14f
ef70
eff1
f312
f817
fe3e
04ff
0b3b
1070
1426
1607
1624
14fb
12db
109a
0e96
0d4b
0d30
0e36
1015
12c3
156a
17a5
18f6
18f0
1758
142d
0fb3
0a57
0469
fe9c
f975
f51f
f1d5
ef99
ee4c
ed9b
ed1a
ec98
ebc8
eaaf
e964
e840
e7b4
e811
e9d0
ed42
f232
f884
ffc8
0709
0db3
12da
15e5
1652
144a
101d
0a46
03c6
fdad
f8c9
f5eb
f568
f74c
fb00
ffdf
04b8
08aa
0aa3
0a0b
06e7
0160
fa3b
f298
ebe1
e72b
e582
e784
ed1b
f5d1
00ab
0c18
16d4
1f46
2440
2567
2271
1c40
13ba
0a4a
019c
fb1e
f800
f89b
fd26
04e7
0ecf
196f
2335
2aaf
2edf
2ef6
2b2f
23da
19ff
0ee5
03ee
fa96
f3bb
f04c
f067
f3d0
f9d1
0199
09c6
1160
1779
1b25
1bf1
1a00
1582
0f1d
077d
ffd8
f8e0
f378
f087
f044
f320
f8e0
0131
0b87
16f3
22cc
2ddf
3765
3e83
4291
4341
406d
3a6c
31b3
26fd
1b2a
0f63
043c
fad4
f375
ee6d
ebbe
eaee
eb95
ece6
ee05
ee85
edd7
ebaa
e832
e3b8
deec
da84
d759
d63f
d7b6
dc23
e363
ecea
f834
03f4
0f22
1855
1eae
213b
1fbc
1a3c
114b
05d2
f95f
ed30
e2d7
db9b
d82b
d8e0
dd89
e583
ef9a
fa54
042d
0bfd
1079
1157
0e74
0868
004a
f755
ef03
e886
e4ef
e496
e799
ed4b
f4db
fcde
0442
09a7
0c99
0c6f
0979
047f
fe60
f88c
f419
f22a
f39b
f88e
009a
0b17
16ad
2220
2bb6
3256
34dc
3301
2cc7
22d0
163f
0891
fb48
f012
e7f9
e3ee
e401
e82b
ef48
f871
01dc
0a2b
1007
1280
1138
0c2c
042b
fa4c
efe7
e6af
dfd4
dc58
dcde
e10f
e862
f1c0
fb94
0489
0b26
0e7f
0e30
0a3d
0366
facd
f1d3
e9e4
e448
e1c9
e2a3
e6b9
ed2b
f4d6
fc76
029f
0643
06b1
03a2
fd96
f526
eb6e
e1a6
d923
d2a8
cef3
ce4f
d063
d477
d9e5
dfaa
e4a4
e7fe
e94e
e854
e4e4
df90
d8f7
d1d9
cae5
c4f0
c0bb
be78
be9f
c11f
c5d3
cc6d
d43f
dcef
e5e2
ee5a
f60b
fc52
010f
03e3
0527
049e
02e9
000c
fcbf
f947
f64b
f3e1
f2ae
f299
f3d7
f673
fa42
ff22
049a
0a77
1070
15f2
1aba
1e7e
20d5
21c7
20f5
1e9a
1ab6
1579
0f57
08c6
0232
fc39
f74c
f3fb
f24e
f2a2
f4d1
f8a6
fdae
0377
0991
0f53
1433
1800
1a57
1b35
1acc
1936
170a
148a
1219
1021
0ec3
0e47
0e7a
0f5c
1089
11cf
12e0
1376
1362
127d
1118
0efc
0c94
0a37
07f4
0619
04dd
043c
043e
04a0
0539
0598
058f
04bb
02de
0001
fc1d
f759
f23c
ed38
e8be
e567
e3fa
e488
e798
ecdd
f44b
fd07
065a
0f6b
170f
1c3b
1e26
1c80
16f2
0dd6
01ee
f43c
e638
d93c
cec7
c7f4
c58a
c7f9
cef8
d9f4
e7a5
f6ce
05e4
1350
1de7
24d8
2782
2625
20fc
18f7
0f1a
0497
fa58
f162
ea78
e5cf
e39c
e3ac
e5b0
e908
ed2a
f1a5
f60d
f9d3
fd06
ff63
00f8
01d0
01dd
0199
00cf
ffc4
fe92
fd21
fbc1
fa64
f933
f832
f790
f758
f7e3
f942
fb73
febf
02e9
080e
0de0
13eb
19c5
1ef5
22df
250e
250e
22d3
1e53
17fd
102e
07ca
ffb8
f889
f34a
f057
efca
f19d
f55e
fa40
ff71
0411
0764
08f4
0873
0606
0279
fe4e
fa7b
f7ca
f711
f89f
fc63
0219
0936
10cb
17df
1db2
2192
2347
22cb
209b
1d14
190f
151a
11ec
0fd7
0ec3
0e73
0e78
0e5a
0d6e
0b80
084f
0401
feda
f997
f4c3
f12f
eefc
ee7d
ef91
f1b1
f413
f5fc
f6a6
f549
f1a3
ec00
e4d8
dcf1
d584
cfdb
ccc6
cd33
d157
d8fb
e365
ef6b
fbc6
06c1
0f44
1436
1535
1259
0c48
03ee
faaa
f1b4
ea4f
e571
e347
e406
e6f3
eb69
f040
f466
f726
f7d3
f65e
f2d9
edf9
e890
e379
df8c
dd3a
dd10
dede
e288
e779
ecf0
f27a
f757
fb39
fe09
ff9e
0036
003d
ffbc
ff3c
fe9d
fe3f
fdf0
fde4
fdd8
fe1c
fea2
ffbf
0184
041e
0789
0bbd
105e
14d7
18ba
1b44
1c15
1ab4
1706
1174
0a6c
02f3
fbd5
f633
f2ae
f1a4
f321
f6c8
fbb8
00d1
050a
0757
06d9
037b
fd4d
f4ea
eb5b
e1ee
d9f8
d477
d241
d3c3
d8ca
e0ca
eaca
f5bd
0074
09c4
10c1
14e9
15d5
13c6
0ef0
07e6
ff77
f63c
ed4e
e51b
de9f
da3e
d84b
d8ff
dc12
e15e
e7d9
eed6
f526
f9a3
fb69
f9c4
f439
eb1b
df21
d17b
c3e7
b806
afa1
ac07
ae19
b5f2
c303
d41a
e767
fab7
0c46
19fd
22c6
25f5
23c2
1ceb
12f0
0784
fc52
f2fe
ecae
ea15
eb51
efcc
f6c6
fee8
0719
0e45
133f
15b6
1546
1219
0c63
04c4
fc0b
f2aa
e994
e140
da27
d4c6
d161
d021
d0f1
d3bf
d82d
dddf
e458
eab1
f099
f56b
f8b5
fa34
fa20
f890
f60a
f33a
f098
eeec
ee5e
ef2d
f161
f4aa
f88e
fc88
0027
02c9
047d
0503
04c6
0402
0331
02c4
0306
0413
0603
0872
0b25
0d7d
0ef4
0f6b
0e75
0c3a
090b
0535
0143
fdb5
fafe
f984
f95d
fa96
fcdc
0008
03cf
07d4
0c0d
1053
14b4
1923
1dd9
22a7
2775
2c14
3029
333c
352b
3558
33c7
3095
2be4
2652
204c
1a8a
15a8
11f0
0f86
0e76
0e26
0e52
0e55
0d90
0bcc
08ea
04f1
00a6
fc73
f910
f73f
f768
f99f
fdaa
02e7
088b
0d86
10d9
11bf
0fd5
0b4a
046e
fc59
f444
ed9b
e944
e876
eb4e
f1cf
fae8
05a5
102b
1926
1ed2
2048
1d23
1567
0a12
fc7d
ee7f
e1c5
d805
d294
d209
d671
df00
ea99
f792
0411
0e8a
15a9
1896
1761
1241
0a3a
00a5
f6b7
ede0
e733
e325
e205
e33c
e631
e9e6
ed55
efae
f02a
ee95
eb22
e65a
e11c
dc1b
d88b
d724
d869
dc70
e33d
ec58
f6eb
024d
0d8a
17d5
20ae
279f
2c2a
2e4f
2e17
2b7f
26a3
1fbe
1731
0d15
020b
f674
eb17
e06d
d768
d08f
cc59
cb00
cc6b
d048
d5b1
dbe7
e1da
e697
e96c
e9ba
e7c0
e3d5
def1
da05
d678
d51e
d70a
dc7a
e541
f0ad
fd5c
09e0
1494
1c0d
1f2d
1d66
16c7
0c3a
ff08
f0d7
e39a
d8f5
d261
d099
d3ce
db49
e61a
f2ad
ff44
0a2f
1218
160f
15bc
114a
096c
ff3e
f3ea
e8a2
deb3
d6b8
d170
ced5
cef3
d177
d606
dbf8
e30b
ead9
f32e
fb96
040c
0c07
1359
1982
1e3b
2111
21c8
2049
1c96
170b
100b
0859
005e
f8de
f263
ed2c
e98c
e778
e6d5
e76b
e8f5
eb53
ee79
f23b
f684
fb78
00eb
06d8
0cc0
1283
17af
1ba4
1e30
1f2d
1e89
1c66
1975
15fc
12c5
1025
0e82
0dc8
0df5
0eac
0f27
0efb
0dad
0afe
071b
0283
fdc1
f9db
f7a1
f79a
fa48
ff90
06cc
0edf
16a8
1c97
1f8a
1eb0
1985
1066
0416
f5f1
e793
daae
d0bf
cac0
c952
cc35
d2e6
dc15
e69c
f12c
fa5b
01ab
0687
08ea
097b
089c
071b
0561
03d6
028f
0179
0017
fdf7
fab1
f655
f09f
ea31
e397
dd3b
d807
d493
d2f8
d35c
d56a
d85b
dbae
de77
e03e
e0c5
dfc8
ddd7
db90
d997
d8b1
d96c
dc21
e087
e676
ed0c
f39a
f8f0
fca2
fe22
fd62
fa93
f689
f1d6
eda6
ea5a
e8cc
e8ef
eac7
edcf
f146
f4a2
f733
f885
f87a
f74d
f566
f381
f24f
f20b
f36f
f649
fa35
fecd
0324
066a
0814
077c
0497
ff9a
f95b
f274
ebff
e6da
e3cd
e322
e4e0
e8d2
edf9
f3c6
f902
fd18
ff6d
ff98
fdda
fa96
f68e
f28d
ef7c
ee0e
ee7b
f115
f5a2
fb8b
0259
0932
0f45
142e
1794
1963
19b2
18f6
179f
1617
1516
1482
149e
1538
162f
16cf
16e4
15ca
136d
0fa4
0a77
0456
fdd8
f779
f20a
ee0b
ebed
ec38
eec1
f36a
f9d3
013a
08e9
1014
162d
1a6a
1c99
1c8c
1a65
16c1
1238
0daf
09eb
079e
079d
0a27
0f43
167c
1f7e
2906
3243
3a09
3f48
4183
4012
3b01
32c1
2801
1bf5
0f9d
0426
fabb
f42d
f0c0
f09a
f38d
f8dc
ffd2
0766
0ed1
1538
1a00
1cd7
1daa
1c72
19b1
15b7
10e6
0be5
0725
02ee
ff8d
fd29
fbf8
fbd3
fccd
feb1
0125
0428
071e
0a19
0c96
0ea4
1000
10e5
1160
11a2
11ef
12ba
13de
159d
17e5
1a76
1cec
1ed7
1fbb
1f7c
1d99
1a26
1559
0f80
090e
028b
fc78
f773
f366
f0ae
eef9
ee1c
edb5
ed8d
ed65
ed01
ecab
ec46
ec50
ecff
ee34
f010
f26f
f4cc
f6ab
f7a8
f749
f558
f202
ed91
e8d9
e4d0
e26b
e279
e5b4
ebff
f550
00b3
0cdf
186d
21be
2780
28ad
24e9
1c74
1034
017f
f204
e39b
d7f3
d030
cd19
ceb0
d4a0
dd8a
e85b
f345
fd0d
0489
08ed
09e8
07e6
0349
fd4a
f6b3
f07e
eb7f
e842
e704
e7a1
e9bf
ecd1
f074
f424
f76b
fa2e
fc3e
fdad
fe99
ff67
0010
00c4
019f
0263
0342
03c8
040b
03df
0356
0258
010e
ffc5
fe9a
fde7
fda4
fdd3
fe69
ff55
0056
011c
0176
0161
00a7
ff8b
fe3a
fd57
fcf9
fdbe
0003
03c0
08f2
0f3e
163a
1cf9
22e7
272f
2921
285e
250c
1f36
1778
0ea4
05c2
fd9a
f731
f30d
f135
f1d4
f459
f7ef
fbd9
ff4c
017d
01df
007d
fd58
f8ec
f41f
efb1
ec71
eaf1
ebaa
eeba
f3b9
fa34
0181
08aa
0f27
1449
1797
18fc
1891
16ca
1416
1125
0e59
0c20
0ace
0a68
0afc
0c16
0d77
0ed7
0fe9
1061
1011
0f2e
0d68
0afe
0802
047d
006d
fbbb
f6aa
f11d
eb2d
e53f
df72
da6b
d68e
d473
d465
d6bc
dba8
e2b0
eba8
f5ac
000b
09b9
11eb
17e4
1b50
1c39
1abf
178c
136d
0f9d
0cbc
0bb0
0ccf
1033
157e
1bf8
22b9
28b7
2d2c
2f30
2e96
2b59
2611
1fa7
190e
1370
0fca
0ecc
1098
14f4
1b20
2248
28f6
2e1c
30a9
2ff5
2bbf
2471
1ac7
0fbb
0490
fa9f
f2f6
ee2d
ecce
ee96
f31a
f97f
00b1
07f5
0e10
129c
1505
1558
13b6
105e
0bd6
06c8
018a
fc9d
f81b
f453
f13b
ef1f
edaf
ed18
ed68
ee53
f025
f2ba
f5ad
f91a
fc7d
ff92
022f
03c3
045e
03c9
0242
000c
fd7c
fb4b
f9fc
fa1c
fc19
0020
0620
0daa
1666
1f4a
2775
2dee
31cd
3264
2f5d
2900
1f8c
13f0
0774
fb86
f15f
ea21
e6ef
e7e1
ecfb
f589
0029
0b59
1597
1d47
2124
207a
1b6c
125a
06a4
f9d8
edac
e3dc
ddc8
dc25
df2f
e631
f000
fb06
0584
0dad
1252
12d8
0f4e
0882
ffb4
f699
ef19
eac5
eac0
ef6f
f891
0545
13e0
2297
2f83
390c
3df3
3daf
385a
2f01
22ab
1524
081d
fce1
f494
ef95
edf1
ef18
f215
f5b9
f8e7
faa8
fa97
f891
f4cf
f02b
eb8e
e802
e65d
e754
eb0a
f13d
f942
0222
0ac6
11d9
1683
17df
1610
10ee
096a
006c
f6fb
ee52
e767
e2dd
e104
e198
e3fc
e759
eaae
ed33
ee09
ecea
ea1b
e5b7
e0cf
dc5f
d92d
d828
d99a
ddb9
e3d8
eb3e
f2bc
f92f
fd44
fe7c
fc4d
f724
ef93
e6cb
de54
d77d
d381
d326
d6b4
ddb7
e756
f261
fd5d
06a6
0d63
109e
106c
0ced
0750
0097
fa67
f5a8
f39b
f4c0
f8d7
ff6b
07a7
104e
1833
1e23
218a
2208
1fb1
1b57
15b4
0fb1
0a95
070e
0599
0638
08e7
0cef
1168
158b
1850
195d
1829
14c5
0f86
0903
022d
fbcd
f6fc
f41b
f3f0
f655
fb3f
01f8
09fa
124b
19d2
1fd9
238d
249e
22e1
1e70
181e
1059
0861
00ea
faf7
f753
f635
f7cc
fbf1
021d
0979
1136
188e
1e95
22c8
24dc
24d9
22cf
1f48
1a96
153a
0fa7
0a2c
04e0
ffdf
fb25
f6a6
f254
ee57
ead0
e823
e6ad
e697
e835
eb65
f000
f54f
fada
ffad
0312
042d
02bd
fea1
f81c
efed
e6e5
de21
d6c5
d175
ceef
cf48
d24f
d764
dd95
e3e5
e940
ed04
ee8c
edd0
eb1d
e70d
e281
de44
db38
da06
dad8
dde5
e2be
e8cf
ef46
f564
fa55
fdc5
ff78
ff65
fe12
fbc6
f98e
f7fe
f78a
f8ba
fb9d
ffee
053e
0ae3
0ff3
13d2
15d8
1573
12c0
0dc9
0739
ffad
f847
f197
ec89
e937
e7fa
e83a
e98b
eaf3
ebae
eb1c
e892
e42d
de20
d77c
d11e
cc6c
ca93
cc4b
d226
dbfc
e904
f80a
073e
14fd
1f87
25c1
26ee
22f0
1aad
0f3c
0292
f62a
ec08
e52a
e27f
e41c
e95a
f144
fa94
03e3
0bd9
11ab
1513
15d4
14b3
1234
0f63
0ccd
0b0e
0a4e
0a62
0ae4
0b28
0a66
0860
049f
ff28
f86e
f125
ea19
e400
dfa1
dd75
dd8e
dfb5
e360
e7f7
ec86
f094
f39b
f545
f599
f50a
f3e9
f2c7
f224
f220
f2f0
f456
f5ee
f749
f7a7
f6de
f44d
f045
eaef
e4f5
defb
da02
d6fb
d6ab
d980
df74
e87b
f3c7
006d
0d1a
1873
2179
2726
28da
2686
2093
17cf
0d53
0271
f875
f07c
eb52
e901
e999
ec4f
f013
f3be
f633
f696
f47a
efc1
e915
e18b
da74
d545
d333
d52c
dbab
e64c
f43c
041e
1420
227c
2dca
34ba
36d4
3416
2d65
23b1
1879
0d51
0334
fb64
f60c
f32f
f287
f32b
f48f
f603
f727
f7d4
f85c
f91e
fab3
fd90
01df
0797
0e42
1515
1b03
1f0a
204c
1e55
18f5
10c0
069c
fb9f
f16c
e953
e45a
e302
e574
eb14
f2dc
fb4a
02f7
08af
0b5a
0a8e
0680
ffb6
f787
ef53
e845
e3ac
e264
e490
ea06
f1d4
fab9
0375
0a9f
0f27
106a
0e25
088f
00be
f795
ee7a
e6a2
e100
de58
deed
e27d
e883
f02e
f880
006d
0768
0ca9
1009
1199
1185
1082
0ece
0cdb
0b43
0a03
0920
08b4
084d
07c6
0715
05c1
0417
01d9
ff46
fc5c
f973
f64a
f334
f01d
ecf1
e9cd
e6ad
e3d9
e185
dff1
df5c
e04f
e2ab
e6b0
ec1c
f271
f933
ffb7
053f
092d
0b14
0afc
08da
051e
0081
fbbd
f7b0
f4f5
f425
f55f
f896
fd81
037b
09eb
0ff1
150b
18aa
1a2f
199c
16f5
1232
0ba4
03ad
fac6
f139
e7b7
deaf
d6ab
d00b
cb71
c945
c9a3
cca6
d22d
d9ad
e2a3
ec13
f560
fd93
0419
0876
0a71
0a82
08d2
0613
032c
0084
fec5
fe09
fe7f
ffbc
016a
0307
0412
042e
0341
017d
ff26
fcf8
fb44
fada
fc03
feb1
02d2
07f5
0d28
11f9
1551
16b8
15c8
1272
0d1e
0617
fe63
f68d
ef84
e9af
e5b2
e38a
e31e
e441
e689
e968
ec96
efca
f2ab
f54d
f790
f95b
fab0
fbb7
fc1d
fc0c
fb2f
f985
f748
f478
f15b
ee6c
ebf4
ea56
ea23
eb7b
ee83
f2ed
f89d
ff1d
060a
0ca4
128d
1772
1b2d
1d92
1eee
1f52
1f0f
1e66
1dba
1ceb
1c1d
1b3e
1a20
187d
1643
133e
0f56
0ab9
05a4
0047
fb12
f65c
f2b1
f01b
eee8
ef2f
f0ad
f363
f704
fb20
ff8a
03fc
0856
0c85
1080
1468
1863
1c67
20c6
2514
294c
2d38
3032
31ea
31d5
2fb0
2b29
2437
1b15
1002
03a6
f6bc
ea14
de96
d50a
ce27
ca50
c9ff
cd3e
d401
dda9
e9dc
f7d7
06af
1565
2312
2eaa
376d
3cbe
3e27
3ba0
355c
2bfd
2051
135f
0646
fa32
f022
e8af
e42f
e2de
e416
e772
ec29
f177
f684
faf0
fe40
00c1
025a
0374
0487
05af
06fd
087e
09d3
0a70
09f3
07d2
03f4
fe3c
f755
efb6
e865
e25a
de88
dd9e
dff1
e545
ed15
f67a
0002
08aa
0f2d
12e1
1356
10c3
0bc9
055d
feb1
f8df
f4fd
f3a6
f4f1
f88a
fde0
03c4
0940
0d36
0ee0
0e07
0a6e
04a0
fd5b
f56b
edf0
e7b1
e35d
e143
e19b
e417
e837
ed99
f3a8
f9ed
0015
05fa
0b56
1037
1468
17f5
1a83
1bdd
1bb4
1996
1585
0f4e
073d
fde1
f3ff
ea2c
e195
daf0
d6d5
d5a2
d73f
db38
e0bc
e6df
eca9
f154
f424
f4f7
f3e0
f164
ee79
ec14
eb11
ec32
efeb
f64f
fee6
0909
1385
1d50
253d
2ac9
2d2e
2c78
28e9
2335
1c4c
1526
0e82
0926
0562
036a
02e7
037c
047f
054e
055d
045a
021b
fe91
fa2c
f554
f07c
ec27
e8fb
e721
e6ed
e86a
eb60
efbf
f52b
fb39
0189
077a
0cdb
1115
141c
15be
15fd
14d3
12ae
0fd7
0cde
0a66
08a9
085f
09a1
0ca1
1118
16cf
1d19
233f
28d9
2ce5
2ef4
2e9d
2bd0
268f
1f34
163c
0c3b
01fc
f81f
ef21
e797
e193
dd7b
db2c
da6a
db46
dd3f
e033
e3e4
e7f0
ec4a
f085
f4ab
f840
fb7e
fdeb
ff97
0089
006e
ff9a
fdd6
fb67
f855
f4d0
f0dd
ecd6
e8c8
e4f7
e17b
dea0
dc77
db45
db1c
dc46
debb
e29e
e7d4
ee29
f55a
fcfc
0489
0ba2
11a2
161a
18aa
193b
17bd
145e
0f6a
0992
0347
fd43
f838
f47e
f28c
f23c
f3b3
f67a
fa3f
fe20
01d8
04a2
062b
0631
0485
018d
fd8e
f8e2
f452
f02c
ed1f
eb86
eb8b
ed49
f099
f538
fa99
003e
059e
0a51
0daf
0fb1
0fe6
0e86
0ba0
079c
02ce
fd95
f888
f3fe
f064
ede2
ecaf
eca3
edd2
efd3
f28d
f58d
f8d2
fbc6
fe5f
0086
0203
02b9
02a7
01e3
0077
fe53
fbcf
f8fe
f621
f363
f139
efb5
ef01
ef5c
f0a3
f283
f4a9
f6b5
f806
f819
f658
f2b9
ed22
e5d1
dd38
d413
cb48
c3b2
be3e
bb7b
bbd0
bf47
c596
ce3b
d856
e311
ed64
f693
fde6
02e1
0592
05fc
043e
0123
fd03
f888
f40d
f030
ed04
eaf2
e9cd
e9a1
ea0f
eaf1
ec11
ece2
ed51
ed03
ebe1
e9c6
e6e5
e39d
e004
dcf2
da89
d98b
da3a
dcc3
e13a
e725
ee04
f54d
fc3b
01fb
05f8
07d2
07a9
0581
01fc
fdbc
f9b0
f6b6
f515
f570
f79b
fb80
006a
05a3
0a84
0e5b
108b
10fc
0fcb
0d31
09fa
0693
03e2
0239
01fe
033d
05d3
0959
0d37
10ea
1406
15fa
168a
15de
13c2
1062
0c38
072c
01ac
fbfc
f648
f0b8
ebd4
e7a9
e4e2
e3dc
e4ca
e7f8
ed4b
f49b
fd48
0655
0ecd
159f
199a
1a07
167e
0f38
049a
f815
eb0d
df17
d5e2
d0be
d041
d4d3
ddf4
ea29
f816
05c2
1133
18a5
1b27
1805
0f73
0288
f2b7
e1ab
d1a2
c463
bb66
b799
b955
c058
cb80
d9b3
e931
f87f
0618
10e9
181d
1bab
1bab
18e6
144c
0ee7
09c4
05e0
03cd
03f9
0685
0ad9
10aa
1717
1d48
227e
262d
27e3
27a0
2598
2236
1e25
1a14
16b6
1477
13ed
14b1
16c7
19a9
1c76
1e96
1f3e
1dfa
1aad
155b
0e73
0694
fe95
f75d
f18f
eddd
ec6f
ed5c
f00e
f435
f90c
fda0
016e
040d
04f9
0432
021c
fefc
fb37
f78d
f44f
f225
f139
f1e1
f3f9
f7bf
fcc1
02d9
096f
1033
1644
1b2d
1e4a
1ef1
1cc0
17b8
0fce
05bd
fa4e
ee8e
e3ab
db17
d5f1
d4a8
d7cc
df0b
e971
f5dc
02c1
0e60
177b
1cad
1dbe
1a8e
13c5
0ab6
0096
f719
ef94
eac8
e959
eaf6
eeeb
f440
f9bc
fe46
00cd
00eb
fecf
fad5
f5d8
f0f9
ed0d
eb1a
eb6a
edec
f219
f736
fc3f
0012
0202
019c
fee3
fa65
f50b
efd0
ebec
ea49
eb4e
ef55
f60e
fe95
0803
1138
1988
200f
2498
2774
28f2
29d1
2aed
2ce0
2ff1
3461
397f
3ea8
42df
4512
4473
40b1
39a0
2fe1
247b
18af
0e12
05d1
012b
007c
0395
09f4
122e
1ad9
226b
2770
28cf
262f
1fa7
162e
0ae7
ff5e
f548
edbb
e9e4
e9d3
ed67
f3c2
fb5c
02e7
08d3
0bd1
0b27
066e
fe56
f37d
e772
db8b
d184
caae
c7ec
c984
cf6f
d89d
e41e
f05f
fb97
04ae
0a1d
0b95
08a9
01c6
f7ec
ec38
e014
d4e1
cbe6
c607
c38e
c4a9
c8c3
cf16
d680
de09
e477
e91e
eb9f
ebe5
ea68
e7d0
e4f4
e2e5
e257
e3ca
e791
ed5b
f48c
fc5c
03a5
09a0
0d70
0e85
0d1d
0951
0412
fe63
f953
f5fd
f50e
f715
fc09
036d
0c31
1599
1e47
2539
29a7
2b2f
29cd
260e
20c9
1aec
156b
1137
0f03
0edc
109d
13c6
177b
1ad6
1cce
1c97
1a01
1496
0ce6
0385
f968
ef7b
e6c4
e041
dc64
db9e
dd8b
e1f2
e838
ef55
f6a9
fd42
02b4
067a
0854
08ae
0767
0502
0200
fe8a
fb15
f7a6
f490
f19e
ef00
ec97
ea46
e82b
e63d
e496
e326
e1dc
e0e9
dff7
defb
ddc3
dc2f
da14
d787
d4a9
d1e4
cfae
ceab
cf47
d222
d767
df42
e95d
f501
0186
0dc7
18b8
215a
272d
29c2
2920
25de
20b9
1ae4
1580
115b
0f61
0fbd
126d
16b7
1bbc
2063
237b
241a
2197
1bdd
1345
0878
fcda
f19e
e814
e10f
dd75
dd3a
e019
e532
eb68
f147
f5d0
f7cb
f6d2
f292
eb9a
e290
d8af
cf31
c731
c1ad
bf71
c0a5
c52d
cc69
d589
df4a
e8d6
f0e0
f6a6
f9b8
f991
f680
f0e9
e99b
e178
d97d
d2e0
ce7e
cd2f
cf7c
d574
dee6
eb35
f956
0830
1641
2253
2b46
305b
3120
2da8
26ae
1d25
1279
07f8
ff2d
f909
f647
f733
fb74
0234
0a5d
128d
19ce
1ec8
20e8
1fdc
1bd7
156e
0d4f
049f
fc2b
f4e5
ef02
eb18
e8db
e80d
e85f
e969
eaa2
ebf3
ed5f
ef1d
f194
f4d8
f966
ff55
068f
0e96
16eb
1ec6
2537
297e
2afd
2934
243a
1c86
126d
073b
fbaf
f131
e8bc
e2ef
e047
e118
e4ef
eb6b
f3dc
fd45
0707
1055
18b3
1fb8
254e
2987
2c87
2e72
2f5f
2f45
2e70
2c67
2914
249e
1eb8
17ae
0fb5
0776
ff8e
f892
f34c
f022
ef5f
f0f0
f46f
f945
fe7f
0333
0685
07ff
0730
044c
ffa1
fa15
f4b8
f04a
edbb
edb0
f053
f568
fc48
041a
0bc4
1220
165b
17f9
169f
12b2
0cc3
05bc
fed4
f8e1
f4e1
f34c
f485
f822
fdc4
0473
0b8f
11dd
16b8
19a4
1a59
18af
1514
101b
0a2c
041f
fe55
f97d
f5a7
f318
f1bc
f19f
f243
f3c4
f5e5
f876
fb88
fecd
023e
05ca
0921
0c2c
0e5d
0f62
0f0c
0d19
096b
042f
fdcb
f6c9
efde
e99c
e4db
e254
e201
e434
e8b1
eef6
f659
fdf3
053f
0b66
101d
1366
1530
15e5
1629
1660
16d0
17ef
1974
1b3d
1cc8
1da4
1d12
1aea
16f7
1176
0ade
041e
fdec
f94b
f6f0
f740
fa58
ffaf
0677
0dd4
146b
1988
1c53
1c7f
1a59
166e
11d9
0db6
0b37
0b4c
0e79
14ab
1d60
276a
317f
3a15
3fd3
41bd
3f39
385d
2df3
211d
1350
061f
fb11
f330
ef25
ef01
f25b
f84e
ffbc
0727
0dd5
1293
151b
1562
1396
1054
0c95
08d5
05d7
0403
039c
046b
0628
0870
0abd
0ceb
0e81
0fa5
1031
1056
1048
104b
105e
105b
1080
1043
0fab
0e69
0c9d
0a74
080d
05fe
04af
0492
0633
0961
0e15
13ec
1a00
1f96
23a7
256d
2454
2022
1909
0fe0
0574
fb16
f20f
eb97
e895
e975
ee41
f638
0068
0b6b
15c1
1e24
2339
244c
2156
1a75
1090
04eb
f901
ee45
e617
e142
e032
e329
e963
f21b
fc17
0608
0ecb
15a1
19b4
1aee
1994
164c
11ca
0cf6
08ba
05d7
049f
0527
0742
0aac
0e99
1275
1591
175a
1797
15f9
12aa
0e01
0844
0204
fb88
f58b
f020
ebd6
e890
e691
e5e3
e685
e865
eb5a
ef25
f3c3
f8d7
fe17
02f2
075c
0aa1
0cc4
0d65
0c7e
0a0e
0687
01f5
fcf2
f7d8
f30b
ef04
ec01
e9f9
e93b
e99c
ead7
ecd6
ef45
f1eb
f433
f611
f734
f73b
f637
f413
f0bc
ec9e
e7e3
e353
df4d
dc92
dbd1
dd9f
e216
e966
f363
ff7a
0cb2
1a0f
2661
309e
37ad
3afc
3a2f
3555
2ce6
21ec
1512
079c
fac6
ef2e
e5b9
deb4
da70
d89f
d92c
db78
df73
e47d
ea94
f15f
f897
005d
0865
105d
17bf
1e39
232d
260a
2649
23ee
1eba
1722
0da6
034d
f8fb
efef
e8de
e4c9
e3e5
e637
eb72
f29e
faa6
025d
0898
0c5c
0cea
0a05
041a
fba2
f1dd
e7cf
deda
d84e
d4fa
d578
d9ce
e16d
ebb7
f774
0360
0e28
1699
1bd7
1da2
1baf
166f
0eaa
0528
fb11
f17d
e95d
e31e
df65
de35
df33
e213
e5f5
ea4c
ee4d
f16d
f358
f391
f26f
eff6
eca8
e900
e5aa
e2f0
e160
e12e
e25d
e4ad
e79a
eac1
ed42
eebc
ee8a
ec77
e85d
e2be
dc34
d57a
cfcb
cc01
cb42
ce1c
d4f3
dfb6
edbe
fe07
0f72
2050
2f2c
3ad1
424f
452c
4370
3d9e
34ea
2a57
1f87
15b1
0dbe
08b8
0685
06f4
098c
0d34
1112
13f0
150f
13e0
1063
0acc
039b
fbd5
f470
ee19
e9cb
e7bc
e849
eb24
efb1
f543
fad2
ffb4
02e6
040b
02ee
ff76
fa0b
f330
eb87
e405
dd33
d7df
d46c
d2fb
d3d2
d6c6
db70
e194
e89b
f026
f7a0
fea1
04bb
0979
0cc1
0e28
0dcb
0b87
0769
01d8
fb4b
f478
ee0c
e8b0
e570
e4c7
e733
ecb5
f52a
fff1
0be9
17e3
2278
2a7c
2e9e
2e19
28c3
1eb9
10cf
0025
ee40
dcbf
cd23
c097
b7fa
b3a7
b39c
b73d
bdbc
c634
cf75
d8dd
e1b4
e9be
f0c8
f6e1
fc88
01bc
06b0
0b7d
0fd5
1374
161b
1723
1675
13ba
0f60
0965
0285
fb22
f3eb
ed79
e828
e42f
e15a
dfbe
deec
de9b
de81
de89
ded0
df63
e0ad
e2bd
e5e6
ea6f
f039
f711
fe63
05d6
0ccc
12a6
16ef
1995
1a52
1979
1762
1436
1094
0cd0
090d
05b6
02b3
ffdb
fd38
fa7b
f7c2
f521
f26f
f02d
ee44
ed2a
eccf
ed6d
eeaf
f08d
f2da
f50d
f71b
f8b4
f9dc
fa9a
fb3e
fbe1
fce4
feb6
0130
048c
0882
0cd2
10e7
1458
168a
1713
15d1
12ac
0dff
082b
01dc
fbc2
f6c2
f340
f1d0
f29b
f561
f9ba
ff3a
04cb
09dc
0d6f
0f24
0e90
0bcf
0722
0163
fb6c
f643
f2cc
f1fb
f41b
f9a6
0217
0ce7
1902
2540
3051
38fc
3e5a
3fa1
3cca
35f0
2bd4
1f5e
11ab
041c
f7c3
ed52
e5aa
e0cf
ded2
df5d
e1c5
e57d
e9e8
ee6f
f2af
f670
f99e
fc52
fe9b
00ab
027e
046e
0656
0841
0a13
0bc0
0d43
0e8d
0f97
1058
1091
1032
0f17
0d0c
09dc
054a
ff71
f836
eff0
e6c0
dd89
d49a
ccb0
c673
c234
c03d
c0a3
c2f4
c709
cc5e
d255
d8a0
decb
e4b8
ea76
efeb
f542
fa7f
ff5a
03cc
0757
0960
097c
0727
026f
fb93
f30f
e9f8
e1a0
db73
d882
d9e6
dfe5
ea45
f847
0876
18b8
2750
3244
3817
3804
3209
26e7
17f5
075f
f6e7
e8a5
de2d
d837
d706
da0f
e001
e782
eeb2
f457
f727
f6f6
f384
edd6
e6dc
e016
da80
d77d
d79c
daeb
e132
e9cb
f3ac
fda4
06d3
0e45
138a
1664
1730
15fc
1374
1037
0ca9
0935
0633
03a8
01d8
0085
ffc0
ff5e
ff84
fff6
0098
013c
01bd
01e7
014b
ffc0
fd16
f96b
f502
f02f
eb9b
e7e1
e57c
e502
e6b7
ea8c
f007
f68b
fd70
03a8
08a7
0bca
0d0e
0c85
0ae2
08ce
075c
0745
0913
0d19
12fb
1a31
218e
280d
2c60
2d91
2b0f
24be
1b2d
0f19
01e3
f4f1
e978
e0ab
db43
d956
daa8
deb3
e45a
eab5
f10b
f680
fada
fe0b
002c
01cb
0338
04d8
06c1
08e6
0b16
0ce8
0dc7
0d7c
0bb1
08c3
04fb
00bd
fcf4
fa29
f8e6
f988
fbb6
ff48
034e
06ee
096f
09fc
0841
042c
fe7f
f7ea
f14e
ec13
e909
e8c9
eb64
f0a1
f790
ff08
059c
0a08
0b2b
0884
020d
f85f
ec99
e03b
d4cd
cbda
c68c
c588
c8e2
d00e
da16
e565
f0b3
fa84
01e4
05e8
06c4
04c2
00c6
fbe2
f73b
f3bf
f227
f2b4
f53f
f8fe
fd51
00dc
031c
0304
0091
fbd2
f55a
ee0d
e72d
e1be
dede
df10
e293
e909
f1c4
fbd2
05bf
0e9c
155d
1951
1a55
18ca
151a
1028
0afa
0660
0302
0150
011b
0225
03dc
05a4
06d4
06ff
0607
03e3
00f0
fe05
fb8a
fa52
fa92
fcb2
008c
0583
0b2f
1095
14f3
17c4
188f
173e
1416
0fa5
0ad3
0625
0287
0088
004d
01e7
04e7
0886
0c0e
0e8d
0f42
0d88
0948
026a
f962
ef18
e43d
da10
d1af
cbc5
c932
ca58
ceee
d6e5
e15a
ed67
fa0a
0601
1043
17ea
1c55
1d1a
1a77
149a
0c65
02a5
f88f
ef0a
e73a
e1d9
df77
e03a
e40b
ea8c
f326
fcf9
072e
10d5
1948
1fdf
244b
265a
2628
23ad
1f6d
19cc
1311
0bbc
0444
fd06
f660
f0d6
ec74
e99f
e897
e924
eb77
ef05
f396
f889
fd2c
0105
0373
040e
0296
ff74
fb03
f5c9
f0ec
ed0d
eb1d
eba9
eef5
f4c4
fcb2
05c4
0ed0
16ba
1c49
1eb3
1db6
192b
11c6
0873
fe61
f513
edab
e93e
e857
eafc
f0c9
f8f4
024b
0bb4
13fe
1a29
1dbc
1e8b
1cc6
190f
1421
0ecd
09aa
056a
0205
ffa6
fdf9
fc5e
fa59
f7ad
f420
ef9d
ea98
e5a3
e176
ded3
de36
e017
e494
eb3f
f374
fc59
049f
0b3e
0f56
1021
0d92
07a3
ff17
f504
ea84
e0e5
d96e
d4fc
d3e6
d68a
dc47
e47e
ee21
f7e9
00dc
07eb
0c50
0e12
0d1f
09fc
054f
0040
fb46
f76a
f517
f466
f55d
f7c6
fae5
fe4b
0164
03bb
0500
04f7
03cd
019d
fea5
fb3e
f776
f3c2
f037
eceb
ea50
e871
e79d
e856
eaae
ef0d
f58e
fdf9
07f2
12bc
1d53
269c
2d4c
305c
2f08
2904
1ea5
10aa
00a7
f027
e138
d58e
ceac
cd70
d1ed
db99
e8fb
f838
0753
140a
1cc7
2022
1daf
15de
0993
fa7f
ea9e
dbe5
d01c
c891
c5d8
c7e4
ce2d
d75f
e22c
ecdb
f62f
fd2b
0153
026c
00f7
fd9f
f94e
f4be
f0b0
eda3
ebaf
eac3
ea42
ea10
e9a3
e894
e715
e54f
e37d
e278
e277
e436
e7e6
ed86
f4c2
fcea
0561
0d46
13e6
18a6
1b58
1bff
1af6
18fe
16af
14d1
140d
1482
1643
191c
1c3f
1eeb
20a2
208a
1e50
19f6
13ee
0cb8
0555
fe87
f92f
f5c3
f480
f544
f778
fa4e
fce4
fe85
fe7b
fcbe
f94c
f4c1
f022
ec3e
ea47
eaa3
eddd
f3e2
fbee
0536
0e63
1645
1bce
1e44
1da2
1a41
14cc
0ea8
0925
0546
043b
063d
0b3c
1262
1aae
2286
28a7
2bb3
2b36
26ba
1f0d
14f7
09e8
ff96
f765
f26a
f17e
f473
faef
03be
0da8
172b
1f09
2452
2693
25df
22da
1e39
1928
14a6
115a
0fc4
0fb5
111e
130a
14d5
1593
14b9
1210
0d82
07a1
00df
fa5e
f4bf
f0c6
eef5
ef56
f1d1
f5d8
fabf
ffc7
0453
07e9
0a3f
0b4c
0b57
0ab9
09ed
0994
09cd
0b0a
0cfe
0f7f
125e
14e4
16a9
1748
1686
1442
10a3
0be9
0667
00c6
fb3b
f663
f28c
efbe
ee08
ed60
ed6b
edce
ee3b
ee66
edd8
ec75
ea23
e6f3
e2f0
deb2
da71
d6e4
d444
d351
d43a
d755
dc8b
e3b4
ec4d
f59c
feed
074c
0e20
1294
143b
1305
0f35
0928
01bb
f9f7
f2b8
ed15
e9dc
e950
ebb7
f0ad
f790
ff7b
0733
0dad
121d
13c1
1247
0e03
0777
ff87
f756
f015
eabb
e80c
e885
ec06
f21d
f9f0
02b4
0b0e
1247
177d
1a63
1ae7
1965
1699
1348
1033
0e21
0d8e
0e90
10e2
141b
179b
1a7c
1c1c
1c1b
1a2e
1672
1139
0b32
0517
ff44
faa9
f764
f5a1
f53d
f623
f7cb
fa06
fc7a
fef8
0198
0468
076b
0ae7
0ede
12e5
16d0
1a22
1c0e
1c4f
1a49
15f8
0f74
075f
fe88
f61f
eefb
ea2f
e87b
ea09
eebc
f5f5
fe69
0733
0ec9
1437
16bb
160e
128f
0cb6
0594
fe55
f81b
f3a8
f1a0
f1bb
f3d7
f71d
fab4
fd96
ff12
fed3
fcb6
f922
f4b7
f037
ecce
eaea
eb50
edc5
f241
f813
fe8a
048c
099d
0d05
0ea0
0e70
0d1a
0b2c
094a
082e
0881
0a6b
0dc4
1256
1777
1c7a
20a5
237f
2492
236c
2039
1b3c
1484
0c9c
03e6
fad0
f1e2
e92d
e178
dadf
d605
d351
d340
d5d8
db6f
e3b9
ee74
fac7
07b0
1435
1f1e
2754
2c2a
2d69
2af3
2569
1dab
14e5
0c5a
050b
ffd1
fd3c
fd31
ff6a
030b
0740
0b11
0db5
0ebe
0de8
0b98
0800
0414
003d
fd6e
fbd7
fbe1
fd40
ffd0
02d3
05f0
0878
0a65
0b5e
0b96
0b60
0b52
0b7c
0c8b
0e51
10bd
139c
161e
17b1
17c2
15bc
1172
0b20
030e
fa30
f145
e9b6
e47e
e238
e379
e858
f03e
fa66
0572
0fe6
1869
1d99
1ead
1b15
12cc
06ca
f82f
e85c
d926
cc6d
c3a5
bfd4
c183
c898
d44a
e32c
f3ae
03a4
1148
1b11
1fae
1ea5
183c
0d12
fe97
ee76
deb0
d0e9
c6c3
c122
c09c
c4f6
cd71
d8d5
e5b8
f2a7
fddc
068a
0bba
0d18
0b16
0632
ff77
f803
f15a
ec53
ea13
eb1c
ef66
f70d
0125
0cd9
1941
24f1
2ed4
3617
39fa
3a22
36c2
3010
2708
1c6a
1152
06c0
fda4
f68a
f1d7
ef7e
ef09
f006
f192
f2ef
f377
f2c0
f08d
ed14
e8b3
e462
e0b2
de93
dedb
e1de
e7ce
f041
fa99
05f5
10fd
1ae1
224f
2684
276b
24c3
1f32
1776
0e9c
05f8
fe89
f8fd
f624
f5d8
f7e7
fbb4
0047
04cb
0846
09fb
099f
074d
0335
fdf2
f899
f3f0
f0ba
ef46
efe0
f253
f5c2
f99c
fcad
fe59
fdb2
fa9f
f536
ee0b
e5ff
de48
d841
d4c7
d4a6
d850
df75
e971
f518
012c
0c31
14ff
1aa1
1cb4
1b35
16a2
0ffa
0808
0018
f8db
f31e
ef37
ed04
ec0f
ec0d
ec48
ec5f
ebd0
eacb
e962
e815
e74e
e7a2
e972
ecf1
f1de
f7f3
fe6a
04b0
09f5
0db0
0f7a
0f52
0d8f
0ac9
07de
0557
041d
04c2
0738
0b8b
110a
1711
1c82
2070
2220
20a6
1c01
1458
09f9
fdf2
f156
e572
db78
d477
d12c
d1ef
d695
dead
e914
f4db
006d
0a79
11e7
15e9
160a
1261
0b66
021b
f7be
ede2
e5f1
e101
dffd
e33d
ea78
f523
0203
0f93
1c72
2713
2e6b
31a0
308f
2b73
233f
18cc
0d6e
0263
f8e7
f1c4
ed62
ebd0
eca8
ef90
f39a
f826
fc88
0036
02ce
0462
04f0
04d5
046c
03d2
037c
036e
03cd
0499
0587
0676
0753
07e9
0815
07f6
0799
06bd
05d2
04a3
037b
0249
012b
0022
ff3d
fe64
fdd4
fd63
fd11
fcde
fcb6
fc76
fbf4
fb5b
fa86
f964
f845
f758
f676
f628
f672
f73d
f8a7
fa96
fca3
fe9a
005f
01b0
025c
02a1
02cb
030b
040e
05fa
094e
0e16
141c
1b16
2216
288e
2d42
2f97
2ec8
2a89
2313
18d3
0ccf
002f
f476
eaa6
e420
e16a
e2d5
e80d
f065
faab
057a
0f87
179a
1c85
1dfe
1bd0
164d
0e38
0479
fa7b
f118
e96e
e441
e1bc
e210
e4f4
e9d4
efec
f667
fc71
0138
044e
053c
03de
0071
fae3
f407
ec3d
e433
dc89
d5fa
d0f8
cdf1
cd1e
ce8b
d1e8
d6e5
dcdc
e324
e8cc
ed0c
ef20
eedf
ebbd
e5ff
de2b
d4fd
cb95
c304
bc90
b942
b9e6
be8e
c75b
d35d
e1a4
f0b5
fee6
0add
132c
1737
1696
11c3
0987
ff66
f4ea
eb99
e4ef
e1e0
e2ed
e7ef
f00e
fa35
0530
0f45
1790
1cdc
1ef5
1dbf
19c1
13ad
0c77
04ff
fdd5
f775
f1bb
ec8b
e7a0
e268
dcc1
d6bf
d0b4
cb28
c72f
c582
c736
ccac
d63b
e372
f35e
04e6
1627
25e2
3267
3ae3
3ec1
3e39
39f4
334a
2b69
240d
1e56
1b06
1a92
1c8b
2048
24cc
28a7
2aa2
29ed
25c8
1e58
13e7
0779
fa45
ed59
e227
d999
d454
d278
d3e7
d80c
de05
e4d6
eba4
f189
f5cc
f834
f893
f722
f437
f054
ec2c
e851
e564
e3c0
e399
e54c
e8c4
edc7
f40d
fb18
029d
09d3
1031
155e
18fa
1aa4
1a4f
1822
1436
0f35
096b
0355
fd82
f855
f402
f0e5
eea3
ed48
ec96
ec0c
eb5d
ea73
e8c4
e685
e3b0
e095
dd5a
da8b
d894
d79f
d84b
da69
de44
e379
e9ed
f0cb
f7d4
fe4b
03c0
07b7
09e5
0a68
0964
0764
04fe
0313
0211
02d7
058e
0a68
1103
18ce
20ef
2852
2de4
30bd
3065
2cac
25e4
1cc6
129a
089c
004d
faf2
f92b
fb7d
0150
0a18
1452
1e84
26f2
2c39
2d45
29f4
222a
16d5
095a
fb4f
ee46
e3a8
dcc2
da0c
db9c
e0d4
e8e2
f283
fcc0
0657
0ea4
157f
1aab
1e99
21c5
24d2
2814
2be7
3009
342d
37a9
39bb
39ab
36cf
310d
285a
1d0f
103f
02b3
f5cc
eaa0
e225
dd17
dba5
de08
e379
eb7f
f524
ff5b
0908
118f
180e
1c43
1dfd
1d6b
1ad6
16f0
1212
0d0e
086f
049d
01e5
0060
fffc
0063
0130
0206
0217
0158
ff89
fc86
f8cb
f4bf
f115
eeb6
ee41
f052
f523
fc89
0607
10de
1be1
25c2
2d4e
317e
31d2
2e2a
26e4
1ce4
1153
05c5
fb8d
f3e5
ef74
ee91
f0f5
f59b
fb75
00e4
04cc
05d2
0352
fd42
f425
e8bd
dc98
d153
c84f
c2f8
c221
c61d
ce97
dad7
e975
f920
082a
1531
1ee8
2487
25d3
22db
1c1c
1264
06ae
fa2d
edef
e2fa
d9fc
d3b2
d073
d08e
d3d6
da3b
e304
edce
f98c
0560
1061
199d
200a
232a
22a9
1e95
1782
0e0c
0348
f8a8
ef50
e840
e434
e384
e615
eb20
f1ca
f899
fe5d
01e2
0261
ff6b
f928
f049
e5d9
db6b
d246
cbc4
c8eb
ca24
cf7d
d841
e362
ef86
fb4b
0569
0caa
107f
10f0
0e4b
0952
0313
fcc3
f760
f3c1
f222
f29a
f4ac
f793
faba
fcef
fdcf
fce6
fa2b
f62e
f16e
ed16
e9cd
e8a5
ea02
ee1f
f488
fc97
054f
0d4f
136b
16a8
1674
1272
0b2b
014b
f631
eafa
e12a
d9cf
d5b3
d528
d7d3
dd12
e3eb
eaca
f0d8
f4f0
f65e
f512
f16b
ec11
e5e2
e038
dbda
d9ab
da1a
dccc
e199
e78f
eda1
f30a
f6ac
f838
f79c
f515
f152
ed52
ea41
e8e5
ea1f
ee63
f570
fef8
0a25
15d0
20f7
2a6f
3186
358b
3694
34bf
30a1
2b01
24cd
1eb3
1985
157a
12cd
114e
10d6
10ed
10e4
1073
0f2b
0d05
0a12
064a
0236
fe34
fabe
f80a
f6a7
f681
f7b0
fa2d
fd82
0175
057e
0928
0c11
0dca
0e20
0d10
0aa5
0721
02e1
fe49
fa3b
f6d6
f4c2
f44e
f574
f807
fbd4
0032
045e
07cc
09fc
0a45
08b2
051f
0015
f9f6
f3c2
ede8
e949
e65e
e526
e5d1
e7e8
eae9
edef
f096
f205
f20a
f07d
ed8b
e999
e56d
e195
deb9
dd68
ddee
e037
e42f
e91a
eeb0
f442
f91d
fd33
0025
023b
0372
0434
0506
05fb
0750
090f
0b0a
0cf8
0e76
0f20
0ecf
0d54
0b1a
0813
051a
024b
006a
ffb2
0046
0211
04a2
076b
09c9
0b10
0ad3
0888
044d
fe6c
f760
f00d
e960
e3e6
e098
dfcb
e193
e5c0
ebc7
f2f9
fa6e
0171
072c
0b33
0d12
0d11
0b3b
07d2
03a0
feea
fa1c
f5c8
f208
ef3e
ed6e
eccf
ed47
ef2f
f268
f711
fd05
0400
0bf1
1418
1bf5
22bf
27be
2a75
2a56
2748
217c
1976
1015
065e
fd64
f61f
f19e
f05d
f280
f7a5
ff60
08c9
128f
1b97
2302
27cc
2991
2808
23c3
1d01
14ed
0c46
0427
fd49
f888
f63c
f665
f88c
fc6f
00f8
0576
090a
0ae4
0a7f
07f5
0347
fd19
f65c
efee
eb0e
e892
e931
ed31
f45c
fe34
096d
1507
1f80
27c2
2cc8
2e31
2bfc
2700
2016
1896
11da
0d2b
0b2d
0c18
0f97
1503
1b22
2095
2418
24e3
2281
1d5d
162e
0e4b
0742
02a7
01ab
04c2
0c0a
1699
2325
2fb4
3a59
4149
433c
3faf
36eb
29d2
1a55
0a5e
fc21
f18a
ebb9
eb5b
f014
f8ed
0450
104b
1ae6
22c7
26e4
26ef
2339
1ce9
1562
0dea
07fd
045d
0383
0551
08b5
0cce
1050
11e8
10fd
0d2e
06a6
fe61
f592
ed87
e79c
e510
e651
eb83
f3fc
fe73
09ae
13e0
1be2
2082
213b
1e20
17f3
100e
0793
0016
fb0e
f928
fac7
ffea
07a0
10e3
1a34
2260
2821
2aaa
29a9
2532
1dd5
1472
0a60
0081
f7fb
f1ac
edcb
eca6
ede9
f10c
f560
fa63
ff2b
0375
06a7
08bd
099d
0988
08ca
0795
064e
0533
049f
049f
054b
06a0
08a6
0aeb
0d67
0fb9
11da
1335
13ed
139f
1258
1027
0d2a
09cb
0625
02d7
fff8
fe0f
fd45
fd94
feef
0170
0492
0821
0ba8
0ed9
1190
138b
14b5
14fc
14be
13ee
12e9
11e0
110f
1089
107a
10f2
11bc
12ef
143e
158f
16cc
1783
1781
16d9
1517
1268
0eb5
0a02
0494
fec1
f8e9
f361
ee92
eae8
e8c1
e866
e9cb
ed0e
f203
f86e
ffda
07f3
1014
1809
1f32
2504
295f
2bd9
2c1d
2a14
25d1
1f7d
1733
0d81
0303
f84e
ee20
e532
de24
d99b
d795
d865
dbbf
e123
e818
ef9c
f6e4
fd5f
0246
0528
05f9
0490
013d
fc67
f6b8
f0b1
eafd
e5ed
e204
df8d
deb3
df77
e174
e4df
e901
ede1
f2d1
f793
fbc5
ff2c
0197
030c
0398
037a
033f
032b
040f
060a
0999
0ead
154e
1d0e
254b
2d35
342f
394a
3c19
3c20
394d
3404
2c99
23bf
1a55
10e9
0837
00c0
fabd
f63b
f2fb
f0cf
ef80
ee9a
ee38
ee00
edf5
ee50
eee7
efe4
f146
f2a7
f409
f530
f609
f64e
f60a
f5b5
f53f
f566
f636
f83a
fb76
0006
054a
0b01
1060
1490
1740
17b9
1614
1266
0d3d
0776
0214
fe16
fc12
fcb9
0019
05c8
0d4b
1551
1cfd
2310
2678
26a4
2345
1cd2
13ce
0938
fe60
f48c
ecfe
e857
e758
e9f6
efeb
f886
029d
0d44
1728
1f3c
24c9
273a
2668
226b
1bc9
1324
095b
ff4e
f603
edf9
e7d5
e3c5
e204
e201
e3b0
e65d
e999
ecab
ef3d
f106
f1d7
f1b1
f101
f010
ef31
eeee
ef86
f14c
f402
f7d3
fc29
00ca
050f
087d
0ac3
0b63
0a84
0832
0484
0039
fb9a
f746
f3b4
f0f3
ef28
ee2d
ed8a
ecde
eb6e
e8ea
e4bd
deff
d7d5
cfbd
c795
c02b
baaa
b812
b911
be09
c6e3
d326
e1e7
f1eb
01d5
104a
1c0a
2454
28ff
2a05
2825
2444
1fc2
1ba4
1903
1894
1a8d
1e8b
23d0
2980
2e2f
30bc
302b
2c0e
2452
195e
0c3c
fe2b
f0cb
e560
dd52
d944
d9a1
de1c
e5dc
efd8
fac5
0505
0d62
12fe
1554
1453
1059
0a0f
0286
face
f3a6
ee25
ea90
e91f
e996
ebab
eec4
f23c
f56a
f800
f9ae
fa2b
f9e9
f8e2
f779
f5e8
f496
f384
f2e1
f2cb
f2f9
f3ab
f47d
f5bf
f743
f917
fb56
fe02
0114
046c
07cb
0ae4
0d54
0eee
0f2e
0e10
0bb3
081d
03bd
ff1c
facc
f752
f533
f49c
f5b1
f825
fb86
ff61
02ec
0560
0639
04e7
0167
fba0
f414
eb65
e262
da0d
d350
cf2a
ce48
d0e7
d761
e149
ee24
fcc7
0c2a
1aec
27f8
31e5
37f6
39ac
36f6
3030
2670
1a9c
0e23
026b
f8bd
f218
eede
ef24
f23c
f77e
fdab
036a
077b
091a
07b2
0347
fc57
f40c
eb74
e418
df36
dd8a
dfd1
e5d5
eeec
fa34
05f4
1106
199e
1f02
2039
1d75
16f8
0ddd
0354
f8be
ef7d
e8a6
e4ce
e431
e68c
eaee
f069
f602
fa6e
fcf4
fd25
faf4
f6c6
f14d
eb4d
e5da
e1da
dfd7
e00a
e27f
e698
eb9a
f0dd
f560
f890
f9dd
f932
f6c5
f2ef
ee94
ea5e
e72e
e587
e5e2
e863
ecb0
f273
f8d4
ff39
04c8
0900
0b92
0c3a
0b44
092a
065c
03c6
01fd
01a5
0336
06bb
0bf7
128f
19ca
20ae
264b
29d0
2a41
276d
20ec
1728
0ad3
fccc
ee64
e112
d619
ce6f
cb04
cc11
d164
da24
e573
f1cb
fdb8
07f8
0f5d
133d
1347
0fcc
095c
0106
f7e3
eece
e6d2
e052
dbb1
d8e1
d77f
d716
d764
d7ea
d891
d96e
dac4
dcf5
e01c
e4c4
eadc
f215
f9ed
01b8
08a5
0deb
10c9
10ed
0e26
08d0
0180
f904
f02b
e7ab
e055
da81
d65b
d3cf
d29a
d2b1
d3a8
d58f
d862
dc41
e15b
e7c3
ef79
f82c
0139
09f9
114a
1663
1887
1741
12d1
0b8e
02a0
f96b
f153
ebb4
e9b9
ebde
f1d5
fafe
05eb
1123
1ae8
21a8
2494
233e
1e0e
1605
0c6b
0309
fb27
f60b
f43e
f598
f95a
fe59
0306
0626
0691
03e8
fe32
f662
edaf
e5c0
e037
de65
e10e
e814
f2f7
0042
0e18
1ab1
2413
292a
2923
2400
1ac1
0ebf
0196
f541
eb7b
e516
e2d2
e4a1
e994
f0a9
f878
ffbe
053d
0833
08a9
06be
0333
fef8
fb19
f848
f751
f811
fa8f
fe39
0232
05c4
0868
095f
08d3
06fb
045a
01c9
fff3
ffc9
01ae
05ce
0c02
13b9
1c34
2433
2ad0
2f59
3110
2fc6
2baa
2527
1d3a
147a
0c1d
0497
fe95
fa3e
f796
f631
f5c0
f5ca
f596
f519
f409
f288
f0dc
ef87
eef5
ef93
f17e
f50d
fa0e
0027
06e7
0de9
147d
1a15
1e71
2153
2298
2243
20a7
1de5
1a14
157e
1023
0a56
0418
fd84
f6bc
f046
ea41
e520
e164
df62
df75
e19d
e5d1
ebc2
f2c6
fa6e
01e5
0852
0d58
105e
1126
0ff0
0d06
08b8
03bc
fe7e
f98d
f53d
f1cc
ef2e
ed2c
eba2
ea1e
e884
e6d9
e51c
e3ab
e2df
e33d
e51f
e914
ef03
f71a
00a7
0b1d
157e
1eed
2624
2a8a
2b47
2845
219d
17f6
0c6b
002a
f48f
eb1d
e4b4
e23f
e410
e9ff
f32e
fec0
0b2c
1700
210e
2820
2b7a
2aef
26ae
1fab
16bb
0d42
0450
fd38
f889
f6aa
f7a9
faf7
ffc6
0539
0a7d
0eb7
116f
1277
11ec
1025
0de9
0bb2
09fe
0939
0982
0a75
0b9b
0c82
0c99
0b4a
08ad
04ad
ffd1
fad6
f6a6
f3c6
f305
f482
f7ff
fcd6
0202
0689
08e9
0899
04d7
fdd0
f417
e8ff
de02
d4dc
cecb
cd0f
d008
d765
e227
eed2
fb6c
062a
0d68
1030
0e16
07e2
fe89
f3ea
e9bb
e202
ddec
de50
e31b
eb6b
f601
00ec
0a40
10b7
12f5
10b2
0a29
005d
f4ca
e8f9
dea7
d706
d2ef
d284
d578
db11
e218
e95c
f004
f504
f837
f960
f8a9
f691
f3a7
f03a
ecac
e8f6
e55b
e181
dd9c
d9b0
d61f
d317
d148
d11c
d2e9
d6f4
dcc7
e418
ebe5
f33d
f91b
fcb3
fd82
fb8a
f76d
f234
ed0b
e994
e8c4
eb99
f254
fc5a
08a5
1594
2163
2a2a
2e82
2db9
2799
1d1a
0f7c
00aa
f2d9
e7b1
e0dd
defb
e212
e92f
f314
fde5
07ee
0f71
135a
1336
0f40
0834
ff3e
f5af
ece3
e5c7
e111
dea3
de3e
df69
e127
e2d3
e400
e440
e3d0
e312
e2ac
e31e
e4fd
e86a
ed67
f384
fa16
0052
0557
08b2
0a0e
0970
0722
040b
0106
fec1
fdf5
ff16
023b
06ea
0c84
1212
16bc
19a4
1a3e
1843
13e5
0dcf
0681
ff00
f859
f306
efb7
ee9a
ef94
f24a
f61c
fab2
ff52
03bb
0764
0a46
0c7c
0de7
0eb0
0ed2
0e27
0cb0
0a0d
061c
00cd
fa0d
f242
e9d8
e1ad
da60
d525
d299
d35c
d7c8
dfc5
eab9
f7ec
0609
13da
2056
2a27
30c0
33b0
3338
2fc4
2a27
2393
1cd0
170c
12d4
1055
0fb7
1060
11cf
1329
13b5
12ba
0ff9
0b68
058b
fef6
f8b1
f3a6
f0a4
f05b
f325
f8b0
0092
097a
1254
19dd
1e8f
1fc1
1ce0
161c
0c13
ffe5
f325
e79e
dea2
d9ad
d952
ddc9
e67b
f20b
ff2a
0bb7
15fb
1c73
1de0
1a10
1111
042f
f4a4
e485
d59b
c9c9
c26e
c034
c359
cb31
d6b0
e461
f264
ff2a
0965
0fd5
123e
10ac
0b88
040e
fb62
f2a6
eb13
e58b
e2af
e278
e4ca
e8f6
ee59
f402
f925
fd14
ff55
ff8a
fe17
fb1e
f71d
f2cd
ee97
eb53
e94c
e8ad
e9a1
ebcb
eed8
f259
f5d2
f8a4
fa81
fb36
fa9b
f8d1
f624
f2d4
ef49
ec09
e95b
e763
e665
e65f
e745
e8aa
eaa6
ecf4
ef7a
f215
f4b5
f772
fa83
fdd3
0140
04f0
08a3
0bfc
0edd
10cb
1191
10ef
0ee5
0ba2
073d
0253
fd6a
f8fc
f599
f3e4
f41b
f673
fad4
010e
08bd
1122
19c1
21c3
28d4
2e33
3197
32de
3205
2f1d
2a8f
24b9
1df3
16af
0f8e
08ae
023a
fc6b
f762
f2ce
eed4
eb0b
e79d
e454
e155
de91
dc59
dab4
d9c7
d9d8
daea
dcf6
dfe2
e34f
e716
eaed
ee8c
f1b9
f472
f6a4
f87d
fa1e
fbb8
fd83
ff9f
01ce
03e2
05c0
0700
0743
064b
03f2
00a7
fc75
f825
f42a
f142
eff6
f05e
f28c
f63b
fa6d
fe72
0178
0278
00f0
fcf7
f6ac
ef24
e770
e108
dd58
dd2e
e17b
e9ff
f5fd
0429
12c9
1fa7
2926
2da7
2c53
2526
190d
0966
f840
e7b9
d9e8
d046
cbcd
cc8b
d1b8
da23
e40c
edca
f5c6
fb1d
fd79
fd1d
fb11
f8b1
f74d
f830
fbdf
0293
0bd2
1638
2072
28da
2de3
2ecc
2b53
23e9
19b8
0e9a
0463
fce1
f995
fb45
01c6
0c86
19cb
27c9
347a
3df6
42d6
4289
3cfb
32e8
25a0
16c5
0810
fad4
f055
e926
e4fd
e3b4
e429
e5a4
e6ea
e791
e6ff
e54b
e2ce
e003
ddd0
dcd8
dda2
e0a3
e5ab
ecab
f518
fe0f
070f
0f29
15d0
1aa3
1d3c
1d7a
1bb3
1816
1308
0d03
06a6
008c
fb59
f75d
f564
f592
f822
fd1c
0412
0cc4
1624
1fa2
2802
2ea1
327b
3326
3069
2a56
217e
16b3
0ada
fefd
f425
eb31
e4a2
e0d4
df8e
e0ae
e37d
e7a0
ec39
f100
f548
f91d
fc2b
fe77
0029
014c
01ff
0218
01ba
00c5
ff3c
fd4c
fb21
f923
f789
f710
f7f0
fa95
fefd
0506
0c40
13c9
1a9e
1fe6
2277
21cd
1d6a
1580
0a9e
fde5
f06d
e3da
d978
d264
cf4f
d07c
d5a5
ddda
e7fc
f2da
fcfd
0588
0b86
0ed4
0fae
0e78
0c51
09db
07fd
077a
0876
0ae2
0e5b
1236
15d1
187a
19a9
1982
17d8
155d
12bb
10c4
1009
1115
1404
18c8
1ec7
2510
2ac0
2f0b
30ff
3031
2ca4
267a
1e79
1548
0c09
034a
fbd2
f5f9
f1bd
eecd
ec92
eac0
e8a0
e5d4
e24f
de3b
da0d
d66f
d416
d3bd
d5ef
db0f
e315
edb4
fa24
07bf
1570
2240
2d2b
3563
3a6e
3be9
39e3
3497
2ccf
230c
1859
0db9
040b
fc7d
f7b4
f625
f823
fd45
0508
0eae
18af
21f8
292d
2d5b
2dd3
2a4d
235d
19d3
0ee2
044d
fb66
f590
f38c
f594
fb79
043c
0e66
1890
2112
26b1
28a9
26d6
21a0
19f8
1142
08d9
01cc
fd0e
fb08
fb64
fd75
0046
02bc
03ac
027e
feeb
f94c
f26e
eb50
e522
e101
df61
e0c7
e4b8
ea86
f122
f719
fb5f
fd29
fc48
f8ae
f356
ed3f
e7e6
e476
e3f1
e6f1
ed25
f616
00b8
0b51
1473
1ac9
1d36
1b69
158f
0c23
0079
f408
e844
de8f
d7f4
d544
d675
db60
e355
ed32
f813
02fb
0cc8
14e7
1ad0
1e5b
1f9d
1e95
1b9a
16fc
1142
0ae0
042a
fd91
f77f
f23d
ee61
ec23
eb78
eca5
ef40
f348
f7ff
fd07
01a7
054f
0784
07de
065f
02f7
fe07
f7f8
f1b2
ebd9
e709
e3f1
e2fa
e47d
e81c
edc0
f4c5
fc6e
03d8
0a4f
0f0f
116b
115d
0edb
0a14
03d6
fcb3
f5de
eff8
ebf7
ea5c
eb32
eea0
f425
fb28
02b5
0a0a
1041
14e9
1776
17fe
16a3
13e7
108a
0d2f
0a58
0884
07d5
0812
092e
0a7b
0b61
0b92
0a93
0826
04a6
0007
fb1c
f64a
f20e
eee9
ed0e
ec73
ed0a
ee59
f01a
f1a8
f2da
f385
f389
f31a
f286
f227
f227
f2d8
f42c
f5db
f7d9
f995
faef
fb35
fa99
f8e7
f643
f2ef
ef8d
ec53
e9ae
e7ba
e67a
e5f5
e5a3
e55b
e4be
e387
e1a3
df0f
dc0e
d8e6
d5da
d367
d1bb
d0e9
d0e9
d187
d29d
d3af
d48c
d54e
d5e6
d66a
d755
d8f4
dba1
dfa0
e4e7
eb51
f295
fa31
0181
0803
0d14
107f
124d
1275
117a
0fcd
0df0
0c84
0bcb
0c27
0d6b
0f6e
11c9
1462
168a
17f1
18aa
1863
178e
162b
14ad
1351
127d
1246
12bb
13b4
14dc
15c2
1649
15cb
1408
10e1
0c3e
063d
ff62
f7ee
f05c
e97c
e3b8
df90
dd82
dd77
dfac
e3c0
e977
f043
f79a
fe9f
0506
0a33
0e00
106a
117f
11b5
11a9
11b6
1297
148c
17b8
1c23
2158
26d7
2bd3
2f83
3126
3048
2c8d
25e9
1cdb
1209
0631
fa45
ef28
e5bd
de78
d99c
d73b
d6de
d82a
da9c
dda4
e0d3
e3c5
e64f
e880
ea3e
ebba
ed3f
eea7
f02b
f196
f2eb
f41c
f529
f603
f6f2
f82a
f9e7
fc98
0056
0545
0b62
1272
19db
2126
27a0
2cd2
302f
3173
30d7
2e65
2a8c
25bf
20a1
1b5c
165d
1182
0ca1
0770
01a5
fad4
f2ce
e9cd
e02f
d693
cdbd
c699
c1cf
c020
c1c4
c69d
ce30
d7a9
e218
ec58
f570
fc6d
010b
02ee
0288
fff6
fc24
f7a3
f30b
eeb4
eae8
e7eb
e557
e344
e15e
dfbe
de13
dce1
dc0a
dc1c
dd39
df82
e2fb
e782
ec6e
f16c
f5d4
f929
fac6
fa8d
f883
f503
f044
eb2c
e67e
e2b5
e08e
e080
e29b
e6e0
ed2b
f4f5
fdbe
06e1
0ff3
1847
1f84
251d
2903
2af9
2b13
2952
260d
2181
1c5a
1701
1215
0e12
0b6a
0a81
0b64
0e00
11f2
16d4
1bf4
20a1
243a
2659
2696
24f9
2178
1cb2
16f5
10d4
0acc
0562
00b4
fcaf
f949
f62d
f2f4
ef44
eaed
e5d6
e04b
da9b
d55b
d13c
cef1
cee6
d192
d6ff
dec5
e87f
f333
fde3
0773
0f0f
140f
15f0
14f2
1149
0bbd
0567
ff60
fa70
f756
f69e
f841
fbbb
0027
04c6
086c
0a39
0985
063b
0097
f93e
f173
ea88
e589
e39b
e56c
eaef
f395
fe63
09f6
147c
1c79
20cc
209d
1bfb
136d
081d
fba4
efd6
e659
e084
def7
e204
e8dc
f288
fd56
07a3
0ffb
14e6
15ac
1248
0b12
0154
f620
eb43
e21c
dc01
d985
db0f
e067
e8c1
f2f9
fd93
076e
0f07
1399
145f
115f
0abb
014d
f5f4
ea27
df35
d62d
d03a
ce27
cffa
d5b7
debc
e9e9
f60b
01d9
0be0
1332
16ff
174d
143d
0ed3
0823
01a2
fcc2
fac3
fc40
01bd
0ad1
1686
239b
3064
3b5e
4307
465e
450e
3f17
3573
2922
1ba3
0e8d
035b
fac1
f59e
f3c3
f4b6
f79d
fb7e
ff44
0202
0327
027b
0070
fd5d
fa45
f7e4
f72d
f8a0
fcb3
032b
0b91
1546
1f75
28d3
30a5
360d
3884
37cb
341f
2da5
252b
1b7e
114f
076b
fede
f7eb
f33a
f0b7
f09a
f273
f603
fa73
ff67
03fc
07cd
0a27
0afa
09f7
0759
0354
fe75
f93b
f42b
efee
ecbe
eaf7
eaa3
eb94
eda8
f05f
f36d
f698
f94f
fbb2
fd6b
fea5
ff8c
002a
006c
009b
0073
0004
ff3d
fdce
fbf6
f965
f671
f349
f043
edac
ebb9
ead1
eb0f
ec57
ee8b
f15e
f44f
f6f7
f920
fa49
fab2
fa3d
f959
f872
f813
f8cc
fac9
fe77
03b0
0a3b
1178
1899
1f00
23a5
25bf
24c1
209f
1954
0f77
03d5
f798
ebde
e21d
db58
d859
d9c1
df76
e8e4
f548
0317
111f
1d9c
2739
2cf4
2e28
2ac2
2377
1900
0d15
0103
f682
eee5
eb0e
eb5e
efa6
f6f8
0032
0997
1199
16be
1804
14d1
0d5c
02a1
f597
e84f
dc50
d37a
cf28
cfc4
d5b0
e044
ee29
fdb6
0d3b
1acd
24ec
2abd
2c1c
2929
22f7
1ae8
12b9
0bd5
07af
06f9
0a0e
107e
1940
2306
2c69
33cf
3850
3916
361a
2fe3
27a0
1e6d
15ce
0f0c
0b2e
0aaa
0d7c
12c7
1990
2069
25f2
28d8
2872
2459
1cba
126d
06a5
fab8
f059
e86e
e432
e3b4
e709
ed83
f625
ffc3
0912
10dc
1664
1904
18a9
1584
101a
0926
0166
f96c
f209
ebbb
e6ae
e2fc
e0d3
dfce
dfd7
e08f
e1d3
e347
e496
e5ae
e627
e621
e56f
e45b
e307
e1ab
e0c6
e095
e19d
e404
e7bb
ecb2
f28a
f8be
fe67
031f
05f3
0661
0467
ffb6
f8ea
f04e
e6f4
ddab
d53f
cea5
ca63
c8bf
c9e9
cdb1
d396
db2d
e3b3
ec7e
f4fa
fcbb
0330
0833
0b81
0d34
0d3f
0bce
092d
05ac
01bf
fdb9
fa1f
f757
f58e
f4e9
f586
f70e
f948
fba6
fdb1
feaf
fe80
fc84
f8f4
f3e1
edcc
e74e
e130
dc35
d913
d86d
da4c
dec9
e58c
edea
f730
0024
07f7
0de5
115a
11cc
0f68
0aad
040a
fc90
f532
eeec
eab8
e945
eaa7
ef12
f5cd
fe69
078c
1041
1773
1c17
1dae
1bd1
16f5
0f5d
061a
fc3c
f2bf
eac6
e514
e1fd
e174
e304
e60d
e987
ec9f
ee98
eea4
ece7
e973
e502
e02d
dc40
da0a
da54
dd88
e3c4
eca7
f740
02a2
0db1
16fe
1d8e
20ce
201d
1ba9
13b4
094b
fd35
f0ac
e4e1
dadf
d360
cf0a
ce28
d0c1
d686
dedb
e909
f43f
ffaa
0a52
1397
1abb
1f65
218f
2121
1e91
1a46
14f5
0f12
0984
0462
0047
fd3a
faed
f932
f7bd
f604
f3dd
f140
ee42
eb0c
e853
e683
e641
e810
ebe0
f1e6
f964
0197
09ae
1093
152c
16ff
15c3
11a1
0b48
040f
fd13
f7f5
f5c6
f73c
fce3
0617
11db
1ec0
2ad1
3458
3988
3989
33cf
28cb
19ae
084e
f6b0
e733
dbb7
d59b
d57b
db37
e5c8
f35b
0218
0fa8
1a4d
206a
219f
1dcb
15e4
0b85
003b
f60a
ee6f
ea6f
ea84
ee33
f4b6
fc4f
0396
08c0
0aaa
0899
0264
f899
ec91
dfa2
d3bd
ca6f
c504
c43e
c831
d072
dc02
e957
f718
037b
0d50
13f6
16b8
160b
129e
0d41
073a
01d8
fe03
fc89
fdf1
01e7
0827
0fed
1806
1f85
2548
2881
2894
254d
1ec1
1568
0a3f
fe28
f211
e75a
de92
d870
d569
d53d
d7b7
dc31
e1bc
e79c
ed18
f15f
f432
f5a3
f5cb
f54a
f476
f438
f4e8
f6f8
fa3b
fec3
03d9
08ed
0d18
0fde
10a2
0f5c
0c1a
0780
025d
fd7f
fa00
f871
f984
fd08
02a2
09bb
10f3
176f
1bd6
1d3f
1b45
15d5
0d56
02ca
f769
ec4c
e30d
dc7b
d91a
d947
dc86
e214
e8e8
ef9c
f520
f897
f960
f762
f2dc
eca0
e598
ded4
d96f
d64d
d5d4
d844
dd72
e4ba
ed7d
f6bd
ff93
0725
0cf2
10ae
1231
11d2
0fc4
0c80
08d7
04f1
016b
fe61
fbfe
fa41
f933
f85b
f7b6
f71c
f682
f5d4
f51b
f46a
f42b
f433
f4c5
f617
f7e8
fa46
fd00
ffcf
027b
04d5
0672
0739
0732
0670
04fe
0311
013f
ff8c
fe67
fe22
fead
0032
0257
04d9
078b
09b3
0b24
0b89
0a73
0841
04e7
00c7
fc9e
f8bb
f60e
f4c5
f594
f857
fd00
0340
0a5f
11a7
1840
1d7f
20cc
21a0
1fe6
1c06
163d
0f52
080c
015b
fbf1
f84d
f6f7
f7b0
fa6d
fea3
03ac
08a4
0cb6
0f55
0fc9
0db3
091c
0215
f90f
eec3
e403
d9da
d150
cb40
c894
c999
cec3
d7b8
e428
f301
0320
1335
218e
2d15
3485
370c
3488
2d3b
21e3
13d6
04a2
f61d
e9ad
e0c5
dc78
dcf3
e22c
eb0a
f694
031f
0f42
1966
208c
2400
23bf
2019
19df
1235
0a14
02b9
fcf1
f8da
f6d9
f65b
f6c2
f756
f74a
f5e6
f2e7
ee1b
e7ff
e11c
da30
d41b
cfb6
cd9d
ce1a
d115
d631
dcbc
e3e2
eabe
f026
f399
f463
f294
ee4f
e82e
e0e0
d957
d2be
cde6
cbac
cc92
d09f
d7c4
e16b
eca6
f87c
03d0
0d83
1489
1858
1895
15a8
0ff1
087e
0094
f969
f434
f21b
f379
f85a
0061
0a8b
157f
1f79
271a
2ae7
2a1d
243f
19d7
0bba
fb8d
eb0b
dc35
d0c4
c9f5
c872
cc60
d502
e121
ef00
fce0
091f
1281
1834
1a3f
18ed
1541
1090
0c1b
08f6
07f9
097f
0d09
1228
17af
1c9e
1fe7
2114
1fb3
1c11
171a
118e
0cc2
09b5
090f
0b4f
1028
16c9
1e46
253b
2a5a
2ca4
2b93
26e6
1f4c
159f
0b15
0104
f8a1
f2f1
f042
f060
f2da
f6bd
faf7
fe2f
ffd1
ff0a
fbdc
f695
efeb
e903
e299
ddcd
db37
db35
ddc0
e269
e89e
ef99
f685
fcec
0244
064e
0942
0b0e
0c34
0ce2
0d8d
0e18
0ebd
0f2f
0f56
0ec3
0d58
0ab6
06f5
0217
fc32
f590
eeb8
e7ee
e1ba
dc76
d882
d5eb
d510
d5d7
d858
dc45
e164
e757
edd7
f446
fa7e
fff2
0490
0813
0a9e
0c1f
0cf3
0d3a
0d0c
0cd2
0c57
0ba8
0a95
08e4
0625
0287
fdb3
f7ea
f161
eadf
e4da
e01e
dd3c
dcc7
df11
e3e9
eb1f
f3de
fd82
0704
0f58
15db
19b5
1a98
18a4
13ea
0d07
04ba
fba6
f28c
e9f8
e2ac
dce1
d8ce
d687
d62e
d794
daac
df4d
e544
ec4f
f428
fc69
049c
0c56
1317
1885
1c08
1da8
1d46
1b1a
1789
1318
0e82
0a72
075c
05c1
05ee
0795
0a6f
0dff
1160
13d7
14c7
1397
0ffa
09f3
01e2
f879
eec4
e5b4
de6e
d9b1
d867
dace
e0ff
ea6c
f68c
0422
1248
1f95
2b35
341e
39ae
3b93
39d9
34a1
2c8b
2244
168f
0a49
fe83
f3c8
eb0b
e4dc
e1b2
e1ac
e4d9
eb12
f393
fddd
08d7
133b
1c0d
2231
24d6
236a
1dca
14b9
08cd
fb51
ede8
e22f
d97f
d4c2
d4bf
d948
e1c1
ed11
f983
0599
0fa6
16ba
1a00
198e
15ec
104d
0a33
050d
0244
02c1
06b5
0df9
1770
21bb
2b2c
31f7
350d
336d
2d25
22cc
15b1
078d
fa73
efda
e96e
e7e0
eb27
f292
fce5
083a
12db
1ae2
1f14
1ecd
1a0c
117a
0681
fa80
ef65
e6ae
e172
e06d
e3c5
eb04
f4fe
00d9
0cf9
182f
219a
288e
2c96
2dcc
2c4c
28c4
2366
1ccd
155b
0d57
0528
fd1a
f563
ee96
e90d
e578
e469
e643
eb47
f357
fe37
0b0d
18d0
264d
3238
3b62
40d8
4205
3ef9
37fd
2e1f
2280
169c
0be1
0387
fe4e
fcf4
ff35
04bc
0c6a
157d
1e73
268d
2cbb
3082
31cf
30b9
2dcd
29cd
2540
20e7
1d25
1a5d
1856
172f
162d
153b
13a1
1188
0e85
0ad7
06cc
02ea
ffc3
fded
fda4
ff3a
0298
07aa
0db2
1429
1a2e
1f34
2270
238b
221d
1e66
187f
10f5
0880
ffc6
f78e
f05e
eaae
e6fe
e52a
e53c
e6f3
e9e3
edb5
f1da
f603
f9ca
fcff
ff61
0103
01f3
0246
022b
01b8
00f2
001b
feff
fdb3
fc45
fa83
f8bb
f6ac
f4c2
f302
f19a
f0e6
f0f0
f1b7
f378
f611
f922
fc59
ff6b
01e3
036d
0386
0265
ffa6
fbd3
f6f8
f1be
ec84
e807
e4b4
e2f4
e2eb
e4ab
e80d
ecc1
f212
f7c7
fce5
0126
03e6
051a
045d
01fa
fe50
f988
f447
ef12
ea5d
e6b1
e437
e340
e369
e4ac
e6b4
e92e
eb6c
ed41
ee5c
ee8d
edde
ec5d
ea87
e8a2
e6e9
e601
e612
e770
e9fa
edac
f248
f774
fcac
0196
05d4
091b
0b1b
0bea
0bc4
0ab1
0902
0731
05ac
0476
0405
0449
052e
0696
0858
0a0b
0b68
0c41
0c91
0c5d
0bad
0ab3
0a01
09a7
0a00
0b3a
0d62
1059
13f3
177b
1aa8
1d08
1dd8
1d0b
1a41
158a
0f44
07b2
ff5a
f6e4
eed8
e7b4
e201
ddf7
db93
db17
dc0f
de6e
e201
e631
eae6
efce
f47b
f896
fc27
feee
00b6
01a5
0195
00f3
ffd7
feac
fdcf
fd68
fdbc
fee6
00ae
0302
0573
078f
091d
0994
08fd
0760
04e3
023f
ffd6
fe5a
fe57
fff3
035e
085b
0e31
143f
195c
1c9a
1d39
1a98
149f
0b80
ffd5
f292
e507
d842
cdae
c633
c2a1
c32e
c7e5
d056
dbae
e918
f75e
0577
1227
1c83
240c
2804
286f
2551
1f0a
164b
0bd7
009a
f55e
eb5c
e305
dd09
d9c6
d921
daee
deb6
e3c5
e968
eed9
f354
f68a
f82f
f81f
f680
f395
eff8
ec1c
e8a1
e5f1
e48e
e4c4
e6a9
ea48
efa6
f61d
fd7c
04f2
0bb6
1116
1476
14ea
1253
0c63
0392
f858
ebb7
defc
d375
ca74
c4c1
c339
c5ed
cc3d
d558
dfe8
ea56
f332
f940
fbc1
fa97
f64e
eff1
e921
e349
e023
e084
e51b
ed95
f919
0600
1259
1c2e
2195
217f
1b36
0f29
fe75
eb28
d777
c5de
b89d
b173
b156
b82e
c54a
d6f9
eada
fe94
0fe5
1c85
2369
2402
1ea5
1473
0791
f9e6
edf9
e5a0
e247
e4c9
ecd8
f988
0926
1981
282e
330f
3852
36fa
2ee8
20d0
0e49
f96d
e4cf
d2a6
c550
be1f
bdb2
c3dc
cf55
de9a
ef77
ffd8
0da2
1787
1cc3
1d7b
1a3f
1440
0d20
063c
00d6
fdc1
fd62
ff48
02db
06e9
0ab8
0d08
0d6e
0b94
07fb
0308
fdd9
f91b
f5f3
f4c5
f5f9
f94e
fe3d
0465
0a9f
107d
153f
18a2
1a96
1b58
1b14
1a65
1991
18c9
1828
17a6
16f5
15e9
145f
1261
0ffe
0d80
0b88
0a61
0aa8
0c9f
103d
1575
1b91
21df
27d3
2c52
2ee0
2f2c
2d1e
291e
23d2
1df2
1896
146f
1243
1230
142b
17dc
1c7f
2120
24ee
26df
266d
2348
1d38
14d4
0a8c
ff52
f41a
e9da
e12f
daed
d737
d641
d7bb
db47
e04a
e611
ec1b
f1d5
f6e3
faf9
fe2a
00a0
0250
03bd
04fc
0644
0788
08e4
09eb
0a50
09bc
07d8
0499
ffc8
f9bc
f2c5
eb84
e4cb
df30
db80
da36
db63
df12
e4b5
eb8c
f2cf
f97b
feac
01bf
0259
0077
fca1
f75d
f1aa
ec71
e88d
e677
e6ab
e915
ed10
f23a
f772
fc17
ff27
0037
fedc
fb77
f622
efc7
e944
e366
df15
dd2f
dde0
e19b
e81e
f110
fbec
07da
1403
1fa3
29fc
3294
38d3
3c6d
3d6f
3bd8
37f5
3225
2aee
22d0
1a47
11c5
099e
022c
fb5f
f54b
efca
ea6f
e55a
e02b
dae1
d5bf
d101
ccea
c9fc
c8ca
c97a
cc65
d162
d81f
e023
e886
f084
f750
fc42
fec6
fedd
fce1
f94a
f516
f110
ee62
ede7
efe0
f4a1
fbe1
04cf
0e4a
1761
1eaf
2333
2442
218b
1b61
125e
07a2
fc6b
f1f6
e9a7
e439
e243
e3cd
e864
ef48
f75a
ff59
066d
0b9e
0e7f
0f0e
0dbe
0b0a
07e1
0532
0397
0396
055d
08a6
0cb6
10e0
1415
157c
1475
10a9
0a55
01e0
f88a
ef37
e773
e205
e015
e1cf
e74f
efc6
fa32
0567
0fb5
17d4
1cb5
1d81
1a21
12c6
0872
fc24
ef3f
e322
d8fb
d1c0
cdd8
cd5a
d00f
d536
dbec
e35c
ea90
f0c3
f5b0
f919
fb07
fbf6
fc0a
fc02
fc0a
fc87
fd83
feda
0084
0207
0331
03df
03ba
0307
01d8
0081
ff6e
fee7
ff35
0062
027a
0502
07a1
09af
0acb
0a69
0846
044d
fed7
f845
f15f
ead0
e553
e195
dff4
e08e
e308
e6fe
ebde
f091
f4a3
f734
f7e8
f6b0
f3c3
ef5f
ea73
e5b8
e1ef
dfbb
dfb1
e213
e6a5
ed0d
f4e0
fd25
0539
0c1b
1163
1484
1562
13fa
10cd
0c59
076f
02f2
ff9c
fe09
fed5
0230
07e8
0fe4
194c
2362
2d25
35bd
3c51
406c
41b2
4035
3c4a
3682
2fad
28a1
21ee
1c1e
1774
13c3
10bf
0ddb
0a58
05e7
0027
f92e
f166
e9a8
e31e
dee0
de19
e16b
e947
f51d
0419
147f
2457
317e
3a02
3c3b
37b0
2c1a
1ab2
051c
edd3
d79b
c4ea
b7ef
b207
b3b1
bc55
ca7f
dbfe
ee58
fefa
0ba1
1320
1493
105a
07ba
fc1f
efc2
e45a
dbdc
d728
d6a5
da15
e07c
e895
f0f7
f84c
fdbf
00ef
01d2
00ed
ff2b
fd90
fcef
fde8
008a
0488
0972
0e53
1213
13ea
132a
0fc8
09fc
024d
f9e5
f191
ea78
e565
e2a2
e278
e454
e7e8
ec29
f0af
f4c2
f81f
fa88
fc79
fe23
0048
032e
0731
0c75
12b9
197c
2021
25f5
2a6e
2cf7
2d65
2bc8
2877
2439
1fb0
1b9a
18c8
1772
17f6
1a1e
1db1
21fb
263f
2a0a
2c73
2d0d
2b85
27e5
2241
1b08
12ba
09df
0173
f9de
f3ea
f00d
ee81
ef99
f2e4
f84d
ff30
069e
0dc1
1397
1761
1845
1607
106c
0817
fd89
f1e2
e6a4
dcfa
d642
d33d
d49f
da4a
e3c0
efe8
fd6f
0a82
15a7
1d5f
20d9
1fa1
19c9
1022
03cf
f66c
e9c1
df44
d841
d5a9
d7bf
de49
e889
f586
03ec
1227
1f3b
2a0f
31d2
3658
379a
3604
3214
2c78
25f9
1f49
18f7
134d
0e8e
0ac5
080a
064b
053c
04a0
0457
0431
03fc
03c1
0338
0255
014c
fff0
fe98
fd31
fbed
fb25
fac3
fb08
fbd8
fd1f
fece
008b
023d
0367
03d6
034b
01c8
ff0e
fb55
f6a4
f14a
eb65
e56d
dfa3
da45
d58b
d1f4
cf7c
ce87
cf59
d1e1
d650
dc97
e481
ed95
f74c
00f5
09c6
10de
15a0
177f
1650
121a
0b6e
031e
fa61
f276
eca5
e9d8
eaa6
ef48
f75f
0209
0dd1
191c
2257
27e4
28fe
24f4
1c34
0f79
008b
f10a
e329
d89a
d2d2
d298
d7ea
e1da
ef2b
fda3
0b50
1634
1c8e
1d70
18c5
0f06
017b
f1e2
e265
d49c
ca3f
c45e
c33d
c684
cd4f
d648
e006
e931
f091
f595
f80d
f845
f703
f50a
f312
f210
f22a
f35e
f588
f7f8
fa2d
fb74
fb6b
f9f2
f776
f44e
f13c
ef13
ee74
efad
f2f1
f7e0
fdc3
0402
096e
0d61
0f5f
0f3e
0d40
09ed
065b
034c
01df
0284
05ac
0b31
126d
1aa6
22d3
29ea
2ee3
314b
30bf
2d60
27a9
205e
1815
0fc2
07ee
011a
fbb8
f78d
f4ed
f394
f396
f4c6
f779
fba4
0155
083d
1061
18e3
2121
27f9
2cb0
2e30
2bf6
25db
1c21
0fbc
0200
f45d
e8bf
e073
dcbf
de1e
e494
ef19
fc89
0b2c
18ce
23e1
2aec
2cf6
29fb
2265
174a
0a28
fca1
f08d
e72b
e168
dfd0
e1f2
e76f
ef4b
f81f
00f4
08a9
0e65
1204
1367
12b9
10c0
0e20
0b6b
0965
0875
08d0
0a3a
0c82
0f01
110b
120b
115d
0eab
09d1
02ce
fa4a
f0fc
e7c5
df86
d949
d5b9
d55b
d839
dde9
e5cc
eeee
f83d
0090
06fb
0acb
0bc1
09ed
05fa
0098
fa8c
f4de
f01a
ece5
eb44
eb26
ec1f
ed8f
ef10
f038
f0f0
f11b
f126
f17b
f29e
f510
f8e1
fdff
0402
0a07
0f2b
1295
137d
1135
0bc9
036e
f8f8
ed92
e267
d8bf
d190
cda5
cd46
d054
d643
de50
e780
f0fb
fa19
023d
0946
0f23
13f2
17f0
1b1c
1dbd
1f79
2018
1f79
1d18
18e3
12ee
0b72
0309
fa66
f277
ec03
e7ce
e621
e722
ea74
ef96
f5a4
fb9f
00f4
04b4
06de
074c
0628
0424
01e0
ffd4
fe64
fdc5
fe01
fe73
fedf
fe81
fcc6
f97e
f4b2
ee75
e7a5
e0f3
db43
d793
d657
d7e2
dc1e
e298
ea87
f2db
faaa
00de
051f
0705
06be
04fb
025d
ffbe
fe17
fddf
ff4a
0267
0677
0aea
0e95
1097
1054
0d3d
0768
ff86
f662
ed6d
e5e6
e0fd
dfe0
e32a
eacd
f660
04f6
150e
2528
33e0
3fb2
47a5
4b16
4a0a
44e0
3c44
314e
250c
18d1
0d99
0423
fd05
f8bb
f707
f7e7
fb14
ffec
062d
0d22
1436
1af8
20b9
24f5
2743
274c
24ba
1f97
183d
0ed7
0407
f8c1
ede9
e44b
dce4
d836
d6c0
d89d
dda1
e541
eebc
f912
036e
0d05
14dc
1a8d
1ddb
1eb1
1d1e
19ba
14ca
0ed3
0826
016a
fac1
f49c
ef0a
ea52
e698
e415
e302
e36f
e588
e935
ee62
f48c
fb58
0257
088c
0dbd
1120
1285
11d7
0f32
0b11
05fe
00cb
fbe4
f7e7
f549
f416
f43a
f56a
f756
f941
fb29
fca8
fdc1
fe89
ff55
0071
0225
0486
0746
09f6
0beb
0c64
0a94
05e9
fdfc
f314
e5c4
d717
c8b0
bc08
b2bf
ae04
ae99
b4ae
bfba
ceab
dfdd
f1c6
027b
10d8
1bd2
231a
26d4
27ab
2694
2491
227d
20fb
2046
2003
1fcb
1f0d
1d23
199f
14b9
0e9e
084a
0290
fe96
fd25
febd
032d
09ce
114a
185a
1d2f
1e5e
1b09
12df
0664
f6b7
