-1
0
3
9
18
31
47
65
85
103
117
124
122
111
92
68
42
20
7
7
21
49
87
129
166
191
197
179
139
82
16
-45
-88
-102
-82
-26
58
156
250
319
347
323
247
127
-16
-156
-263
-312
-286
-182
-13
194
400
562
642
613
469
227
-76
-384
-632
-762
-732
-527
-167
296
777
1178
1401
1368
1043
440
-366
-1244
-2018
-2487
-2456
-1756
-282
1999
5031
8673
12712
16904
20943
24584
27616
29897
31371
32070
32101
31631
30856
29977
29170
28565
28238
28203
28423
28820
29297
29754
30110
30308
30331
30193
29935
29617
29303
29047
28889
28844
28906
29048
29233
29416
29560
29636
29631
29549
29406
29228
29043
28878
28753
28677
28650
28660
28690
28720
28732
28712
28651
28551
28416
28259
28091
27925
27772
27634
27514
27406
27304
27199
27084
26951
26797
26621
26424
26210
25984
25751
25514
25277
25039
24801
24560
24314
24059
23793
23515
23222
22916
22595
22260
21913
21552
21181
20798
20404
19998
19580
19150
18709
18255
17789
17311
16820
16318
15803
15276
14736
14185
13621
13045
12457
11858
11246
10623
9989
9343
8686
8019
7340
6652
5953
5245
4527
3800
3065
2321
1569
810
44
-728
-1506
-2289
-3077
-3869
-4665
-5463
-6263
-7064
-7867
-8668
-9469
-10268
-11065
-11858
-12646
-13429
-14206
-14975
-15737
-16489
-17230
-17961
-18678
-19383
-20073
-20747
-21404
-22044
-22664
-23265
-23844
-24401
-24934
-25442
-25925
-26380
-26808
-27206
-27574
-27911
-28215
-28486
-28723
-28924
-29089
-29217
-29307
-29358
-29369
-29340
-29269
-29157
-29003
-28806
-28566
-28282
-27955
-27583
-27168
-26708
-26203
-25655
-25063
-24426
-23747
-23025
-22260
-21454
-20607
-19720
-18793
-17829
-16829
-15793
-14722
-13620
-12486
-11324
-10134
-8918
-7680
-6420
-5141
-3846
-2536
-1215
115
1451
2791
4132
5470
6803
8127
9440
10739
12019
13279
14514
15722
16899
18042
19148
20214
21236
22212
23137
24010
24828
25587
26284
26918
27485
27984
28411
28766
29045
29248
29372
29417
29381
29264
29064
28781
28416
27967
27435
26822
26127
25352
24498
23566
22559
21480
20329
19111
17828
16483
15081
13625
12119
10568
8976
7348
5689
4004
2299
580
-1148
-2878
-4605
-6323
-8025
-9704
-11356
-12972
-14548
-16075
-17550
-18964
-20313
-21590
-22790
-23908
-24937
-25873
-26711
-27448
-28078
-28599
-29007
-29299
-29472
-29526
-29457
-29266
-28952
-28515
-27956
-27275
-26475
-25557
-24525
-23382
-22132
-20780
-19329
-17787
-16160
-14453
-12674
-10831
-8931
-6983
-4996
-2979
-941
1108
3158
5200
7223
9217
11171
13076
14922
16699
18396
20005
21516
22921
24211
25378
26416
27317
28076
28686
29144
29446
29588
29568
29385
29038
28529
27858
27028
26042
24905
23621
22197
20640
18958
17160
15255
13255
11169
9011
6791
4525
2224
-97
-2423
-4741
-7036
-9293
-11497
-13635
-15691
-17652
-19505
-21236
-22833
-24285
-25580
-26710
-27664
-28436
-29018
-29405
-29593
-29580
-29362
-28941
-28318
-27496
-26478
-25271
-23882
-22318
-20591
-18711
-16691
-14544
-12286
-9932
-7498
-5003
-2464
99
2668
5223
7744
10212
12607
14911
17104
19169
21089
22847
24428
25818
27005
27977
28726
29244
29524
29563
29358
28910
28221
27295
26137
24757
23163
21369
19388
17236
14931
12490
9936
7289
4572
1809
-976
-3759
-6514
-9216
-11841
-14364
-16761
-19010
-21088
-22976
-24655
-26107
-27317
-28272
-28962
-29378
-29515
-29369
-28940
-28230
-27245
-25991
-24480
-22725
-20742
-18549
-16166
-13616
-10925
-8117
-5221
-2267
717
3699
6649
9536
12330
15000
17518
19856
21988
23891
25542
26922
28015
28808
29288
29450
29290
28807
28005
26891
25475
23772
21798
19575
17126
14477
11658
8700
5636
2501
-668
-3836
-6965
-10019
-12960
-15753
-18364
-20760
-22913
-24794
-26379
-27646
-28580
-29166
-29396
-29263
-28769
-27916
-26713
-25174
-23316
-21161
-18733
-16063
-13182
-10128
-6938
-3652
-313
3037
6352
9591
12710
15666
18420
20934
23172
25104
26702
27942
28805
29277
29350
29021
28292
27170
25669
23808
21611
19107
16330
13316
10109
6751
3291
-222
-3739
-7208
-10579
-13802
-16829
-19615
-22118
-24298
-26123
-27562
-28593
-29198
-29364
-29089
-28372
-27223
-25657
-23696
-21367
-18706
-15750
-12544
-9137
-5582
-1932
1754
5419
9005
12454
15711
18722
21438
23812
25806
27385
28520
29191
29385
29096
28325
27084
25391
23271
20757
17891
14718
11291
7666
3904
69
-3775
-7560
-11221
-14695
-17919
-20837
-23396
-25549
-27257
-28486
-29212
-29421
-29106
-28270
-26924
-25092
-22803
-20098
-17022
-13630
-9983
-6146
-2189
1814
5791
9668
13370
16829
19978
22756
25109
26990
28361
29194
29469
29179
28327
26927
25002
22588
19730
16481
12903
9065
5042
912
-3243
-7340
-11298
-15036
-18477
-21552
-24195
-26352
-27977
-29032
-29495
-29353
-28605
-27266
-25358
-22921
-20001
-16658
-12960
-8983
-4811
-529
3770
7996
12058
15869
19344
22408
24993
27040
28502
29345
29547
29102
28016
26310
24019
21191
17887
14179
10148
5882
1478
-2967
-7351
-11576
-15542
-19160
-22345
-25021
-27124
-28604
-29423
-29560
-29008
-27777
-25893
-23398
-20347
-16812
-12872
-8621
-4158
411
4977
9430
13662
17570
21057
24038
26436
28193
29260
29610
29231
28128
26327
23870
20814
17233
13216
8861
4277
-421
-5115
-9686
-14016
-17994
-21517
-24492
-26840
-28499
-29422
-29583
-28974
-27608
-25518
-22756
-19391
-15511
-11216
-6617
-1837
2999
7760
12320
16554
20348
23597
26211
28117
29259
29605
29140
27875
25842
23094
19703
15762
11378
6672
1773
-3181
-8052
-12702
-16999
-20820
-24054
-26608
-28406
-29394
-29540
-28837
-27303
-24977
-21926
-18234
-14007
-9366
-4446
610
5654
10537
15115
19249
22816
25708
27836
29133
29557
29092
27749
25566
22606
18955
14724
10037
5039
-120
-5281
-10284
-14975
-19207
-22847
-25779
-27910
-29169
-29514
-28932
-27437
-25073
-21912
-18051
-13612
-8734
-3571
1712
6945
11960
16594
20696
24130
26782
28564
29414
29300
28224
26217
23343
19693
15387
10564
5384
19
-5352
-10550
-15397
-19731
-23401
-26283
-28275
-29306
-29339
-28367
-26422
-23567
-19897
-15537
-10634
-5357
111
5582
10863
15769
20126
23780
26599
28481
29356
29190
27984
25779
22651
18707
14087
8955
3495
-2097
-7619
-12870
-17657
-21806
-25160
-27596
-29020
-29376
-28649
-26860
-24074
-20390
-15943
-10895
-5435
235
5901
11352
16379
20792
24421
27125
28799
29375
28827
27173
24473
20827
16373
11281
5745
-19
-5789
-11338
-16451
-20923
-24578
-27269
-28886
-29362
-28675
-26847
-23949
-20091
-15426
-10137
-4436
1450
7284
12830
17862
22174
25588
27962
29196
29236
28075
25758
22377
18067
13005
7397
1476
-4513
-10321
-15703
-20432
-24308
-27164
-28877
-29370
-28619
-26652
-23548
-19436
-14488
-8915
-2952
3144
9111
14691
19642
23746
26823
28734
29394
28768
26880
23810
19688
14693
9043
2986
-3210
-9270
-14924
-19918
-24027
-27062
-28885
-29409
-28607
-26511
-23211
-18853
-13633
-7786
-1576
4712
10792
16383
21226
25094
27807
29235
29307
28015
25417
21628
16823
11224
5091
-1289
-7615
-13588
-18925
-23369
-26707
-28776
-29474
-28762
-26671
-23297
-18797
-13387
-7323
-898
5577
11789
17434
22234
25952
28404
29464
29076
27256
24087
19724
14379
8313
1827
-4757
-11110
-16915
-21878
-25747
-28324
-29476
-29139
-27327
-24127
-19697
-14260
-8089
-1497
5177
11594
17421
22357
26144
28584
29546
28975
26897
23415
18708
13017
6639
-95
-6831
-13213
-18905
-23603
-27055
-29074
-29549
-28450
-25831
-21827
-16650
-10574
-3923
2947
9664
15865
21212
25413
28236
29524
29201
27280
23863
19133
13345
6817
-93
-7005
-13536
-19321
-24038
-27420
-29275
-29495
-28063
-25056
-20637
-15051
-8611
-1679
5355
12091
18146
23174
26885
29063
29579
28399
25587
21300
15782
9346
2365
-4760
-11615
-17800
-22953
-26770
-29025
-29581
-28402
-25552
-21194
-15582
-9044
-1965
5236
12132
18311
23404
27103
29182
29514
28073
24942
20306
14440
7696
480
-6771
-13615
-19636
-24464
-27800
-29436
-29269
-27303
-23655
-18546
-12288
-5265
2090
9320
15977
21643
25963
28663
29570
28623
25876
21499
15764
9028
1716
-5709
-12778
-19039
-24092
-27611
-29368
-29245
-27247
-23497
-18231
-11787
-4577
2934
10260
16926
22495
26604
28980
29463
28019
24736
19826
13609
6490
-1062
-8549
-15474
-21378
-25865
-28634
-29495
-28386
-25378
-20667
-14565
-7480
113
7704
14780
20860
25530
28469
29473
28470
25523
20829
14706
7569
-92
-7752
-14882
-20990
-25651
-28537
-29446
-28308
-25199
-20331
-14039
-6761
996
8688
15774
21755
26205
28806
29371
27855
24359
19130
12534
5039
-2821
-10484
-17401
-23073
-27089
-29157
-29123
-26983
-22889
-17132
-10127
-2381
5545
13071
19647
24789
28118
29383
28488
25493
20615
14210
6748
-1220
-9103
-16314
-22315
-26655
-29006
-29187
-27179
-23129
-17336
-10233
-2352
5712
13350
19981
25100
28313
29372
28191
24855
19614
12865
5123
-3018
-10933
-18011
-23702
-27564
-29292
-28748
-25969
-21165
-14707
-7095
1078
9173
16554
22640
26948
29135
29024
26617
22100
15826
8290
88
-8128
-15701
-22025
-26591
-29028
-29136
-26900
-22496
-16273
-8730
-475
7826
15499
21917
26556
29034
29142
26867
22389
16071
8426
82
-8276
-15957
-22326
-26852
-29156
-29040
-26509
-21767
-15207
-7370
1090
9466
17055
23216
27429
29333
28763
25760
20574
13638
5539
-3039
-11365
-18729
-24499
-28178
-29446
-28187
-24506
-18712
-11301
-2907
5744
13906
20870
26027
28925
29308
27134
22589
16064
8126
-531
-9149
-16969
-23301
-27583
-29431
-28676
-25379
-19827
-12509
-4070
4738
13130
20357
25766
28871
29386
27260
22677
16046
7960
-852
-9595
-17474
-23774
-27916
-29520
-28432
-24747
-18795
-11117
-2413
6520
14861
21839
26809
29306
29094
26186
20847
13567
5019
-4004
-12660
-20140
-25742
-28937
-29419
-27138
-22302
-15360
-6965
2096
10965
18802
24861
28563
29550
27723
23249
16551
8264
-820
-9833
-17908
-24266
-28291
-29590
-28031
-23760
-17184
-8937
184
9294
17506
24015
28184
29599
28116
23875
17287
8993
-191
-9363
-17617
-24134
-28266
-29599
-27993
-23604
-16862
-8435
840
10037
18235
24611
28521
29567
27638
22924
15893
7251
-2129
-11299
-19329
-25400
-28891
-29441
-26989
-21779
-14339
-5425
4049
13114
20836
26417
29278
29118
25949
20091
12149
2941
-6578
-15417
-22655
-27534
-29539
-28455
-24390
-17764
-9270
204
9662
18106
24642
28578
29490
27277
22167
14700
5664
-3980
-13204
-21023
-26596
-29324
-28908
-25387
-19134
-10818
-1332
8303
17045
23947
28257
29502
27543
22586
15165
6087
-3660
-13012
-20944
-26582
-29305
-28808
-25139
-18698
-10190
-551
9153
17847
24566
28559
29378
26926
21470
13614
4233
-5627
-14861
-22431
-27485
-29448
-28095
-23572
-16385
-7341
2539
12135
20359
26272
29198
28798
25112
18555
9872
54
-9775
-18487
-25077
-28783
-29174
-26197
-20191
-11846
-2124
7849
16916
24020
28331
29340
26925
21361
13295
3666
-6399
-15716
-23191
-27937
-29392
-27377
-22125
-14250
-4683
5446
14934
22650
27672
29397
27612
22525
14738
5180
-5005
-14595
-22434
-27575
-29394
-27663
-22587
-14773
-5163
5079
14710
22558
27662
29395
27539
22315
14355
4631
-5668
-15278
-23013
-27919
-29384
-27222
-21691
-13472
-3577
6768
16279
23772
28308
29317
26666
20679
12099
1996
-8364
-17681
-24780
-28763
-29121
-25803
-19221
-10201
118
10430
19425
25955
29185
28697
24545
17252
7747
-2759
-12918
-21426
-27186
-29449
-27919
-22784
-14701
-4710
5899
15751
23566
28323
29398
26643
20409
11505
1089
-9478
-18811
-25682
-29184
-28849
-24713
-17315
-7625
3081
13388
21929
27568
29549
27602
21978
13420
3064
-7710
-17461
-24881
-28970
-29174
-25456
-18309
-8690
2110
12632
21455
27381
29600
27804
22230
13628
3163
-7741
-17597
-25055
-29092
-29147
-25205
-17800
-7942
3016
13566
22253
27874
29645
27313
21196
12133
1379
-9575
-19203
-26161
-29473
-28671
-23857
-15700
-5337
5782
16096
24152
28812
29412
25861
18654
8803
-2301
-13084
-22016
-27825
-29677
-27303
-21034
-11758
-798
10283
19895
26659
29598
28284
22899
14212
3473
-7773
-17899
-25439
-29295
-28904
-24316
-16191
-5708
5611
16114
24267
28874
29257
25353
17731
7503
-3830
-14601
-23222
-28419
-29420
-26073
-18867
-8866
2451
13404
22364
27997
29459
26528
19637
9811
-1481
-12550
-21735
-27656
-29420
-26758
-20066
-10351
924
12056
21360
27427
29334
26789
20175
10496
-777
-11926
-21249
-27323
-29215
-26634
-19973
-10253
1035
12156
21399
27339
29057
26288
19459
9625
-1692
-12736
-21793
-27455
-28842
-25736
-18621
-8609
2737
13643
22400
27637
28532
24946
17443
7205
-4155
-14844
-23175
-27831
-28078
-23879
-15900
-5411
5921
16294
24055
27970
27417
22486
13970
3234
-8001
-17931
-24964
-27971
-26474
-20717
-11632
-690
10340
19675
25804
27739
25171
18522
8878
-2186
-12868
-21426
-26465
-27169
-23428
-15862
-5718
5338
15486
23061
26821
26152
21174
12717
2184
-8678
-18071
-24440
-26735
-24584
-18354
-9091
1655
12089
20471
25404
26072
22374
14940
5028
-5692
-15415
-22509
-25786
-24704
-19458
-10946
-618
9773
18467
23993
25424
22530
15816
6438
-3996
-13702
-21026
-24723
-24174
-19487
-11482
-1543
8613
17240
22858
24512
21930
15576
6563
-3540
-12978
-20118
-23732
-23206
-18650
-10874
-1246
8546
16793
22061
23443
20715
14374
5550
-4196
-13148
-19735
-22809
-21846
-17037
-9250
124
9416
16983
21493
22161
18891
12285
3537
-5782
-14009
-19681
-21800
-20008
-14649
-6705
2386
10984
17548
20911
20486
16375
9343
677
-8047
-15250
-19639
-20437
-17523
-11453
-3349
5299
12914
18116
19973
18170
13062
5608
-2810
-10643
-16459
-19204
-18398
-14216
-7454
622
8513
14763
18230
18295
14973
8908
1247
-6575
-13103
-17134
-17937
-15392
-10001
-2795
4863
11538
15988
17399
15534
10773
4036
-3392
-10106
-14847
-16741
-15456
-11265
-4988
2166
8833
13755
16014
15207
11519
5679
-1178
-7734
-12741
-15260
-14833
-11574
-6136
416
6811
11825
14507
14368
11465
6387
138
-6062
-11015
-13778
-13841
-11221
-6458
-501
5478
10317
13087
13272
10869
6375
695
-5046
-9725
-12439
-12678
-10428
-6160
-740
4752
9234
11835
12067
9914
5833
655
-4579
-8832
-11273
-11444
-9339
-5409
-460
4509
8505
10747
10810
8712
4904
172
-4523
-8239
-10246
-10164
-8040
-4332
191
4603
8018
9760
9503
7328
3705
-610
-4731
-7824
-9278
-8822
-6579
-3034
1070
4887
7641
8788
8119
5799
2332
-1553
-5051
-7452
-8279
-7389
-4993
-1612
2041
5207
7241
7741
6630
4167
887
-2517
-5335
-6992
-7165
-5843
-3330
-170
2965
5420
6696
6547
5031
2491
-521
-3365
-5445
-6340
-5884
-4198
-1663
1172
3701
5398
5918
5177
3355
860
-1765
-3960
-5268
-5429
-4432
-2513
-100
2282
4126
5048
4872
3658
1688
-600
-2709
-4189
-4737
-4254
-2868
-897
1223
3031
4143
4335
3586
2080
158
-1752
-3238
-3986
-3852
-2884
-1313
506
2171
3322
3721
3298
2166
588
-1079
-2468
-3283
-3357
-2693
-1455
71
1542
2637
3123
2908
2058
776
-644
-1884
-2675
-2854
-2395
-1419
-153
1112
2096
2588
2491
1842
801
-390
-1461
-2176
-2386
-2056
-1276
-233
834
1683
2131
2087
1577
726
-263
-1164
-1777
-1971
-1716
-1081
-220
664
1372
1749
1718
1299
598
-217
-959
-1460
-1613
-1396
-867
-157
566
1138
1432
1390
1032
449
-218
-814
-1205
-1307
-1106
-657
-72
510
956
1168
1104
788
300
-241
-708
-996
-1045
-850
-465
14
475
809
945
857
572
165
-267
-622
-820
-820
-629
-298
91
445
683
753
644
389
51
-286
-545
-666
-627
-442
-160
150
413
569
586
464
237
-38
-293
-470
-530
-462
-287
-50
189
375
465
441
314
116
-102
-287
-397
-409
-322
-162
30
208
330
368
316
191
25
-141
-266
-323
-300
-206
-66
85
209
278
278
210
95
-39
-158
-235
-251
-206
-113
4
115
194
223
196
123
23
-79
-157
-194
-182
-126
-42
49
125
166
166
124
54
-26
-97
-141
-148
-118
-61
9
74
118
130
111
64
4
-54
-97
-113
-101
-64
-13
39
79
98
91
62
19
-27
-64
-83
-80
-58
-22
17
50
69
70
53
24
-10
-39
-57
-60
-47
-23
5
30
47
51
41
22
-1
-23
-38
-42
-36
-21
-2
17
30
34
30
19
3
-11
-22
-27
-25
-16
-5
7
16
21
19
14
5
-4
-11
-15
-15
-12
-6
1
6
10
11
9
6
2
-3
-6
-8
-8
-7
-4
-1
2
5
7
7
6
4
1
-3
-6
-8
-8
-7
-3
1
5
8
10
9
5
1
-5
-9
-11
-10
-7
-1
5
10
12
12
8
2
-5
-11
-13
-13
-8
-2
6
12
14
13
8
1
-7
-13
-15
-14
-8
0
8
14
16
14
8
-1
-9
-14
-16
-13
-7
2
10
15
16
13
6
-3
-11
-16
-16
-12
-4
5
12
16
16
11
2
-6
-13
-16
-15
-9
0
8
14
16
13
7
-2
-10
-16
-16
-12
-5
4
12
16
16
11
2
-6
-13
-16
-14
-8
0
9
14
16
13
6
-3
-11
-15
-15
-11
-3
6
13
16
14
8
0
-8
-14
-15
-12
-5
3
11
15
14
9
2
-7
-13
-15
-12
-6
2
10
14
14
10
3
-6
-12
-15
-13
-7
1
9
14
14
10
3
-5
-11
-14
-12
-7
1
9
13
14
10
2
-5
-12
-14
-12
-6
2
9
13
13
8
1
-6
-12
-13
-11
-4
3
10
13
12
7
0
-8
-12
-13
-9
-3
5
11
13
11
5
-3
-9
-13
-12
-7
0
7
12
13
10
3
-5
-11
-13
-11
-5
3
10
14
13
8
0
-8
-13
-13
-9
-2
6
12
14
11
5
-4
-10
-14
-12
-7
1
9
14
14
9
1
-7
-13
-14
-11
-4
5
12
15
12
6
-3
-11
-15
-14
-8
0
9
14
15
10
2
-7
-14
-15
-12
-4
5
12
16
14
7
-2
-11
-15
-15
-9
0
9
15
15
10
2
-7
-14
-16
-12
-4
5
13
16
14
6
-3
-11
-16
-15
-9
1
10
15
15
10
1
-8
-14
-16
-12
-3
6
13
16
13
5
-4
-12
-16
-14
-7
2
11
15
14
8
-1
-9
-15
-15
-10
-1
8
14
15
11
3
-6
-13
-15
-12
-4
5
12
16
13
6
-3
-11
-15
-13
-7
2
10
15
14
8
-1
-9
-14
-14
-9
0
8
14
14
10
2
-7
-13
-15
-11
-3
6
13
14
11
4
-5
-12
-14
-11
-4
5
12
14
12
5
-4
-11
-14
-12
-6
3
11
14
12
6
-3
-10
-14
-12
-6
2
10
14
13
7
-2
-10
-14
-13
-7
2
10
14
13
7
-2
-10
-14
-13
-7
2
10
14
13
7
-2
-10
-14
-12
-6
2
10
14
12
6
-3
-10
-14
-12
-6
3
11
14
12
5
-4
-11
-14
-12
-5
4
11
14
11
3
-5
-12
-14
-11
-3
6
13
14
10
2
-7
-13
-14
-9
-1
8
14
14
9
0
-9
-14
-14
-8
2
10
15
13
6
-3
-11
-15
-13
-5
5
12
15
12
4
-6
-13
-15
-11
-2
8
14
15
10
0
-9
-15
-15
-8
2
11
16
14
7
-4
-12
-16
-13
-5
5
14
16
12
3
-8
-15
-16
-11
-1
10
16
16
9
-2
-11
-16
-15
-7
4
13
17
14
4
-6
-15
-17
-12
-2
9
16
16
10
-1
-11
-17
-16
-8
3
13
17
14
5
-6
-15
-17
-12
-2
9
16
17
10
-1
-11
-17
-16
-8
4
13
18
14
5
-7
-15
-17
-12
-2
9
16
16
9
-2
-12
-17
-15
-6
5
14
17
13
3
-8
-16
-17
-10
0
11
17
15
7
-4
-13
-17
-13
-4
7
15
17
11
1
-10
-16
-15
-8
3
12
16
13
4
-7
-15
-16
-11
-1
10
16
15
8
-3
-12
-16
-13
-4
7
14
16
10
0
-10
-15
-14
-7
3
12
15
12
3
-7
-14
-15
-9
1
10
15
13
6
-4
-12
-15
-11
-2
8
14
14
8
-2
-11
-15
-12
-4
6
13
14
9
0
-9
-14
-13
-5
4
12
14
10
1
-8
-14
-13
-7
3
11
14
11
3
-7
-13
-13
-8
2
10
14
11
4
-6
-12
-13
-8
1
9
14
12
4
-5
-12
-13
-9
0
9
13
12
5
-5
-12
-13
-9
0
9
13
12
4
-5
-12
-13
-9
0
9
13
12
4
-5
-12
-13
-8
1
9
13
11
4
-6
-12
-13
-8
1
10
14
11
3
-7
-13
-13
-7
3
11
14
10
2
-8
-13
-12
-6
4
12
14
9
0
-9
-14
-12
-4
6
13
14
8
-2
-11
-14
-11
-2
7
14
13
6
-4
-12
-15
-10
0
10
15
12
4
-6
-14
-14
-8
2
12
15
11
1
-9
-15
-13
-5
6
14
15
9
-2
-11
-15
-12
-3
8
15
14
6
-5
-14
-15
-9
1
11
16
13
3
-8
-15
-15
-7
5
14
16
10
-1
-11
-16
-13
-3
9
16
15
6
-5
-14
-16
-10
1
12
17
13
2
-9
-16
-15
-6
6
15
16
9
-2
-13
-17
-12
-1
10
16
14
5
-7
-15
-16
-8
4
14
17
11
0
-12
-17
-14
-3
9
16
15
7
-5
-15
-16
-9
2
13
17
12
1
-11
-17
-14
-4
8
16
16
8
-4
-14
-16
-10
2
12
16
12
1
-10
-16
-14
-4
7
15
15
7
-4
-14
-16
-9
2
12
16
12
1
-10
-16
-13
-4
8
15
14
6
-5
-14
-15
-8
3
13
16
10
-1
-11
-16
-12
-2
9
15
13
4
-7
-14
-14
-6
5
13
15
8
-3
-12
-15
-10
1
11
15
11
2
-9
-14
-12
-3
7
14
13
5
-5
-13
-14
-7
4
12
14
8
-2
-12
-15
-10
0
10
14
11
1
-9
-14
-12
-3
7
14
12
4
-6
-13
-13
-6
5
13
13
7
-4
-12
-14
-8
2
11
14
9
-1
-10
-14
-10
0
9
14
10
1
-9
-14
-11
-2
8
14
12
3
-7
-13
-12
-4
6
13
12
5
-6
-13
-13
-6
5
12
13
6
-4
-12
-13
-7
4
12
14
7
-3
-12
-14
-8
2
11
14
8
-2
-11
-14
-9
2
11
14
9
-1
-11
-14
-9
1
11
14
10
-1
-10
-14
-10
0
10
14
10
0
-10
-14
-10
0
10
15
10
0
-10
-15
-10
0
10
15
10
0
-11
-15
-10
0
11
15
10
0
-11
-15
-10
1
11
15
10
-1
-11
-15
-10
1
11
15
10
-2
-12
-15
-10
2
12
15
9
-2
-13
-15
-9
3
13
15
9
-3
-13
-15
-8
4
14
15
8
-5
-14
-15
-7
5
14
15
7
-6
-14
-14
-6
7
15
14
5
-7
-15
-14
-4
8
16
14
3
-9
-16
-13
-2
9
15
12
1
-11
-16
-12
0
11
16
11
-1
-12
-16
-10
2
12
15
9
-3
-13
-15
-8
4
14
15
7
-5
-14
-14
-5
7
15
14
4
-8
-15
-13
-3
9
15
12
2
-10
-15
-11
0
11
15
10
-1
-11
-14
-8
3
12
14
7
-4
-13
-14
-6
5
13
13
4
-7
-14
-12
-3
8
14
11
1
-9
-14
-10
0
10
13
8
-2
-11
-13
-7
3
12
12
5
-5
-12
-12
-4
6
13
11
2
-8
-12
-9
0
9
13
8
-1
-10
-12
-7
3
11
12
5
-5
-11
-11
-3
6
12
10
1
-8
-12
-9
0
9
12
7
-2
-10
-11
-5
4
11
11
4
-6
-11
-10
-2
7
11
8
0
-9
-11
-7
2
10
11
5
-4
-11
-10
-3
6
11
9
1
-8
-11
-7
1
9
11
5
-4
-10
-10
-4
6
11
9
1
-8
-11
-7
1
9
11
6
-4
-10
-10
-3
6
11
9
1
-8
-11
-7
2
10
11
5
-5
-11
-10
-2
7
11
8
-1
-9
-11
-6
3
11
11
3
-6
-12
-9
-1
9
12
7
-3
-10
-11
-4
6
12
10
1
-8
-12
-8
2
10
12
5
-5
-12
-11
-2
8
13
8
-2
-11
-12
-5
5
12
11
2
-9
-13
-9
2
11
13
5
-6
-13
-11
-2
9
13
8
-3
-12
-13
-5
6
14
11
1
-10
-14
-8
3
13
13
5
-7
-14
-11
0
11
14
8
-5
-14
-13
-4
9
15
11
-1
-12
-15
-7
6
14
13
2
-10
-15
-10
3
14
15
5
-8
-15
-12
0
12
16
8
-5
-15
-14
-3
10
16
11
-2
-13
-15
-6
7
16
13
1
-12
-16
-9
5
15
14
3
-10
-16
-11
2
14
16
6
-8
-16
-13
0
13
16
8
-5
-15
-14
-3
11
16
10
-3
-14
-15
-5
9
16
12
-1
-13
-16
-7
7
16
13
1
-12
-16
-9
5
15
14
3
-10
-16
-10
3
14
15
5
-9
-16
-11
2
13
15
6
-7
-15
-12
0
12
15
7
-6
-15
-13
-1
11
15
8
-5
-15
-13
-3
10
15
9
-4
-14
-14
-3
9
15
10
-3
-13
-14
-4
8
15
10
-2
-12
-14
-5
8
15
10
-1
-12
-13
-5
7
14
10
-1
-12
-14
-5
7
14
11
-1
-11
-13
-5
7
14
11
0
-11
-13
-6
6
13
10
-1
-11
-13
-5
6
13
10
-1
-11
-13
-5
7
13
10
-1
-11
-13
-5
7
13
9
-2
-11
-12
-4
7
13
9
-2
-12
-12
-3
8
13
8
-3
-12
-12
-3
8
13
7
-4
-12
-11
-1
10
13
6
-5
-13
-10
0
10
12
5
-7
-13
-9
1
11
12
4
-8
-13
-8
3
12
11
2
-9
-13
-7
5
13
11
0
-10
-13
-5
7
13
9
-2
-12
-12
-3
9
13
8
-4
-13
-11
-1
11
13
6
-7
-14
-10
2
12
13
3
-9
-14
-8
5
14
11
0
-11
-14
-5
8
14
10
-3
-13
-13
-2
10
15
7
-6
-15
-11
1
13
14
4
-9
-15
-9
5
15
12
0
-12
-15
-5
9
16
10
-4
-14
-13
-1
12
15
6
-8
-16
-11
3
14
14
2
-11
-16
-7
7
16
12
-2
-14
-15
-3
11
16
8
-7
-16
-12
2
15
15
3
-11
-17
-8
7
17
13
-2
-15
-15
-3
12
17
8
-7
-17
-13
2
15
15
3
-12
-17
-8
7
17
12
-3
-16
-15
-3
12
17
8
-8
-17
-12
3
16
15
2
-13
-17
-7
9
17
11
-5
-16
-14
-1
14
16
5
-10
-17
-10
6
17
13
-1
-14
-16
-3
12
17
8
-7
-17
-12
3
15
15
2
-13
-16
-6
9
17
10
-5
-16
-13
0
14
15
4
-11
-16
-8
7
16
12
-3
-15
-14
-1
12
16
6
-9
-16
-9
5
15
12
-1
-13
-14
-3
11
15
6
-8
-15
-10
4
14
12
0
-12
-14
-3
10
15
7
-7
-14
-10
3
14
12
0
-12
-14
-4
9
14
7
-7
-14
-10
3
13
11
0
-11
-13
-3
9
14
6
-6
-13
-9
3
13
11
0
-11
-12
-2
9
13
5
-7
-13
-8
4
13
10
-1
-11
-11
-1
10
12
4
-8
-13
-6
6
13
8
-3
-12
-10
0
11
11
2
-9
-12
-4
7
12
7
-5
-12
-9
3
11
10
0
-11
-11
-2
9
12
4
-7
-12
-6
5
12
8
-3
-12
-10
1
11
11
1
-10
-12
-3
8
12
5
-7
-12
-7
5
12
9
-3
-12
-10
1
11
11
1
-10
-12
-3
8
12
5
-7
-13
-7
5
12
8
-4
-12
-10
2
12
11
0
-11
-12
-2
10
12
4
-8
-13
-5
7
13
7
-6
-13
-9
4
13
10
-2
-12
-11
1
12
12
1
-11
-13
-3
10
14
5
-9
-14
-6
7
14
8
-6
-14
-9
4
14
10
-3
-13
-11
1
13
13
0
-12
-13
-2
11
14
3
-11
-15
-5
9
15
7
-8
-15
-8
7
16
10
-5
-15
-10
4
15
12
-2
-14
-13
1
14
14
0
-13
-15
-2
12
15
3
-12
-16
-5
11
16
6
-9
-16
-7
8
16
9
-7
-16
-10
6
16
11
-5
-16
-12
4
16
13
-2
-15
-14
1
15
14
0
-14
-15
-2
13
15
2
-13
-16
-4
12
16
5
-11
-16
-6
10
16
7
-9
-17
-8
8
16
9
-8
-17
-10
7
16
10
-6
-16
-11
5
16
11
-4
-16
-12
3
15
12
-2
-15
-13
2
14
13
-1
-14
-14
0
13
14
1
-13
-14
-2
12
14
2
-12
-14
-3
12
15
3
-11
-15
-4
11
15
4
-10
-14
-4
10
15
5
-9
-14
-5
9
14
6
-9
-14
-6
8
14
6
-8
-14
-6
7
14
7
-7
-14
-7
7
14
7
-7
-14
-7
6
13
7
-6
-13
-7
6
13
7
-6
-13
-7
5
13
7
-5
-13
-7
5
13
7
-5
-12
-7
5
13
7
-5
-12
-7
5
12
7
-5
-12
-7
5
12
7
-6
-12
-6
6
12
6
-6
-12
-6
6
12
6
-6
-12
-5
7
12
5
-7
-12
-5
7
12
4
-8
-12
-4
7
12
4
-8
-12
-3
8
12
3
-9
-11
-2
9
11
2
-10
-11
-1
10
11
1
-10
-10
0
11
10
-1
-11
-10
2
11
9
-3
-12
-9
3
12
8
-4
-12
-8
5
12
7
-6
-13
-6
7
13
6
-7
-13
-4
9
13
4
-9
-12
-2
10
12
1
-11
-12
0
12
11
-1
-12
-11
2
13
10
-4
-13
-9
5
14
8
-6
-14
-7
7
14
6
-9
-14
-4
10
14
3
-11
-14
-1
12
13
0
-13
-12
2
14
11
-3
-15
-10
5
15
9
-7
-16
-8
9
16
6
-10
-15
-4
12
15
2
-13
-14
0
14
14
-2
-15
-12
4
16
11
-6
-17
-9
8
17
7
-10
-17
-6
12
16
3
-13
-16
-1
15
15
-1
-16
-13
4
17
12
-6
-17
-10
9
18
8
-11
-17
-5
13
17
3
-15
-16
0
16
14
-3
-17
-13
5
18
11
-8
-18
-9
10
18
6
-13
-17
-3
14
16
0
-16
-15
3
17
13
-5
-18
-10
8
18
8
-11
-17
-5
13
17
2
-15
-15
1
16
14
-4
-17
-12
7
18
9
-9
-17
-6
12
17
3
-14
-16
0
15
14
-3
-16
-12
6
17
9
-9
-17
-6
11
16
3
-13
-15
0
15
13
-3
-16
-11
6
16
8
-9
-16
-5
12
15
2
-13
-14
1
15
12
-4
-15
-9
7
16
7
-10
-15
-3
12
14
0
-14
-12
3
14
10
-6
-15
-7
8
15
4
-11
-14
-1
13
12
-2
-14
-10
5
14
7
-8
-14
-4
10
13
1
-12
-12
2
14
10
-5
-14
-7
8
14
4
-10
-13
-1
12
11
-3
-13
-9
6
13
6
-8
-13
-3
11
12
0
-12
-10
4
13
7
-7
-13
-4
9
12
1
-11
-11
2
13
9
-5
-13
-5
9
13
2
-11
-11
1
12
9
-5
-13
-6
8
13
3
-10
-12
1
12
9
-5
-13
-7
8
13
3
-10
-12
1
12
10
-4
-13
-6
8
13
3
-11
-12
1
13
9
-5
-13
-6
8
13
2
-11
-12
2
13
9
-6
-14
-5
9
13
1
-12
-11
3
14
8
-7
-14
-4
11
13
0
-13
-10
5
14
7
-9
-14
-2
12
12
-2
-14
-9
7
15
5
-11
-14
0
14
11
-5
-15
-7
10
15
2
-13
-13
3
15
9
-8
-16
-4
12
14
-1
-15
-11
6
16
7
-11
-15
-1
15
13
-4
-16
-8
10
16
3
-14
-14
3
16
10
-8
-17
-5
13
15
-1
-16
-11
7
17
6
-12
-16
0
16
13
-6
-17
-7
12
17
2
-16
-14
5
18
9
-11
-17
-2
15
15
-4
-17
-9
10
18
3
-15
-15
3
18
10
-10
-18
-4
15
16
-3
-17
-11
9
18
5
-14
-16
2
17
11
-9
-18
-5
14
15
-2
-18
-11
9
18
4
-14
-16
2
17
11
-9
-18
-5
14
15
-3
-17
-11
9
17
4
-14
-15
3
17
10
-10
-17
-3
14
14
-4
-17
-9
10
17
3
-15
-14
4
17
8
-11
-16
-2
15
13
-5
-17
-7
11
15
0
-15
-11
7
16
6
-12
-14
1
15
10
-7
-16
-4
13
14
-2
-15
-9
9
15
3
-13
-12
4
15
7
-10
-14
-1
14
11
-6
-15
-6
11
13
-1
-14
-9
7
14
3
-12
-12
3
14
7
-9
-14
-1
13
11
-5
-14
-5
10
13
-1
-13
-8
7
14
3
-11
-11
3
13
6
-9
-13
0
12
9
-6
-13
-4
11
11
-2
-13
-7
8
13
1
-12
-9
5
13
4
-10
-11
2
13
7
-8
-12
-1
12
9
-5
-13
-4
10
11
-2
-12
-6
8
12
0
-12
-9
6
13
3
-10
-10
3
13
6
-9
-12
1
12
8
-7
-12
-2
11
10
-5
-13
-4
10
11
-3
-13
-6
8
12
0
-12
-8
7
13
2
-12
-10
5
13
4
-10
-11
3
13
6
-9
-12
1
13
8
-8
-13
-1
13
9
-6
-13
-3
12
11
-5
-14
-5
11
12
-3
-14
-6
10
13
-1
-14
-8
8
14
1
-13
-9
7
14
2
-13
-11
6
15
4
-12
-12
4
15
5
-11
-13
3
15
7
-10
-14
2
15
8
-9
-14
0
15
9
-9
-15
-1
15
11
-8
-16
-2
14
12
-7
-16
-4
14
13
-6
-16
-5
13
13
-5
-16
-6
13
14
-4
-16
-7
12
15
-3
-17
-8
11
15
-2
-17
-9
11
16
-1
-16
-10
10
16
0
-16
-10
10
16
0
-16
-11
9
17
1
-16
-11
9
17
2
-16
-12
9
17
2
-16
-12
8
17
3
-16
-13
8
17
3
-16
-13
7
17
3
-15
-13
7
17
3
-15
-13
7
17
3
-15
-13
7
17
3
-15
-13
7
17
3
-15
-13
7
17
3
-15
-13
7
17
3
-15
-12
8
17
3
-15
-12
8
16
2
-15
-12
8
16
1
-15
-11
8
16
1
-15
-10
9
16
0
-15
-10
9
15
0
-15
-9
10
15
-1
-15
-8
10
14
-2
-15
-7
11
13
-3
-15
-6
11
13
-4
-15
-5
12
12
-4
-15
-4
12
12
-5
-15
-3
13
11
-6
-14
-2
13
9
-8
-14
-1
13
8
-9
-13
0
13
7
-10
-13
2
13
6
-11
-12
3
13
4
-11
-11
5
13
3
-12
-10
6
13
1
-12
-8
7
13
0
-13
-7
9
12
-2
-13
-5
10
11
-4
-13
-4
11
10
-5
-13
-2
12
8
-7
-12
0
12
7
-9
-11
2
13
5
-10
-10
4
13
3
-11
-9
6
12
0
-12
-7
8
11
-2
-13
-5
10
10
-4
-12
-2
11
9
-6
-12
0
12
6
-9
-11
2
12
4
-10
-10
5
13
2
-11
-8
7
12
-1
-13
-6
9
10
-4
-13
-3
11
9
-6
-12
0
13
6
-9
-11
3
13
3
-11
-9
6
13
0
-13
-7
9
12
-3
-13
-4
11
10
-6
-13
0
13
7
-9
-12
3
14
4
-12
-10
7
13
0
-13
-7
10
12
-4
-14
-3
12
9
-8
-13
1
14
6
-11
-12
5
14
2
-13
-9
9
13
-2
-14
-5
12
11
-6
-14
-1
14
8
-10
-13
4
15
4
-13
-10
8
14
-1
-15
-6
11
12
-6
-15
-2
14
9
-10
-13
3
15
4
-13
-11
8
14
-1
-15
-7
12
12
-6
-15
-1
14
8
-10
-13
4
15
4
-14
-10
9
14
-2
-15
-6
13
11
-7
-15
0
15
7
-12
-13
5
15
2
-15
-9
10
13
-4
-15
-3
14
10
-9
-14
2
15
5
-13
-11
8
15
-1
-15
-6
12
12
-7
-15
0
15
7
-11
-12
6
15
1
-14
-8
11
13
-4
-15
-2
14
9
-10
-13
4
15
3
-14
-9
9
14
-3
-15
-3
13
10
-9
-14
3
15
4
-13
-10
8
14
-2
-15
-4
13
10
-8
-14
2
15
4
-13
-10
8
14
-2
-15
-4
12
10
-8
-14
2
14
4
-13
-10
8
13
-3
-14
-4
13
9
-9
-13
3
14
3
-13
-9
9
13
-4
-14
-3
13
8
-10
-12
4
14
2
-13
-7
10
12
-5
-14
-1
14
7
-11
-11
6
14
0
-14
-5
12
10
-7
-13
2
14
4
-12
-9
9
13
-3
-14
-3
13
8
-10
-12
5
14
1
-14
-6
11
11
-7
-14
1
14
5
-12
-10
8
13
-3
-14
-2
14
8
-10
-12
6
14
0
-14
-6
12
10
-8
-14
2
14
3
-13
-8
10
13
-5
-14
0
14
6
-12
-11
8
14
-2
-15
-3
14
8
-10
-13
6
15
0
-15
-6
12
10
-9
-14
3
15
2
-14
-8
11
12
-7
-15
1
15
4
-13
-9
10
13
-5
-15
-1
15
6
-13
-11
9
14
-4
-16
-2
15
8
-12
-12
8
15
-2
-16
-4
14
9
-11
-13
7
15
-1
-16
-5
14
10
-10
-13
6
16
0
-16
-6
14
10
-10
-14
5
16
1
-16
-6
13
11
-9
-14
5
16
1
-15
-7
13
11
-9
-15
4
16
1
-16
-7
13
11
-9
-14
4
16
1
-15
-6
13
11
-9
-14
4
16
1
-15
-6
13
11
-9
-14
5
16
1
-15
-6
14
10
-10
-14
5
15
0
-15
-5
14
9
-11
-13
6
15
-1
-15
-4
14
9
-11
-12
7
15
-2
-15
-2
14
7
-12
-11
8
13
-4
-15
-1
14
6
-13
-10
9
13
-5
-14
1
15
4
-13
-8
11
12
-7
-14
2
14
2
-14
-7
11
10
-8
-13
4
14
0
-14
-4
12
8
-10
-11
6
13
-2
-13
-2
13
6
-11
-9
8
12
-4
-13
1
13
3
-12
-7
10
10
-7
-12
3
13
1
-13
-4
12
8
-9
-11
6
12
-2
-13
-2
12
5
-11
-8
8
11
-5
-12
2
13
2
-12
-6
10
8
-8
-11
5
12
-2
-13
-2
12
6
-10
-8
8
11
-5
-12
2
13
2
-12
-5
11
8
-8
-10
6
12
-2
-13
-1
12
4
-11
-7
9
10
-7
-12
3
13
0
-13
-3
12
6
-10
-9
8
11
-5
-12
2
13
2
-12
-5
12
8
-9
-10
7
12
-4
-13
1
13
3
-12
-6
11
9
-9
-11
6
13
-3
-14
0
13
3
-13
-7
11
9
-9
-12
6
13
-3
-14
0
14
4
-13
-7
12
10
-9
-12
6
14
-3
-15
0
14
4
-14
-7
12
10
-10
-12
7
14
-4
-15
1
15
3
-15
-6
13
9
-11
-12
9
14
-6
-15
2
16
1
-16
-5
14
8
-13
-11
10
13
-8
-15
4
16
-1
-16
-3
16
6
-14
-9
13
12
-10
-14
7
16
-4
-17
0
16
3
-16
-7
14
10
-13
-13
10
15
-7
-16
3
17
0
-17
-4
16
7
-15
-10
13
13
-10
-15
7
16
-4
-17
1
17
3
-17
-6
16
9
-14
-12
11
14
-9
-16
5
17
-2
-18
-2
17
4
-16
-8
14
10
-13
-13
10
15
-7
-16
4
17
-1
-17
-2
17
6
-16
-8
14
11
-12
-13
9
15
-7
-16
4
17
-1
-17
-2
16
5
-15
-8
14
10
-12
-13
9
14
-7
-15
4
16
-1
-16
-2
16
4
-15
-7
14
9
-12
-11
10
13
-8
-14
5
15
-3
-16
0
15
3
-15
-5
14
8
-13
-9
11
11
-9
-13
7
14
-5
-15
2
15
0
-15
-3
14
5
-13
-7
12
9
-11
-10
9
12
-7
-13
5
13
-3
-14
1
14
1
-14
-3
13
5
-12
-7
11
9
-10
-10
8
11
-7
-12
5
13
-3
-13
1
13
1
-13
-3
13
5
-12
-6
11
8
-10
-9
9
10
-7
-11
6
12
-4
-12
2
13
-1
-13
-1
12
3
-12
-4
12
6
-11
-7
10
8
-9
-9
8
10
-6
-11
5
12
-4
-12
2
12
-1
-13
-1
12
2
-12
-4
12
5
-11
-6
10
7
-10
-9
9
9
-8
-10
6
11
-5
-12
4
12
-3
-12
1
13
0
-13
-1
13
2
-12
-4
12
5
-12
-6
11
7
-11
-8
10
9
-9
-10
8
11
-7
-11
6
12
-5
-13
4
13
-3
-13
1
13
-1
-13
-1
14
2
-13
-3
13
4
-13
-5
13
6
-12
-7
11
8
-11
-9
10
10
-10
-11
9
12
-8
-12
7
13
-6
-13
5
14
-4
-14
3
14
-2
-15
1
15
0
-15
-1
15
2
-15
-3
15
4
-15
-5
14
6
-14
-7
14
7
-13
-8
13
9
-12
-10
12
11
-11
-12
10
12
-10
-13
9
13
-8
-14
8
14
-7
-14
6
15
-5
-15
4
16
-4
-16
3
16
-2
-16
1
16
0
-16
0
16
1
-16
-2
16
3
-16
-4
16
4
-16
-5
15
6
-15
-6
15
7
-14
-7
14
8
-14
-8
14
9
-13
-9
13
10
-12
-10
12
11
-11
-11
11
12
-11
-12
10
12
-10
-13
9
13
-9
-13
8
13
-8
-14
7
14
-7
-14
7
14
-6
-14
6
14
-5
-14
5
14
-5
-14
4
14
-4
-14
4
14
-3
-14
3
14
-3
-14
3
14
-2
-14
2
14
-2
-14
1
14
-1
-14
1
14
-1
-14
1
14
0
-13
0
14
0
-13
0
13
0
-13
0
13
0
-13
-1
13
1
-13
-1
13
1
-13
-1
13
1
-13
-1
12
1
-13
-1
12
1
-12
-1
12
1
-12
-1
12
1
-12
0
12
1
-12
0
12
0
-12
0
12
0
-12
0
12
0
-12
1
12
0
-11
1
12
-1
-11
1
11
-2
-12
2
11
-2
-11
2
11
-2
-11
3
11
-3
-11
3
11
-4
-11
4
10
-4
-11
4
10
-5
-10
5
10
-6
-10
6
10
-6
-9
7
9
-7
-9
8
9
-8
-8
8
8
-9
-8
9
7
-9
-7
10
6
-10
-6
11
5
-11
-5
11
4
-11
-4
11
3
-12
-3
12
1
-12
-1
12
0
-12
1
12
-1
-12
2
12
-3
-12
4
12
-4
-12
5
12
-6
-11
7
11
-8
-10
8
10
-9
-9
10
8
-11
-8
11
7
-12
-6
12
5
-13
-5
13
3
-14
-3
14
1
-14
0
14
-1
-14
2
14
-3
-14
5
14
-6
-13
7
13
-8
-12
9
12
-10
-11
11
10
-12
-9
13
8
-14
-7
14
5
-15
-4
15
3
-16
-1
16
0
-16
2
16
-3
-16
5
15
-6
-15
7
14
-9
-13
10
12
-11
-11
13
10
-14
-9
15
7
-15
-6
16
4
-16
-2
17
1
-17
1
17
-3
-16
5
16
-6
-15
8
14
-10
-13
11
12
-12
-11
14
9
-15
-8
15
6
-16
-4
17
2
-17
0
17
-2
-16
4
16
-5
-15
7
15
-9
-13
11
12
-12
-11
13
9
-14
-7
15
6
-16
-3
16
1
-16
1
16
-3
-16
5
15
-6
-14
8
13
-10
-12
11
10
-13
-9
14
7
-15
-5
15
3
-15
-1
16
-1
-15
3
15
-5
-14
7
13
-9
-12
10
10
-12
-9
13
7
-14
-5
15
3
-15
0
15
-1
-14
4
14
-6
-13
7
12
-9
-11
11
9
-12
-7
13
5
-14
-3
14
1
-14
1
14
-3
-13
5
12
-7
-11
9
10
-11
-8
12
6
-13
-4
13
2
-13
0
14
-2
-13
4
12
-6
-11
8
10
-10
-8
11
6
-12
-4
13
2
-13
0
13
-2
-13
5
12
-7
-11
9
9
-10
-7
12
5
-13
-3
13
1
-13
2
13
-4
-12
6
11
-9
-10
10
8
-12
-5
13
3
-13
0
14
-2
-13
5
12
-7
-11
9
9
-11
-7
12
5
-14
-2
14
-1
-14
3
13
-6
-12
9
10
-11
-8
12
5
-14
-3
14
0
-14
3
14
-6
-13
9
11
-11
-8
13
6
-14
-3
15
0
-15
4
14
-7
-13
10
11
-12
-8
14
5
-15
-2
15
-2
-15
5
14
-8
-12
11
10
-13
-7
15
4
-16
0
16
-4
-16
7
14
-10
-12
13
9
-15
-5
17
2
-17
3
17
-6
-15
10
13
-13
-10
15
6
-17
-2
18
-2
-17
6
16
-10
-14
13
10
-16
-7
18
3
-18
2
18
-6
-16
10
14
-14
-11
16
7
-18
-2
18
-3
-18
7
16
-11
-14
14
10
-17
-6
19
1
-19
4
18
-8
-16
12
13
-16
-9
18
4
-19
0
19
-5
-18
10
15
-14
-12
17
7
-19
-3
19
-3
-19
7
17
-12
-14
15
10
-18
-5
19
0
-19
5
18
-10
-15
14
11
-17
-7
19
2
-19
4
18
-8
-16
13
12
-16
-8
18
3
-19
2
18
-7
-16
11
13
-15
-9
17
4
-18
1
18
-6
-16
11
13
-14
-9
16
4
-18
1
17
-6
-16
10
13
-13
-9
16
4
-17
1
17
-5
-15
10
12
-13
-8
16
4
-16
1
16
-6
-14
10
11
-13
-7
15
3
-16
2
16
-6
-13
10
11
-13
-6
15
2
-15
2
14
-7
-12
11
9
-13
-5
15
1
-15
4
13
-8
-11
11
7
-13
-3
14
-1
-14
5
12
-9
-9
12
6
-13
-1
14
-3
-13
7
11
-10
-7
13
3
-13
1
13
-5
-11
9
8
-12
-5
13
1
-13
3
12
-7
-9
10
6
-12
-2
13
-2
-12
6
10
-9
-7
12
3
-13
1
12
-5
-10
9
8
-11
-4
12
0
-12
5
11
-8
-8
11
4
-12
0
12
-4
-11
8
8
-11
-4
12
0
-12
4
11
-8
-8
11
4
-12
0
12
-5
-11
8
8
-11
-4
13
0
-12
5
11
-9
-7
11
3
-13
1
12
-6
-10
9
6
-12
-2
13
-2
-12
7
10
-10
-6
13
1
-13
3
11
-8
-9
11
4
-14
0
13
-5
-11
9
8
-13
-3
14
-2
-13
7
10
-11
-6
14
1
-14
4
13
-9
-9
13
4
-14
1
14
-7
-11
11
7
-14
-2
15
-4
-13
9
10
-13
-5
15
-1
-15
6
12
-12
-8
14
2
-15
4
14
-10
-10
13
5
-16
1
15
-7
-12
12
7
-15
-1
16
-5
-14
11
10
-14
-4
16
-2
-15
9
12
-13
-6
16
0
-16
7
13
-12
-8
15
2
-16
4
15
-10
-10
15
4
-16
2
16
-9
-12
14
6
-16
0
16
-7
-13
12
8
-16
-2
16
-5
-14
11
10
-15
-3
17
-4
-15
10
11
-14
-5
16
-2
-15
9
12
-13
-6
16
-1
-16
8
13
-13
-7
16
0
-16
6
13
-12
-8
15
1
-16
5
14
-11
-9
15
2
-16
5
14
-10
-9
14
3
-16
4
14
-10
-10
14
3
-16
3
14
-10
-10
14
4
-15
3
14
-9
-10
13
4
-15
3
14
-9
-10
13
4
-15
2
14
-8
-10
13
4
-14
3
13
-8
-9
13
4
-14
3
13
-9
-9
13
3
-14
3
13
-9
-9
13
3
-14
3
12
-9
-8
13
2
-14
4
12
-9
-7
13
1
-14
5
11
-10
-7
13
0
-13
6
11
-11
-6
13
-1
-13
7
10
-11
-4
13
-2
-12
8
9
-12
-3
14
-3
-12
9
8
-13
-1
13
-5
-11
10
6
-13
0
13
-7
-10
11
4
-13
2
12
-8
-8
12
2
-14
4
11
-10
-7
13
0
-13
7
10
-12
-4
14
-3
-12
9
8
-13
-2
14
-5
-11
11
6
-14
1
13
-8
-9
13
3
-14
4
12
-10
-7
14
0
-14
7
10
-12
-4
14
-4
-13
10
7
-14
-1
14
-7
-11
13
4
-15
4
13
-10
-8
14
0
-15
7
11
-13
-4
15
-4
-14
11
8
-15
0
15
-8
-11
14
4
-16
5
13
-12
-7
16
-1
-15
9
11
-15
-3
16
-6
-13
13
6
-16
2
15
-11
-9
16
1
-16
8
12
-14
-4
17
-4
-15
12
8
-17
1
16
-10
-11
16
2
-17
7
13
-14
-6
18
-4
-15
12
9
-17
1
17
-10
-11
16
3
-18
7
14
-15
-6
17
-4
-16
12
8
-18
1
17
-10
-11
17
2
-17
8
13
-15
-5
18
-5
-15
13
8
-17
2
17
-11
-10
17
1
-17
9
12
-16
-3
18
-7
-14
15
6
-17
4
15
-13
-8
17
-2
-16
11
10
-17
0
17
-9
-11
16
3
-17
7
13
-14
-5
17
-5
-14
13
6
-17
3
15
-12
-8
16
-2
-16
10
9
-16
0
16
-9
-11
15
2
-16
7
12
-14
-3
16
-5
-12
13
5
-16
4
13
-12
-6
15
-3
-14
11
7
-15
1
14
-10
-8
14
0
-14
9
9
-14
-1
14
-8
-10
13
1
-14
7
10
-13
-3
14
-6
-10
12
3
-14
5
11
-11
-4
14
-4
-11
11
4
-13
4
11
-11
-5
13
-3
-11
10
5
-13
3
12
-9
-5
13
-2
-11
9
5
-13
2
11
-9
-6
12
-2
-11
9
6
-12
2
11
-9
-6
12
-2
-11
9
6
-12
2
11
-9
-5
12
-2
-11
9
5
-12
3
10
-9
-5
12
-3
-10
9
4
-12
3
10
-10
-4
12
-4
-10
10
3
-12
4
9
-10
-3
12
-5
-9
11
2
-12
6
8
-11
-1
12
-7
-8
12
0
-11
8
7
-12
1
12
-8
-6
12
-2
-11
9
5
-13
3
10
-10
-4
13
-5
-10
11
2
-13
6
9
-12
-1
12
-7
-8
12
0
-12
9
7
-13
2
12
-10
-5
13
-4
-11
11
4
-13
5
10
-12
-2
13
-7
-9
13
0
-13
9
7
-14
2
12
-11
-5
14
-4
-11
12
3
-14
6
10
-13
-1
14
-8
-8
14
-1
-13
10
6
-15
4
12
-12
-4
15
-6
-11
14
1
-15
9
9
-15
1
14
-11
-6
15
-4
-12
13
3
-15
7
10
-14
-1
15
-10
-8
15
-2
-14
12
5
-16
6
12
-14
-2
15
-8
-10
15
-1
-14
11
7
-16
4
13
-13
-3
16
-7
-10
15
0
-15
11
8
-15
4
13
-13
-4
16
-7
-11
14
1
-15
10
8
-15
3
13
-12
-4
16
-7
-10
14
1
-14
10
8
-15
3
13
-12
-4
15
-7
-10
14
0
-14
10
7
-15
4
12
-12
-3
15
-7
-9
14
-1
-13
10
6
-14
5
11
-12
-2
14
-8
-8
14
-2
-12
11
4
-14
6
10
-13
0
13
-9
-6
13
-4
-11
11
2
-13
7
8
-13
2
12
-10
-4
13
-5
-9
12
0
-12
9
6
-13
4
10
-11
-2
12
-7
-7
12
-2
-11
10
3
-12
6
8
-12
1
11
-9
-4
12
-5
-9
11
0
-11
8
5
-12
4
9
-11
-1
11
-8
-5
12
-3
-9
10
2
-11
7
6
-12
3
9
-10
-2
11
-7
-6
11
-2
-9
10
2
-11
7
7
-11
3
10
-9
-2
11
-6
-6
11
-2
-9
10
2
-11
7
6
-11
3
9
-10
-1
11
-7
-5
12
-3
-9
11
1
-11
8
5
-12
4
8
-11
0
11
-9
-4
12
-5
-8
11
-1
-11
9
3
-12
6
7
-12
3
10
-10
-2
12
-8
-6
12
-4
-9
11
0
-12
9
4
-13
6
8
-12
2
11
-11
-3
13
-8
-7
13
-4
-10
12
0
-12
10
5
-13
6
9
-13
2
12
-11
-2
13
-8
-7
14
-5
-10
13
-1
-13
11
4
-14
7
8
-14
3
12
-13
-1
14
-10
-5
15
-7
-9
14
-2
-13
13
2
-15
10
7
-15
6
11
-15
1
13
-13
-3
15
-10
-8
16
-6
-11
15
-1
-14
13
4
-16
10
8
-16
5
12
-15
1
15
-13
-4
16
-9
-8
17
-5
-12
16
-1
-15
13
4
-16
10
8
-17
6
12
-16
1
14
-14
-3
16
-11
-8
17
-7
-11
16
-2
-14
14
2
-16
11
7
-17
8
10
-17
3
13
-15
-1
16
-12
-5
17
-9
-9
17
-5
-12
16
-1
-15
14
4
-16
11
7
-17
7
11
-16
3
14
-14
-1
16
-12
-5
16
-9
-9
16
-5
-12
15
-1
-14
13
2
-16
11
6
-16
8
9
-16
4
12
-14
0
14
-13
-3
15
-10
-6
16
-7
-9
15
-4
-12
14
0
-14
12
3
-15
10
6
-15
7
9
-15
4
11
-14
0
13
-12
-3
14
-10
-6
14
-7
-8
14
-4
-10
13
-1
-12
12
2
-13
10
4
-14
8
7
-14
5
9
-13
3
11
-12
0
12
-11
-3
13
-9
-5
13
-7
-8
13
-5
-9
13
-2
-11
12
0
-12
11
3
-13
9
5
-13
7
7
-13
5
9
-13
3
10
-12
1
12
-11
-2
12
-9
-4
13
-8
-6
13
-6
-8
13
-4
-9
12
-2
-10
11
0
-12
10
2
-12
9
4
-13
8
5
-13
6
7
-13
5
9
-13
3
10
-12
1
11
-11
0
12
-10
-2
13
-9
-4
13
-8
-6
13
-7
-7
13
-5
-8
13
-4
-10
13
-2
-11
12
-1
-12
12
1
-12
11
3
-13
10
4
-14
9
5
-14
8
7
-14
7
8
-14
6
10
-14
4
11
-14
3
11
-13
1
12
-13
0
13
-12
-2
14
-11
-3
14
-10
-4
15
-10
-5
15
-9
-7
15
-8
-8
15
-7
-9
15
-6
-10
15
-4
-11
15
-3
-12
15
-2
-13
14
-1
-14
14
0
-14
14
1
-15
13
2
-15
12
4
-16
12
4
-16
11
6
-16
10
7
-16
10
8
-16
9
9
-17
8
9
-17
7
10
-17
6
11
-17
5
12
-16
5
12
-16
4
13
-16
3
13
-16
2
14
-16
1
14
-15
1
14
-15
0
15
-15
-1
15
-14
-1
15
-14
-2
16
-13
-2
16
-13
-3
16
-13
-3
16
-12
-4
16
-12
-4
16
-12
-5
16
-11
-5
16
-11
-6
16
-11
-6
16
-10
-6
16
-10
-6
16
-10
-7
16
-9
-7
16
-9
-7
16
-9
-7
16
-9
-7
16
-9
-7
16
-9
-7
16
-8
-7
15
-8
-7
15
-8
-7
15
-8
-7
15
-8
-7
15
-8
-7
15
-8
-7
15
-8
-7
14
-8
-6
14
-8
-6
14
-8
-6
14
-8
-6
14
-9
-5
14
-9
-5
14
-9
-5
14
-9
-4
13
-9
-4
13
-9
-4
13
-10
-3
13
-10
-3
12
-10
-2
12
-11
-2
12
-11
-1
12
-11
-1
12
-11
0
11
-11
1
11
-11
1
11
-12
2
10
-12
2
9
-12
3
9
-12
4
8
-13
4
8
-13
5
7
-13
6
6
-13
7
6
-13
7
5
-13
8
4
-12
9
3
-12
9
2
-12
10
1
-12
11
0
-11
12
-1
-10
12
-2
-10
12
-3
-9
13
-5
-8
13
-6
-7
13
-7
-6
13
-8
-5
13
-9
-3
13
-10
-2
12
-11
-1
12
-12
1
11
-13
3
10
-13
4
9
-14
6
8
-14
7
6
-14
9
5
-14
10
3
-13
11
2
-13
13
0
-12
13
-2
-11
14
-4
-10
15
-6
-8
15
-8
-6
15
-10
-4
15
-11
-2
14
-13
0
13
-14
2
12
-15
4
11
-16
6
9
-16
8
7
-16
10
4
-16
12
2
-15
14
0
-14
15
-3
-12
16
-6
-10
17
-8
-8
17
-10
-6
17
-13
-3
16
-14
0
15
-16
3
13
-17
6
11
-18
8
8
-18
11
6
-17
13
3
-16
15
-1
-14
17
-4
-13
17
-7
-10
18
-10
-7
18
-12
-4
17
-15
-1
15
-16
3
13
-17
6
11
-18
9
8
-18
12
5
-17
14
1
-16
16
-2
-14
17
-6
-11
18
-9
-8
18
-12
-5
17
-14
-1
15
-16
2
13
-17
6
10
-18
9
7
-17
12
4
-16
14
0
-15
16
-4
-12
17
-7
-9
17
-10
-6
16
-13
-2
15
-15
2
13
-16
5
10
-17
9
7
-16
12
3
-15
14
-1
-13
15
-5
-11
16
-8
-7
16
-11
-4
15
-13
0
13
-15
4
10
-16
7
7
-16
10
4
-14
13
0
-12
15
-3
-10
15
-7
-7
15
-10
-3
14
-13
0
12
-14
4
9
-15
8
6
-14
11
2
-13
13
-2
-11
14
-5
-8
14
-8
-4
14
-11
-1
12
-13
3
9
-14
7
6
-14
10
3
-13
12
-1
-10
13
-5
-8
14
-9
-4
13
-11
0
11
-13
4
9
-13
8
5
-13
10
1
-12
12
-3
-9
13
-7
-6
13
-10
-2
12
-12
3
9
-13
6
6
-13
10
2
-12
12
-2
-9
13
-6
-6
13
-10
-2
12
-12
3
9
-14
7
5
-14
10
1
-12
13
-3
-9
14
-7
-5
13
-11
0
11
-13
4
8
-14
8
4
-13
12
-1
-11
14
-6
-7
14
-10
-3
13
-13
2
10
-14
7
6
-14
11
1
-12
14
-4
-9
14
-9
-4
13
-13
1
11
-15
7
7
-15
11
2
-13
14
-4
-9
15
-9
-4
14
-13
1
12
-15
7
7
-15
12
2
-13
15
-4
-9
16
-10
-4
15
-14
2
11
-16
8
6
-15
12
0
-13
15
-6
-8
16
-11
-3
14
-15
4
10
-16
10
5
-15
14
-2
-12
16
-8
-7
16
-13
0
13
-16
6
8
-16
12
2
-14
15
-4
-10
16
-10
-4
15
-14
3
11
-16
9
5
-15
14
-1
-12
16
-8
-7
16
-13
0
13
-16
7
7
-16
12
1
-13
16
-6
-8
16
-11
-2
14
-15
5
9
-16
11
3
-14
15
-4
-10
16
-10
-3
14
-14
3
10
-16
9
4
-14
14
-3
-10
15
-9
-4
14
-13
2
10
-15
9
4
-14
13
-2
-10
15
-9
-4
14
-13
2
10
-15
8
4
-13
13
-2
-10
14
-8
-4
13
-13
2
9
-14
8
4
-13
12
-3
-9
14
-9
-3
12
-13
3
8
-14
9
3
-12
13
-4
-7
14
-9
-2
11
-13
4
7
-13
9
1
-11
12
-5
-6
13
-10
0
10
-13
6
5
-12
10
-1
-9
13
-7
-4
12
-11
2
8
-12
8
3
-11
12
-4
-7
12
-9
-1
10
-12
5
5
-12
10
-1
-9
12
-7
-4
11
-11
2
8
-12
8
2
-11
12
-4
-6
12
-9
0
9
-12
6
4
-11
11
-2
-8
12
-8
-2
11
-12
5
6
-12
10
-1
-9
12
-7
-3
11
-11
3
7
-13
9
1
-10
12
-6
-5
12
-11
2
8
-13
9
2
-11
13
-5
-5
13
-11
2
9
-13
9
2
-11
13
-5
-6
13
-11
2
9
-13
9
3
-12
13
-5
-6
13
-12
1
9
-14
9
2
-12
13
-6
-6
14
-12
2
9
-15
10
2
-12
14
-7
-6
14
-13
3
9
-15
11
1
-12
15
-8
-4
14
-14
4
8
-15
12
-1
-11
16
-9
-3
14
-15
6
7
-15
14
-2
-10
16
-11
-1
13
-16
8
5
-15
15
-5
-9
16
-13
1
12
-17
11
3
-14
16
-7
-6
16
-15
4
9
-17
13
-1
-13
17
-10
-3
15
-16
7
7
-16
15
-4
-10
17
-13
0
13
-17
11
3
-15
17
-7
-6
17
-15
5
10
-17
14
-1
-12
17
-11
-3
14
-17
8
6
-16
16
-5
-9
17
-14
2
11
-17
12
1
-13
17
-10
-4
15
-16
7
7
-16
15
-4
-9
17
-13
1
12
-17
11
1
-14
16
-9
-4
15
-16
7
7
-16
15
-4
-9
16
-13
2
11
-16
11
1
-12
16
-9
-3
14
-15
7
6
-15
15
-5
-8
15
-13
3
9
-16
12
-1
-11
15
-10
-2
12
-15
8
4
-13
14
-7
-5
14
-14
5
7
-14
13
-3
-8
15
-11
1
10
-14
10
1
-11
14
-9
-2
12
-14
8
4
-12
13
-6
-5
13
-12
5
6
-13
12
-3
-7
13
-11
2
8
-13
10
-1
-9
13
-9
0
10
-13
8
2
-10
13
-7
-3
11
-13
6
4
-11
12
-6
-4
12
-12
5
5
-12
11
-4
-6
12
-11
3
7
-12
11
-2
-7
12
-10
2
7
-13
10
-1
-8
12
-9
1
8
-13
9
0
-9
13
-9
0
9
-13
9
1
-9
13
-8
-1
9
-13
8
1
-10
12
-8
-1
10
-13
8
2
-10
13
-8
-2
10
-13
8
2
-10
13
-8
-2
10
-13
8
2
-10
13
-8
-2
10
-13
8
1
-10
13
-8
-1
10
-13
9
1
-10
14
-9
0
10
-14
10
0
-10
14
-10
0
10
-14
10
-1
-9
14
-11
1
9
-14
12
-2
-9
14
-12
3
8
-14
12
-3
-8
14
-13
4
7
-14
14
-5
-6
14
-14
6
6
-14
14
-7
-5
14
-15
8
4
-14
15
-9
-3
13
-16
10
2
-12
16
-11
-1
12
-16
12
-1
-11
16
-13
2
10
-16
14
-3
-9
16
-14
5
8
-16
16
-6
-6
16
-16
8
5
-15
17
-9
-3
14
-17
11
2
-13
17
-12
0
12
-17
13
-2
-10
17
-14
4
9
-17
16
-6
-7
16
-17
7
5
-16
17
-9
-3
14
-18
11
1
-13
18
-13
1
11
-18
14
-3
-10
17
-15
5
8
-16
16
-7
-5
15
-17
9
3
-14
17
-11
-1
12
-17
13
-2
-10
17
-14
4
8
-16
16
-6
-6
15
-16
9
3
-14
17
-11
-1
12
-17
12
-2
-10
16
-14
5
8
-15
16
-7
-5
14
-16
9
2
-13
16
-11
1
11
-16
13
-3
-8
15
-14
6
6
-14
15
-9
-3
13
-16
11
0
-10
16
-12
3
8
-15
14
-6
-5
13
-15
8
2
-12
15
-11
1
9
-15
13
-4
-7
14
-14
7
4
-12
15
-9
-1
10
-15
12
-2
-8
14
-13
6
5
-13
14
-8
-2
11
-14
11
-2
-8
14
-13
5
5
-13
14
-8
-2
11
-14
10
-2
-8
14
-13
5
5
-13
14
-8
-2
10
-14
11
-2
-8
13
-13
5
4
-12
14
-9
-1
10
-14
11
-3
-7
13
-13
7
3
-11
14
-10
1
9
-14
12
-5
-5
12
-14
8
1
-10
14
-11
3
7
-13
13
-7
-3
11
-14
10
-1
-8
14
-13
6
4
-12
14
-9
0
9
-14
12
-5
-6
13
-14
9
1
-10
15
-12
4
6
-13
14
-8
-2
11
-15
12
-3
-7
14
-14
8
2
-11
15
-12
3
7
-14
14
-8
-3
12
-15
12
-3
-7
15
-15
8
3
-12
16
-12
3
8
-15
15
-8
-2
12
-16
13
-4
-7
15
-15
9
2
-12
16
-13
4
7
-15
16
-10
-1
11
-16
14
-5
-6
14
-16
11
0
-11
16
-15
6
5
-14
17
-12
2
10
-16
16
-8
-3
13
-17
13
-3
-8
16
-16
9
2
-12
17
-14
5
7
-15
17
-11
1
11
-16
15
-7
-4
14
-17
13
-3
-9
16
-16
9
2
-12
17
-14
5
6
-15
17
-11
1
10
-16
15
-8
-4
13
-17
13
-4
-8
15
-17
10
0
-11
16
-15
7
4
-13
17
-12
3
8
-15
16
-10
-1
11
-16
14
-6
-5
14
-16
12
-2
-8
15
-16
9
1
-11
16
-14
6
4
-13
16
-12
3
7
-14
16
-10
0
10
-15
14
-7
-3
12
-16
12
-4
-6
14
-15
10
-1
-9
15
-14
8
2
-11
15
-13
6
4
-12
15
-11
3
7
-14
15
-9
0
9
-14
14
-7
-2
11
-15
12
-5
-4
12
-15
11
-3
-6
13
-14
10
-1
-8
14
-14
8
1
-10
14
-13
6
3
-11
14
-12
4
5
-12
14
-11
2
6
-13
14
-9
1
8
-13
13
-8
-1
9
-14
13
-7
-2
10
-14
12
-6
-4
11
-14
11
-4
-5
12
-14
11
-3
-6
13
-14
10
-2
-7
13
-14
9
-1
-8
13
-14
8
0
-9
14
-13
8
1
-9
14
-13
7
2
-10
14
-13
6
2
-10
14
-13
6
3
-11
15
-12
6
4
-11
15
-12
5
4
-12
15
-12
5
4
-12
15
-12
5
5
-12
15
-12
4
5
-13
15
-12
4
5
-12
15
-12
5
5
-12
16
-12
5
5
-13
16
-13
5
5
-13
16
-13
5
5
-13
16
-13
5
4
-13
16
-14
6
4
-13
16
-14
6
3
-12
16
-14
7
3
-12
16
-15
8
2
-12
16
-15
8
1
-11
16
-16
9
1
-10
16
-16
10
0
-10
16
-16
11
-1
-9
16
-17
12
-3
-8
15
-17
13
-4
-7
15
-17
14
-5
-5
14
-17
15
-6
-4
13
-17
15
-8
-2
12
-17
16
-9
-1
11
-17
16
-10
1
9
-16
17
-12
2
8
-15
17
-13
4
6
-14
17
-14
6
4
-13
17
-15
7
2
-12
17
-16
9
0
-10
16
-16
11
-2
-8
15
-17
12
-4
-6
14
-17
14
-6
-4
12
-16
14
-8
-2
10
-16
15
-10
1
9
-14
16
-11
3
6
-13
16
-13
5
4
-12
16
-14
8
2
-10
15
-14
10
-1
-7
14
-15
11
-3
-5
12
-15
12
-6
-3
10
-14
14
-8
0
8
-13
14
-10
2
6
-12
14
-12
5
3
-10
14
-13
7
0
-8
13
-13
10
-2
-5
11
-14
11
-5
-3
9
-13
12
-7
0
7
-12
13
-10
3
4
-11
13
-11
6
2
-8
12
-12
8
-1
-6
11
-13
10
-4
-3
9
-12
11
-7
0
7
-11
12
-9
3
4
-10
12
-11
6
1
-7
11
-12
9
-3
-4
10
-12
11
-6
-1
8
-11
12
-8
3
4
-10
12
-11
6
1
-7
12
-12
9
-3
-4
10
-12
11
-6
-1
7
-12
12
-9
3
4
-9
12
-11
7
0
-6
11
-12
10
-4
-2
9
-12
12
-8
2
5
-10
13
-11
6
1
-8
12
-13
9
-4
-4
10
-13
12
-8
1
6
-12
13
-11
6
1
-8
13
-13
10
-3
-4
10
-13
13
-8
1
6
-12
14
-12
6
1
-8
13
-14
11
-4
-3
10
-14
14
-9
2
5
-12
14
-13
8
0
-8
13
-15
12
-6
-2
9
-14
15
-11
4
4
-11
15
-15
10
-2
-6
13
-15
14
-8
1
8
-14
16
-13
7
1
-9
15
-16
13
-6
-3
11
-15
16
-12
4
4
-12
16
-16
11
-3
-6
13
-16
15
-10
2
7
-14
17
-15
9
0
-9
15
-17
14
-8
-1
9
-16
17
-14
7
2
-10
16
-17
13
-6
-3
11
-16
17
-13
5
4
-12
16
-17
12
-4
-5
13
-17
16
-11
4
6
-13
17
-16
11
-3
-6
13
-17
16
-11
2
6
-13
17
-15
10
-2
-7
13
-17
15
-10
2
7
-14
16
-15
9
-2
-7
13
-16
15
-9
2
7
-13
16
-15
9
-2
-7
13
-16
15
-9
2
6
-13
16
-15
10
-2
-6
12
-15
14
-10
2
5
-12
15
-14
10
-3
-5
11
-15
14
-10
4
4
-11
14
-14
11
-4
-3
10
-14
14
-11
5
3
-9
13
-14
11
-6
-2
8
-13
14
-12
6
0
-8
12
-14
12
-7
0
6
-11
14
-12
8
-2
-5
11
-13
13
-9
3
4
-9
13
-13
10
-4
-2
8
-12
13
-11
6
1
-7
11
-13
11
-7
1
5
-11
13
-12
8
-3
-4
9
-12
12
-10
4
2
-8
12
-13
11
-6
0
6
-10
13
-11
8
-2
-4
9
-12
12
-9
4
2
-8
12
-13
11
-6
1
6
-10
13
-12
8
-3
-3
9
-12
13
-10
6
1
-6
11
-13
12
-8
2
4
-9
12
-13
10
-5
-1
7
-11
13
-12
8
-2
-4
10
-13
13
-10
5
1
-7
12
-13
12
-8
3
4
-10
13
-14
11
-6
0
6
-11
14
-13
9
-3
-3
9
-13
14
-12
7
-1
-6
11
-14
14
-11
5
2
-8
13
-14
13
-9
3
4
-10
14
-15
12
-7
0
6
-12
15
-14
11
-5
-2
8
-13
15
-14
9
-3
-4
10
-15
15
-13
8
-1
-6
12
-15
16
-12
7
1
-8
13
-16
15
-11
5
2
-9
14
-16
15
-10
3
4
-11
15
-16
14
-9
2
6
-12
16
-16
13
-7
0
7
-13
16
-16
13
-6
-1
8
-14
16
-16
12
-5
-2
9
-14
17
-15
11
-4
-3
10
-15
17
-15
10
-3
-4
11
-15
16
-15
10
-3
-5
11
-15
16
-14
9
-2
-5
11
-15
16
-14
8
-2
-6
11
-15
16
-13
8
-1
-6
12
-15
16
-13
8
-1
-6
12
-15
15
-13
8
-1
-6
11
-15
15
-13
8
-1
-5
11
-14
15
-13
8
-1
-5
11
-14
15
-12
8
-2
-4
10
-13
14
-12
8
-2
-4
9
-13
14
-13
8
-3
-3
9
-12
14
-12
9
-3
-2
8
-12
13
-12
9
-4
-1
7
-11
13
-12
10
-5
0
6
-10
12
-12
10
-6
0
5
-9
12
-13
10
-7
2
3
-8
11
-12
11
-8
3
2
-7
10
-12
11
-9
4
1
-6
9
-12
11
-10
5
-1
-4
8
-11
11
-10
7
-2
-2
7
-10
12
-11
8
-4
-1
5
-9
11
-11
9
-6
1
3
-8
10
-11
10
-8
4
1
-6
9
-11
11
-9
6
-1
-4
7
-10
11
-10
7
-4
-1
5
-9
11
-11
9
-6
2
3
-7
10
-11
11
-8
4
0
-5
8
-11
11
-10
7
-3
-2
6
-10
11
-12
9
-6
1
3
-8
10
-12
11
-9
5
0
-4
9
-11
12
-11
8
-4
-1
6
-9
12
-12
11
-8
3
2
-7
10
-12
12
-11
7
-3
-3
7
-11
13
-13
10
-7
2
3
-8
12
-13
13
-11
6
-1
-4
9
-12
14
-13
10
-6
1
4
-9
13
-14
13
-11
6
-1
-5
10
-13
14
-14
11
-6
1
5
-10
13
-15
14
-11
7
-1
-4
10
-13
15
-14
12
-7
2
4
-10
13
-15
15
-12
8
-2
-4
9
-13
16
-15
13
-9
3
3
-9
13
-16
16
-14
10
-4
-2
8
-13
16
-16
14
-10
5
1
-7
12
-15
16
-15
11
-6
0
6
-11
15
-16
16
-13
8
-2
-4
10
-14
16
-16
14
-9
4
3
-8
13
-16
16
-14
11
-5
-1
7
-12
15
-16
15
-12
7
-1
-5
10
-14
16
-16
13
-9
4
2
-8
13
-15
16
-14
11
-6
0
6
-11
14
-16
15
-12
8
-3
-3
8
-12
15
-15
13
-10
5
0
-6
10
-14
15
-14
12
-8
3
3
-8
12
-14
15
-13
10
-5
0
5
-10
13
-14
14
-12
8
-3
-2
6
-11
13
-14
13
-10
6
-1
-4
8
-11
13
-13
12
-9
4
0
-5
9
-12
13
-13
10
-7
3
2
-6
10
-12
13
-12
10
-6
2
3
-7
10
-12
12
-11
9
-5
1
3
-7
10
-12
12
-11
8
-4
0
4
-7
10
-12
12
-10
8
-4
0
4
-8
10
-12
11
-10
7
-4
0
4
-7
10
-11
12
-10
8
-4
0
4
-7
10
-11
11
-10
8
-5
1
3
-7
9
-11
11
-11
8
-5
1
2
-6
9
-11
12
-11
9
-6
3
2
-5
8
-10
12
-11
10
-7
4
0
-4
7
-10
11
-12
11
-9
5
-2
-2
6
-9
11
-12
12
-10
7
-3
0
4
-8
10
-12
12
-11
9
-6
2
2
-6
9
-11
13
-12
11
-8
4
-1
-4
7
-11
12
-13
12
-10
7
-3
-1
5
-8
12
-13
14
-12
10
-7
2
2
-6
10
-13
14
-14
12
-10
6
-2
-3
7
-11
13
-14
14
-13
10
-6
1
3
-8
11
-14
15
-15
13
-10
6
-1
-4
8
-12
14
-16
15
-14
10
-6
1
4
-8
12
-15
16
-16
14
-11
6
-2
-4
8
-12
15
-17
16
-14
11
-7
2
3
-8
12
-15
17
-17
15
-12
8
-3
-2
7
-11
15
-17
17
-16
13
-9
4
1
-6
11
-14
17
-17
17
-14
11
-6
1
5
-9
13
-16
18
-17
15
-12
8
-3
-3
8
-12
15
-17
18
-16
14
-10
5
0
-5
10
-14
17
-18
17
-15
12
-7
2
3
-8
12
-15
17
-18
16
-14
10
-5
0
5
-10
13
-16
17
-17
15
-12
8
-3
-2
7
-11
14
-16
17
-16
14
-11
7
-2
-3
8
-12
14
-16
17
-16
13
-10
5
-1
-4
8
-12
15
-16
16
-15
13
-9
5
0
-4
9
-12
14
-16
16
-14
12
-9
4
0
-4
8
-12
14
-15
15
-14
12
-9
4
0
-4
8
-11
14
-15
15
-14
12
-9
5
-1
-3
7
-10
13
-14
15
-14
12
-9
6
-2
-2
6
-9
12
-14
15
-14
13
-10
7
-3
-1
5
-8
11
-13
14
-14
13
-11
8
-5
1
3
-6
10
-12
13
-14
13
-12
9
-7
3
0
-4
8
-10
12
-13
14
-13
11
-9
6
-2
-1
5
-8
11
-12
14
-13
13
-11
8
-5
2
2
-5
8
-11
13
-13
14
-12
11
-8
5
-2
-2
5
-8
11
-13
13
-14
13
-11
9
-6
2
1
-5
8
-10
12
-13
14
-13
12
-10
7
-3
0
4
-6
10
-12
14
-14
14
-13
11
-8
5
-2
-2
5
-8
11
-13
14
-14
14
-12
10
-7
4
-1
-3
6
-10
12
-14
15
-15
14
-12
10
-7
3
0
-4
7
-10
13
-14
15
-15
14
-12
10
-7
3
1
-4
8
-11
13
-15
15
-16
14
-13
10
-7
4
1
-4
8
-11
13
-15
16
-16
15
-13
11
-8
4
-1
-4
7
-10
13
-15
16
-16
16
-14
12
-9
6
-2
-2
6
-9
12
-14
16
-16
16
-15
13
-10
7
-4
0
4
-8
11
-14
15
-16
16
-16
14
-12
9
-6
2
2
-5
9
-12
14
-16
16
-16
15
-14
11
-8
5
-1
-3
6
-9
12
-14
16
-16
16
-15
13
-11
7
-5
1
3
-6
9
-12
14
-15
16
-16
15
-13
11
-8
4
-1
-2
6
-9
11
-13
15
-15
15
-14
13
-11
8
-5
2
1
-5
8
-10
12
-14
15
-15
14
-13
11
-9
6
-3
0
3
-6
9
-11
13
-14
14
-14
13
-12
10
-7
5
-2
-1
4
-7
9
-11
12
-13
13
-13
12
-11
9
-6
4
-1
-2
4
-7
9
-11
12
-13
13
-13
11
-10
8
-6
3
-1
-2
4
-6
9
-10
11
-12
12
-12
11
-10
8
-6
4
-1
-1
3
-6
8
-9
11
-11
12
-12
11
-10
9
-7
5
-3
0
2
-4
6
-8
10
-11
11
-12
11
-11
10
-8
6
-5
2
0
-2
4
-6
8
-10
11
-11
12
-11
11
-10
8
-7
5
-3
1
2
-4
6
-8
9
-10
11
-11
12
-11
11
-9
8
-6
4
-2
0
2
-5
6
-8
10
-11
12
-12
12
-11
11
-10
8
-6
4
-2
0
2
-4
6
-8
10
-11
12
-12
12
-12
11
-11
9
-8
5
-4
1
1
-3
5
-7
9
-10
12
-12
13
-13
13
-12
11
-10
8
-6
4
-2
-1
3
-6
7
-10
11
-13
13
-14
14
-14
13
-12
11
-9
7
-5
2
0
-2
5
-7
9
-11
13
-14
15
-15
15
-15
14
-13
11
-9
7
-5
2
1
-3
6
-8
10
-12
14
-15
16
-16
16
-16
15
-14
12
-10
8
-5
3
0
-2
5
-7
10
-12
14
-15
16
-17
17
-17
16
-15
14
-12
10
-8
5
-2
-1
3
-6
8
-11
13
-15
16
-17
18
-18
18
-17
16
-14
12
-10
8
-5
3
0
-3
6
-8
11
-13
15
-16
17
-18
18
-18
18
-17
15
-14
12
-9
7
-4
1
1
-4
7
-9
11
-13
15
-17
18
-18
18
-18
18
-17
15
-14
12
-9
7
-5
2
1
-3
6
-8
11
-12
15
-16
17
-17
18
-18
18
-17
16
-14
12
-11
8
-6
3
-1
-2
4
-6
8
-11
12
-14
15
-16
17
-17
17
-17
16
-15
14
-12
11
-8
7
-4
2
1
-3
5
-7
9
-11
12
-14
15
-16
16
-16
16
-16
15
-14
13
-12
10
-8
6
-4
2
0
-2
4
-6
8
-10
11
-12
13
-14
15
-15
15
-15
15
-14
13
-12
10
-9
7
-5
4
-2
0
2
-4
6
-7
9
-10
11
-12
13
-14
14
-14
14
-14
14
-13
12
-11
10
-8
7
-5
3
-2
0
2
-3
5
-6
8
-9
10
-11
12
-13
13
-14
14
-14
13
-13
12
-11
11
-9
8
-7
6
-4
3
-1
-1
2
-4
5
-6
8
-9
10
-11
12
-12
13
-13
13
-13
13
-13
12
-12
11
-10
9
-8
7
-5
4
-3
1
0
-1
3
-4
6
-7
8
-9
10
-11
12
-12
13
-13
14
-13
14
-13
13
-12
12
-11
10
-9
8
-7
6
-5
3
-2
1
1
-2
4
-5
6
-7
9
-10
11
-11
12
-13
13
-14
14
-14
14
-14
14
-14
13
-13
12
-11
10
-9
8
-7
6
-4
3
-2
0
1
-2
4
-5
6
-8
9
-10
11
-12
13
-13
14
-14
15
-15
16
-15
16
-15
15
-14
14
-13
13
-12
11
-10
9
-8
6
-5
4
-3
1
0
-1
3
-4
6
-7
8
-9
10
-11
12
-13
14
-14
15
-16
16
-16
17
-16
16
-16
16
-16
15
-15
14
-13
12
-11
10
-9
8
-7
6
-4
3
-2
1
1
-2
3
-5
6
-7
8
-9
10
-11
12
-13
14
-14
15
-15
16
-16
16
-17
17
-17
16
-16
16
-16
15
-15
14
-13
12
-12
11
-10
9
-8
7
-6
5
-3
2
-1
0
1
-2
3
-4
6
-6
7
-8
9
-10
11
-12
12
-13
14
-14
15
-15
15
-15
16
-15
16
-15
15
-15
15
-15
14
-14
13
-13
12
-11
11
-10
9
-9
8
-7
6
-5
4
-4
2
-2
1
0
-1
2
-3
4
-4
5
-6
7
-7
8
-9
9
-10
10
-11
11
-12
12
-13
13
-13
13
-14
13
-14
13
-14
13
-13
13
-13
13
-12
12
-12
12
-11
11
-10
10
-9
9
-8
8
-7
7
-6
6
-5
4
-4
3
-3
2
-1
1
0
-1
1
-2
2
-3
4
-4
5
-5
6
-6
7
-7
7
-8
8
-9
9
-10
10
-10
10
-11
11
-11
11
-11
12
-12
12
-12
12
-12
12
-12
12
-12
12
-12
12
-12
12
-12
12
-12
12
-12
11
-11
11
-11
10
-11
10
-10
10
-10
9
-9
8
-9
8
-8
7
-7
7
-7
6
-6
6
-5
5
-4
5
-4
4
-3
3
-3
2
-2
2
-2
1
-1
0
0
0
1
-1
1
-1
2
-2
2
-3
3
-4
3
-4
4
-5
5
-5
5
-6
6
-6
6
-7
7
-7
7
-8
8
-8
8
-9
9
-9
9
-10
10
-10
10
-11
11
-10
8
-12
8
-11
10
-7
20
8
39
26
57
41
65
36
47
6
9
-35
-27
-60
-31
-38
18
30
96
103
150
121
120
40
-3
-110
-156
-238
-230
-236
-142
-69
80
172
294
313
324
210
94
-117
-275
-461
-521
-546
-407
-233
67
327
612
746
809
655
416
9
-381
-796
-1030
-1138
-957
-614
-36
563
1190
1589
1776
1549
1025
133
-872
-1932
-2709
-3119
-2866
-1983
-349
1797
4354
6974
9347
11160
12191
12298
11490
9893
7795
5550
3561
2169
1649
2125
3576
5775
8370
10895
12897
13939
13722
12090
9124
5084
416
-4365
-8694
-12081
-14139
-14704
-13813
-11741
-8895
-5815
-3040
-1080
-269
-761
-2457
-5086
-8183
-11213
-13589
-14837
-14620
-12842
-9603
-5237
-226
4817
9299
12692
14660
15048
13945
11635
8603
5407
2624
717
22
649
2508
5268
8455
11491
13837
15011
14714
12827
9497
5062
44
-4983
-9418
-12768
-14666
-14991
-13831
-11511
-8484
-5312
-2543
-672
-16
-680
-2548
-5303
-8477
-11513
-13843
-14996
-14671
-12778
-9451
-5024
0
5024
9451
12778
14671
14996
13843
11513
8477
5303
2548
680
16
672
2543
5309
8485
11510
13834
14994
14678
12784
9446
5016
0
-5016
-9446
-12784
-14678
-14994
-13834
-11510
-8485
-5309
-2543
-672
-16
-680
-2548
-5303
-8477
-11513
-13843
-14996
-14671
-12778
-9451
-5024
0
5024
9451
12778
14671
14996
13843
11513
8477
5303
2548
680
16
672
2543
5309
8485
11510
13834
14994
14678
12784
9446
5016
0
-5016
-9446
-12784
-14678
-14994
-13834
-11510
-8485
-5309
-2543
-672
-16
-680
-2548
-5303
-8477
-11513
-13843
-14996
-14671
-12778
-9451
-5024
0
5024
9451
12778
14671
14996
13843
11513
8477
5303
2548
680
16
672
2543
5309
8485
11510
13834
14994
14678
12784
9446
5016
0
-5016
-9446
-12784
-14678
-14994
-13834
-11510
-8485
-5309
-2543
-672
-16
-680
-2548
-5303
-8477
-11513
-13843
-14996
-14671
-12778
-9451
-5024
0
5024
9451
12778
14671
14996
13843
11513
8477
5303
2548
680
16
672
2543
5309
8485
11510
13834
14994
14678
12784
9446
5016
0
-5016
-9446
-12784
-14678
-14994
-13834
-11510
-8485
-5309
-2543
-672
-16
-680
-2548
-5303
-8477
-11513
-13843
-14996
-14671
-12778
-9451
-5024
0
5024
9451
12778
14671
14996
13843
11513
8477
5303
2548
680
16
672
2543
5309
8485
11510
13834
14994
14678
12784
9446
5016
0
-5016
-9446
-12784
-14678
-14994
-13834
-11510
-8485
-5309
-2543
-672
-16
-680
-2548
-5303
-8477
-11513
-13843
-14996
-14671
-12778
-9451
-5024
0
5024
9451
12778
14671
14996
13843
11513
8477
5303
2548
680
16
672
2543
5309
8485
11510
13834
14994
14678
12784
9446
5016
0
-5016
-9446
-12784
-14678
-14994
-13834
-11510
-8485
-5309
-2543
-672
-16
-680
-2548
-5303
-8477
-11513
-13843
-14996
-14671
-12778
-9451
-5024
0
5024
9451
12778
14671
14996
13843
11513
8477
5303
2548
680
16
672
2543
5309
8485
11510
13834
14994
14678
12784
9446
5016
0
-5016
-9446
-12784
-14678
-14994
-13834
-11510
-8485
-5309
-2543
-672
-16
-680
-2548
-5303
-8477
-11513
-13843
-14996
-14671
-12778
-9451
-5024
0
5024
9451
12778
14671
14996
13843
11513
8477
5303
2548
680
16
672
2543
5309
8485
11510
13834
14994
14678
12784
9446
5016
0
-5016
-9446
-12784
-14678
-14994
-13834
-11510
-8485
-5309
-2543
-672
-16
-680
-2548
-5303
-8477
-11513
-13843
-14996
-14671
-12778
-9451
-5024
0
5024
9451
12778
14671
14996
13843
11513
8477
5303
2548
680
16
672
2543
5309
8485
11510
13834
14994
14678
12784
9446
5016
0
-5016
-9446
-12784
-14678
-14994
-13834
-11510
-8485
-5309
-2543
-672
-16
-680
-2548
-5303
-8477
-11513
-13843
-14996
-14671
-12778
-9451
-5024
0
5024
9451
12778
14671
14996
13843
11513
8477
5303
2548
680
16
672
2543
5309
8485
11510
13834
14994
14678
12784
9446
5016
0
-5016
-9446
-12784
-14678
-14994
-13834
-11510
-8485
-5309
-2543
-672
-16
-680
-2548
-5303
-8477
-11513
-13843
-14996
-14671
-12778
-9451
-5024
0
5024
9451
12778
14671
14996
13843
11513
8477
5303
2548
680
16
672
2543
5309
8485
11510
13834
14994
14678
12784
9446
5016
0
-5016
-9446
-12784
-14678
-14994
-13834
-11510
-8485
-5309
-2543
-672
-16
-680
-2548
-5303
-8477
-11513
-13843
-14996
-14671
-12778
-9451
-5024
0
5024
9451
12778
14671
14996
13843
11513
8477
5303
2548
680
16
672
2543
5309
8485
11510
13834
14994
14678
12784
9446
5016
0
-5016
-9446
-12784
-14678
-14994
-13834
-11510
-8485
-5309
-2543
-672
-16
-680
-2548
-5303
-8477
-11513
-13843
-14996
-14671
-12778
-9451
-5024
0
5024
9451
12778
14671
14996
13843
11513
8477
5303
2548
680
16
672
2543
5309
8485
11510
13834
14994
14678
12784
9446
5016
0
-5016
-9446
-12784
-14678
-14994
-13834
-11510
-8485
-5309
-2543
-672
-16
-680
-2548
-5303
-8477
-11513
-13843
-14996
-14671
-12778
-9451
-5024
0
5024
9451
12778
14671
14996
13843
11513
8477
5303
2548
680
16
672
2543
5309
8485
11510
13834
14994
14678
12784
9446
5016
0
-5016
-9446
-12784
-14678
-14994
-13834
-11510
-8485
-5309
-2543
-672
-16
-680
-2548
-5303
-8477
-11513
-13843
-14996
-14671
-12778
-9451
-5024
0
5024
9451
12778
14671
14996
13843
11513
8477
5303
2548
680
16
672
2543
5309
8485
11510
13834
14994
14678
12784
9446
5016
0
-5016
-9446
-12784
-14678
-14994
-13834
-11510
-8485
-5309
-2543
-672
-16
-680
-2548
-5303
-8477
-11513
-13843
-14996
-14671
-12778
-9451
-5024
0
5024
9451
12778
14671
14996
13843
11513
8477
5303
2548
680
16
672
2543
5309
8485
11510
13834
14994
14678
12784
9446
5016
0
-5016
-9446
-12784
-14678
-14994
-13834
-11510
-8485
-5309
-2543
-672
-16
-680
-2548
-5303
-8477
-11513
-13843
-14996
-14671
-12778
-9451
-5024
0
5024
9451
12778
14671
14996
13843
11513
8477
5303
2548
680
16
672
2543
5309
8485
11510
13834
14994
14678
12784
9446
5016
0
-5016
-9446
-12784
-14678
-14994
-13834
-11510
-8485
-5309
-2543
-672
-16
-680
-2548
-5303
-8477
-11513
-13843
-14996
-14671
-12778
-9451
-5024
0
5024
9451
12778
14671
14996
13843
11513
8477
5303
2548
680
16
672
2543
5309
8485
11510
13834
14994
14678
12784
9446
5016
0
-5016
-9446
-12784
-14678
-14994
-13834
-11510
-8485
-5309
-2543
-672
-16
-680
-2548
-5303
-8477
-11513
-13843
-14996
-14671
-12778
-9451
-5024
0
5024
9451
12778
14671
14996
13843
11513
8477
5303
2548
680
16
672
2543
5309
8485
11510
13834
14994
14678
12784
9446
5016
0
-5016
-9446
-12784
-14678
-14994
-13834
-11510
-8485
-5309
-2543
-672
-16
-680
-2548
-5303
-8477
-11513
-13843
-14996
-14671
-12778
-9451
-5024
0
5024
9451
12778
14671
14996
13843
11513
8477
5303
2548
680
16
672
2543
5309
8485
11510
13834
14994
14678
12784
9446
5016
0
-5016
-9446
-12784
-14678
-14994
-13834
-11510
-8485
-5309
-2543
-672
-16
-680
-2548
-5303
-8477
-11513
-13843
-14996
-14671
-12778
-9451
-5024
0
5024
9451
12778
14671
14996
13843
11513
8477
5303
2548
680
16
672
2543
5309
8485
11510
13834
14994
14678
12784
9446
5016
0
-5016
-9446
-12784
-14678
-14994
-13834
-11510
-8485
-5309
-2543
-672
-16
-680
-2548
-5303
-8477
-11513
-13843
-14996
-14671
-12778
-9451
-5024
0
5024
9451
12778
14671
14996
13843
11513
8477
5303
2548
680
16
672
2543
5309
8485
11510
13834
14994
14678
12784
9446
5016
0
-5016
-9446
-12784
-14678
-14994
-13834
-11510
-8485
-5309
-2543
-672
-16
-680
-2548
-5303
-8477
-11513
-13843
-14996
-14671
-12778
-9451
-5024
0
5024
9451
12778
14671
14996
13843
11513
8477
5303
2548
680
16
672
2543
5309
8485
11510
13834
14994
14678
12784
9446
5016
0
-5016
-9446
-12784
-14678
-14994
-13834
-11510
-8485
-5309
-2543
-672
-16
-680
-2548
-5303
-8477
-11513
-13843
-14996
-14671
-12778
-9451
-5024
0
5024
9451
12778
14671
14996
13843
11513
8477
5303
2548
680
16
672
2543
5309
8485
11510
13834
14994
14678
12784
9446
5016
0
-5016
-9446
-12784
-14678
-14994
-13834
-11510
-8485
-5309
-2543
-672
-16
-680
-2548
-5303
-8477
-11513
-13843
-14996
-14671
-12778
-9451
-5024
0
5024
9451
12778
14671
14996
13843
11513
8477
5303
2548
680
16
672
2543
5309
8485
11510
13834
14994
14678
12784
9446
5016
0
-5016
-9446
-12784
-14678
-14994
-13834
-11510
-8485
-5309
-2543
-672
-16
-680
-2548
-5303
-8477
-11513
-13843
-14996
-14671
-12778
-9451
-5024
0
5024
9451
12778
14671
14996
13843
11513
8477
5303
2548
680
16
672
2543
5309
8485
11510
13834
14994
14678
12784
9446
5016
0
-5016
-9446
-12784
-14678
-14994
-13834
-11510
-8485
-5309
-2543
-672
-16
-680
-2548
-5303
-8477
-11513
-13843
-14996
-14671
-12778
-9451
-5024
0
5024
9451
12778
14671
14996
13843
11513
8477
5303
2548
680
16
672
2543
5309
8485
11510
13834
14994
14678
12784
9446
5016
0
-5016
-9446
-12784
-14678
-14994
-13834
-11510
-8485
-5309
-2543
-672
-16
-680
-2548
-5303
-8477
-11513
-13843
-14996
-14671
-12778
-9451
-5024
0
5024
9451
12778
14671
14996
13843
11513
8477
5303
2548
680
16
672
2543
5309
8485
11510
13834
14994
14678
12784
9446
5016
0
-5016
-9446
-12784
-14678
-14994
-13834
-11510
-8485
-5309
-2543
-672
-16
-680
-2548
-5303
-8477
-11513
-13843
-14996
-14671
-12778
-9451
-5024
0
5024
9451
12778
14671
14996
13843
11513
8477
5303
2548
680
16
672
2543
5309
8485
11510
13834
14994
14678
12784
9446
5016
0
-5016
-9446
-12784
-14678
-14994
-13834
-11510
-8485
-5309
-2543
-672
-16
-680
-2548
-5303
-8477
-11513
-13843
-14996
-14671
-12778
-9451
-5024
0
5024
9451
12778
14671
14996
13843
11513
8477
5303
2548
680
16
672
2543
5309
8485
11510
13834
14994
14678
12784
9446
5016
0
-5016
-9446
-12784
-14678
-14994
-13834
-11510
-8485
-5309
-2543
-672
-16
-680
-2548
-5303
-8477
-11513
-13843
-14996
-14671
-12778
-9451
-5024
0
5024
9451
12778
14671
14996
13843
11513
8477
5303
2548
680
16
672
2543
5309
8485
11510
13834
14994
14678
12784
9446
5016
0
-5016
-9446
-12784
-14678
-14994
-13834
-11510
-8485
-5309
-2543
-672
-16
-680
-2548
-5303
-8477
-11513
-13843
-14996
-14671
-12778
-9451
-5024
0
5024
9451
12778
14671
14996
13843
11513
8477
5303
2548
680
16
672
2543
5309
8485
11510
13834
14994
14678
12784
9446
5016
0
-5016
-9446
-12784
-14678
-14994
-13834
-11510
-8485
-5309
-2543
-672
-16
-680
-2548
-5303
-8477
-11513
-13843
-14996
-14671
-12778
-9451
-5024
0
5024
9451
12778
14671
14996
13843
11513
8477
5303
2548
680
16
672
2543
5309
8485
11510
13834
14994
14678
12784
9446
5016
0
-5016
-9446
-12784
-14678
-14994
-13834
-11510
-8485
-5309
-2543
-672
-16
-680
-2548
-5303
-8477
-11513
-13843
-14996
-14671
-12778
-9451
-5024
0
5024
9451
12778
14671
14996
13843
11513
8477
5303
2548
680
16
672
2543
5309
8485
11510
13834
14994
14678
12784
9446
5016
0
-5016
-9446
-12784
-14678
-14994
-13834
-11510
-8485
-5309
-2543
-672
-16
-680
-2548
-5303
-8477
-11513
-13843
-14996
-14671
-12778
-9451
-5024
0
5024
9451
12778
14671
14996
13843
11513
8477
5303
2548
680
16
672
2543
5309
8485
11510
13834
14994
14678
12784
9446
5016
0
-5016
-9446
-12784
-14678
-14994
-13834
-11510
-8485
-5309
-2543
-672
-16
-680
-2548
-5303
-8477
-11513
-13843
-14996
-14671
-12778
-9451
-5024
0
5024
9451
12778
14671
14996
13843
11513
8477
5303
2548
680
16
672
2543
5309
8485
11510
13834
14994
14678
12784
9446
5016
0
-5016
-9446
-12784
-14678
-14994
-13834
-11510
-8485
-5309
-2543
-672
-16
-680
-2548
-5303
-8477
-11513
-13843
-14996
-14671
-12778
-9451
-5024
0
5024
9451
12778
14671
14996
13843
11513
8477
5303
2548
680
16
672
2543
5309
8485
11510
13834
14994
14678
12784
9446
5016
0
-5016
-9446
-12784
-14678
-14994
-13834
-11510
-8485
-5309
-2543
-672
-16
-680
-2548
-5303
-8477
-11513
-13843
-14996
-14671
-12778
-9451
-5024
0
5024
9451
12778
14671
14996
13843
11513
8477
5303
2548
680
16
672
2543
5309
8485
11510
13834
14994
14678
12784
9446
5016
0
-5016
-9446
-12784
-14678
-14994
-13834
-11510
-8485
-5309
-2543
-672
-16
-680
-2548
-5303
-8477
-11513
-13843
-14996
-14671
-12778
-9451
-5024
0
5024
9451
12778
14671
14996
13843
11513
8477
5303
2548
680
16
672
2543
5309
8485
11510
13834
14994
14678
12784
9446
5016
0
-5016
-9446
-12784
-14678
-14994
-13834
-11510
-8485
-5309
-2543
-672
-16
-680
-2548
-5303
-8477
-11513
-13843
-14996
-14671
-12778
-9451
-5024
0
5024
9451
12778
14671
14996
13843
11513
8477
5303
2548
680
16
672
2543
5309
8485
11510
13834
14994
14678
12784
9446
5016
0
-5016
-9446
-12784
-14678
-14994
-13834
-11510
-8485
-5309
-2543
-672
-16
-680
-2548
-5303
-8477
-11513
-13843
-14996
-14671
-12778
-9451
-5024
0
5024
9451
12778
14671
14996
13843
11513
8477
5303
2548
680
16
672
2543
5309
8485
11510
13834
14994
14678
12784
9446
5016
0
-5016
-9446
-12784
-14678
-14994
-13834
-11510
-8485
-5309
-2543
-672
-16
-680
-2548
-5303
-8477
-11513
-13843
-14996
-14671
-12778
-9451
-5024
0
5024
9451
12778
14671
14996
13843
11513
8477
5303
2548
680
16
672
2543
5309
8485
11510
13834
14994
14678
12784
9446
5016
0
-5016
-9446
-12784
-14678
-14994
-13834
-11510
-8485
-5309
-2543
-672
-16
-680
-2548
-5303
-8477
-11513
-13843
-14996
-14671
-12778
-9451
-5024
0
5024
9451
12778
14671
14996
13843
11513
8477
5303
2548
680
16
672
2543
5309
8485
11510
13834
14994
14678
12784
9446
5016
0
-5016
-9446
-12784
-14678
-14994
-13834
-11510
-8485
-5309
-2543
-672
-16
-680
-2548
-5303
-8477
-11513
-13843
-14996
-14671
-12778
-9451
-5024
0
5024
9451
12778
14671
14996
13843
11513
8477
5303
2548
680
16
672
2543
5309
8485
11510
13834
14994
14678
12784
9446
5016
0
-5016
-9446
-12784
-14678
-14994
-13834
-11510
-8485
-5309
-2543
-672
-16
-680
-2548
-5303
-8477
-11513
-13843
-14996
-14671
-12778
-9451
-5024
0
5024
9451
12778
14671
14996
13843
11513
8477
5303
2548
680
16
672
2543
5309
8485
11510
13834
14994
14678
12784
9446
5016
0
-5016
-9446
-12784
-14678
-14994
-13834
-11510
-8485
-5309
-2543
-672
-16
-680
-2548
-5303
-8477
-11513
-13843
-14996
-14671
-12778
-9451
-5024
0
5024
9451
12778
14671
14996
13843
11513
8477
5303
2548
680
16
672
2543
5309
8485
11510
13834
14994
14678
12784
9446
5016
0
-5016
-9446
-12784
-14678
-14994
-13834
-11510
-8485
-5309
-2543
-672
-16
-680
-2548
-5303
-8477
-11513
-13843
-14996
-14671
-12778
-9451
-5024
0
5024
9451
12778
14671
14996
13843
11513
8477
5303
2548
680
16
672
2543
5309
8485
11510
13834
14994
14678
12784
9446
5016
0
-5016
-9446
-12784
-14678
-14994
-13834
-11510
-8485
-5309
-2543
-672
-16
-680
-2548
-5303
-8477
-11513
-13843
-14996
-14671
-12778
-9451
-5024
0
5024
9451
12778
14671
14996
13843
11513
8477
5303
2548
680
16
672
2543
5309
8485
11510
13834
14994
14678
12784
9446
5016
0
-5016
-9446
-12784
-14678
-14994
-13834
-11510
-8485
-5309
-2543
-672
-16
-680
-2548
-5303
-8477
-11513
-13843
-14996
-14671
-12778
-9451
-5024
0
5024
9451
12778
14671
14996
13843
11513
8477
5303
2548
680
16
672
2543
5309
8485
11510
13834
14994
14678
12784
9446
5016
0
-5016
-9446
-12784
-14678
-14994
-13834
-11510
-8485
-5309
-2543
-672
-16
-680
-2548
-5303
-8477
-11513
-13843
-14996
-14671
-12778
-9451
-5024
0
5024
9451
12778
14671
14996
13843
11513
8477
5303
2548
680
16
672
2543
5309
8485
11510
13834
14994
14678
12784
9446
5016
0
-5016
-9446
-12784
-14678
-14994
-13834
-11510
-8485
-5309
-2543
-672
-16
-680
-2548
-5303
-8477
-11513
-13843
-14996
-14671
-12778
-9451
-5024
0
5024
9451
12778
14671
14996
13843
11513
8477
5303
2548
680
16
672
2543
5309
8485
11510
13834
14994
14678
12784
9446
5016
0
-5016
-9446
-12784
-14678
-14994
-13834
-11510
-8485
-5309
-2543
-672
-16
-680
-2548
-5303
-8477
-11513
-13843
-14996
-14671
-12778
-9451
-5024
0
5024
9451
12778
14671
14996
13843
11513
8477
5303
2548
680
16
672
2543
5309
8485
11510
13834
14994
14678
12784
9446
5016
0
-5016
-9446
-12784
-14678
-14994
-13834
-11510
-8485
-5309
-2543
-672
-16
-680
-2548
-5303
-8477
-11513
-13843
-14996
-14671
-12778
-9451
-5024
0
5024
9451
12778
14671
14996
13843
11513
8477
5303
2548
680
16
672
2543
5309
8485
11510
13834
14994
14678
12784
9446
5016
0
-5016
-9446
-12784
-14678
-14994
-13834
-11510
-8485
-5309
-2543
-672
-16
-680
-2548
-5303
-8477
-11513
-13843
-14996
-14671
-12778
-9451
-5024
0
5024
9451
12778
14671
14996
13843
11513
8477
5303
2548
680
16
672
2543
5309
8485
11510
13834
14994
14678
12784
9446
5016
0
-5016
-9446
-12784
-14678
-14994
-13834
-11510
-8485
-5309
-2543
-672
-16
-680
-2548
-5303
-8477
-11513
-13843
-14996
-14671
-12778
-9451
-5024
0
5024
9451
12778
14671
14996
13843
11513
8477
5303
2548
680
16
672
2543
5309
8485
11510
13834
14994
14678
12784
9446
5016
0
-5016
-9446
-12784
-14678
-14994
-13834
-11510
-8485
-5309
-2543
-672
-16
-680
-2548
-5303
-8477
-11513
-13843
-14996
-14671
-12778
-9451
-5024
0
5024
9451
12778
14671
14996
13843
11513
8477
5303
2548
680
16
672
2543
5309
8485
11510
13834
14994
14678
12784
9446
5016
0
-5016
-9446
-12784
-14678
-14994
-13834
-11510
-8485
-5309
-2543
-672
-16
-680
-2548
-5303
-8477
-11513
-13843
-14996
-14671
-12778
-9451
-5024
0
5024
9451
12778
14671
14996
13843
11513
8477
5303
2548
680
16
672
2543
5309
8485
11510
13834
14994
14678
12784
9446
5016
0
-5016
-9446
-12784
-14678
-14994
-13834
-11510
-8485
-5309
-2543
-672
-16
-680
-2548
-5303
-8477
-11513
-13843
-14996
-14671
-12778
-9451
-5024
0
5024
9451
12778
14671
14996
13843
11513
8477
5303
2548
680
16
672
2543
5309
8485
11510
13834
14994
14678
12784
9446
5016
0
-5016
-9446
-12784
-14678
-14994
-13834
-11510
-8485
-5309
-2543
-672
-16
-680
-2548
-5303
-8477
-11513
-13843
-14996
-14671
-12778
-9451
-5024
0
5024
9451
12778
14671
14996
13843
11513
8477
5303
2548
680
16
672
2543
5309
8485
11510
13834
14994
14678
12784
9446
5016
0
-5016
-9446
-12784
-14678
-14994
-13834
-11510
-8485
-5309
-2543
-672
-16
-680
-2548
-5303
-8477
-11513
-13843
-14996
-14671
-12778
-9451
-5024
0
5024
9451
12778
14671
14996
13843
11513
8477
5303
2548
680
16
672
2543
5309
8485
11510
13834
14994
14678
12784
9446
5016
0
-5016
-9446
-12784
-14678
-14994
-13834
-11510
-8485
-5309
-2543
-672
-16
-680
-2548
-5303
-8477
-11513
-13843
-14996
-14671
-12778
-9451
-5024
0
5024
9451
12778
14671
14996
13843
11513
8477
5303
2548
680
16
672
2543
5309
8485
11510
13834
14994
14678
12784
9446
5016
0
-5016
-9446
-12784
-14678
-14994
-13834
-11510
-8485
-5309
-2543
-672
-16
-680
-2548
-5303
-8477
-11513
-13843
-14996
-14671
-12778
-9451
-5024
0
5024
9451
12778
14671
14996
13843
11513
8477
5303
2548
680
16
672
2543
5309
8485
11510
13834
14994
14678
12784
9446
5016
0
-5016
-9446
-12784
-14678
-14994
-13834
-11510
-8485
-5309
-2543
-672
-16
-680
-2548
-5303
-8477
-11513
-13843
-14996
-14671
-12778
-9451
-5024
0
5024
9451
12778
14671
14996
13843
11513
8477
5303
2548
680
16
672
2543
5309
8485
11510
13834
14994
14678
12784
9446
5016
0
-5016
-9446
-12784
-14678
-14994
-13834
-11510
-8485
-5309
-2543
-672
-16
-680
-2548
-5303
-8477
-11513
-13843
-14996
-14671
-12778
-9451
-5024
0
5024
9451
12778
14671
14996
13843
11513
8477
5303
2548
680
16
672
2543
5309
8485
11510
13834
14994
14678
12784
9446
5016
0
-5016
-9446
-12784
-14678
-14994
-13834
-11510
-8485
-5309
-2543
-672
-16
-680
-2548
-5303
-8477
-11513
-13843
-14996
-14671
-12778
-9451
-5024
0
5024
9451
12778
14671
14996
13843
11513
8477
5303
2548
680
16
672
2543
5309
8485
11510
13834
14994
14678
12784
9446
5016
0
-5016
-9446
-12784
-14678
-14994
-13834
-11510
-8485
-5309
-2543
-672
-16
-680
-2548
-5303
-8477
-11513
-13843
-14996
-14671
-12778
-9451
-5024
0
5024
9451
12778
14671
14996
13843
11513
8477
5303
2548
680
16
672
2543
5309
8485
11510
13834
14994
14678
12784
9446
5016
0
-5016
-9446
-12784
-14678
-14994
-13834
-11510
-8485
-5309
-2543
-672
-16
-680
-2548
-5303
-8477
-11513
-13843
-14996
-14671
-12778
-9451
-5024
0
5024
9451
12778
14671
14996
13843
11513
8477
5303
2548
680
16
672
2543
5309
8485
11510
13834
14994
14678
12784
9446
5016
0
-5016
-9446
-12784
-14678
-14994
-13834
-11510
-8485
-5309
-2543
-672
-16
-680
-2548
-5303
-8477
-11513
-13843
-14996
-14671
-12778
-9451
-5024
0
5024
9451
12778
14671
14996
13843
11513
8477
5303
2548
680
16
672
2543
5309
8485
11510
13834
14994
14678
12784
9446
5016
0
-5016
-9446
-12784
-14678
-14994
-13834
-11510
-8485
-5309
-2543
-672
-16
-680
-2548
-5303
-8477
-11513
-13843
-14996
-14671
-12778
-9451
-5024
0
5024
9451
12778
14671
14996
13843
11513
8477
5303
2548
680
16
672
2543
5309
8485
11510
13834
14994
14678
12784
9446
5016
0
-5016
-9446
-12784
-14678
-14994
-13834
-11510
-8485
-5309
-2543
-672
-16
-680
-2548
-5303
-8477
-11513
-13843
-14996
-14671
-12778
-9451
-5024
0
5024
9451
12778
14671
14996
13843
11513
8477
5303
2548
680
16
672
2543
5309
8485
11510
13834
14994
14678
12784
9446
5016
0
-5016
-9446
-12784
-14678
-14994
-13834
-11510
-8485
-5309
-2543
-672
-16
-680
-2548
-5303
-8477
-11513
-13843
-14996
-14671
-12778
-9451
-5024
0
5024
9451
12778
14671
14996
13843
11513
8477
5303
2548
680
16
672
2543
5309
8485
11510
13834
14994
14678
12784
9446
5016
0
-5016
-9446
-12784
-14678
-14994
-13834
-11510
-8485
-5309
-2543
-672
-16
-680
-2548
-5303
-8477
-11513
-13843
-14996
-14671
-12778
-9451
-5024
0
5024
9451
12778
14671
14996
13843
11513
8477
5303
2548
680
16
672
2543
5309
8485
11510
13834
14994
14678
12784
9446
5016
0
-5016
-9446
-12784
-14678
-14994
-13834
-11510
-8485
-5309
-2543
-672
-16
-680
-2548
-5303
-8477
-11513
-13843
-14996
-14671
-12778
-9451
-5024
0
5024
9451
12778
14671
14996
13843
11513
8477
5303
2548
680
16
672
2543
5309
8485
11510
13834
14994
14678
12784
9446
5016
0
-5016
-9446
-12784
-14678
-14994
-13834
-11510
-8485
-5309
-2543
-672
-16
-680
-2548
-5303
-8477
-11513
-13843
-14996
-14671
-12778
-9451
-5024
0
5024
9451
12778
14671
14996
13843
11513
8477
5303
2548
680
16
672
2543
5309
8485
11510
13834
14994
14678
12784
9446
5016
0
-5016
-9446
-12784
-14678
-14994
-13834
-11510
-8485
-5309
-2543
-672
-16
-680
-2548
-5303
-8477
-11513
-13843
-14996
-14671
-12778
-9451
-5024
0
5024
9451
12778
14671
14996
13843
11513
8477
5303
2548
680
16
672
2543
5309
8485
11510
13834
14994
14678
12784
9446
5016
0
-5016
-9446
-12784
-14678
-14994
-13834
-11510
-8485
-5309
-2543
-672
-16
-680
-2548
-5303
-8477
-11513
-13843
-14996
-14671
-12778
-9451
-5024
0
5024
9451
12778
14671
14996
13843
11513
8477
5303
2548
680
16
672
2543
5309
8485
11510
13834
14994
14678
12784
9446
5016
0
-5016
-9446
-12784
-14678
-14994
-13834
-11510
-8485
-5309
-2543
-672
-16
-680
-2548
-5303
-8477
-11513
-13843
-14996
-14671
-12778
-9451
-5024
0
5024
9451
12778
14671
14996
13843
11513
8477
5303
2548
680
16
672
2543
5309
8485
11510
13834
14994
14678
12784
9446
5016
0
-5016
-9446
-12784
-14678
-14994
-13834
-11510
-8485
-5309
-2543
-672
-16
-680
-2548
-5303
-8477
-11513
-13843
-14996
-14671
-12778
-9451
-5024
0
5024
9451
12778
14671
14996
13843
11513
8477
5303
2548
680
16
672
2543
5309
8485
11510
13834
14994
14678
12784
9446
5016
0
-5016
-9446
-12784
-14678
-14994
-13834
-11510
-8485
-5309
-2543
-672
-16
-680
-2548
-5303
-8477
-11513
-13843
-14996
-14671
-12778
-9451
-5024
0
5024
9451
12778
14671
14996
13843
11513
8477
5303
2548
680
16
672
2543
5309
8485
11510
13834
14994
14678
12784
9446
5016
0
-5016
-9446
-12784
-14678
-14994
-13834
-11510
-8485
-5309
-2543
-672
-16
-680
-2548
-5303
-8477
-11513
-13843
-14996
-14671
-12778
-9451
-5024
0
5024
9451
12778
14671
14996
13843
11513
8477
5303
2548
680
16
672
2543
5309
8485
11510
13834
14994
14678
12784
9446
5016
0
-5016
-9446
-12784
-14678
-14994
-13834
-11510
-8485
-5309
-2543
-672
-16
-680
-2548
-5303
-8477
-11513
-13843
-14996
-14671
-12778
-9451
-5024
0
5024
9451
12778
14671
14996
13843
11513
8477
5303
2548
680
16
672
2543
5309
8485
11510
13834
14994
14678
12784
9446
5016
0
-5016
-9446
-12784
-14678
-14994
-13834
-11510
-8485
-5309
-2543
-672
-16
-680
-2548
-5303
-8477
-11513
-13843
-14996
-14671
-12778
-9451
-5024
0
5024
9451
12778
14671
14996
13843
11513
8477
5303
2548
680
16
672
2543
5309
8485
11510
13834
14994
14678
12784
9446
5016
0
-5016
-9446
-12784
-14678
-14994
-13834
-11510
-8485
-5309
-2543
-672
-16
-680
-2548
-5303
-8477
-11513
-13843
-14996
-14671
-12778
-9451
-5024
0
5024
9451
12778
14671
14996
13843
11513
8477
5303
2548
680
16
672
2543
5309
8485
11510
13834
14994
14678
12784
9446
5016
0
-5016
-9446
-12784
-14678
-14994
-13834
-11510
-8485
-5309
-2543
-672
-16
-680
-2548
-5303
-8477
-11513
-13843
-14996
-14671
-12778
-9451
-5024
0
5024
9451
12778
14671
14996
13843
11513
8477
5303
2548
680
16
672
2543
5309
8485
11510
13834
14994
14678
12784
9446
5016
0
-5016
-9446
-12784
-14678
-14994
-13834
-11510
-8485
-5309
-2543
-672
-16
-680
-2548
-5303
-8477
-11513
-13843
-14996
-14671
-12778
-9451
-5024
0
5024
9451
12778
14671
14996
13843
11513
8477
5303
2548
680
16
672
2543
5309
8485
11510
13834
14994
14678
12784
9446
5016
0
-5016
-9446
-12784
-14678
-14994
-13834
-11510
-8485
-5309
-2543
-672
-16
-680
-2548
-5303
-8477
-11513
-13843
-14996
-14671
-12778
-9451
-5024
0
5024
9451
12778
14671
14996
13843
11513
8477
5303
2548
680
16
672
2543
5309
8485
11510
13834
14994
14678
12784
9446
5016
0
-5016
-9446
-12784
-14678
-14994
-13834
-11510
-8485
-5309
-2543
-672
-16
-680
-2548
-5303
-8477
-11513
-13843
-14996
-14671
-12778
-9451
-5024
0
5024
9451
12778
14671
14996
13843
11513
8477
5303
2548
680
16
672
2543
5309
8485
11510
13834
14994
14678
12784
9446
5016
0
-5016
-9446
-12784
-14678
-14994
-13834
-11510
-8485
-5309
-2543
-672
-16
-680
-2548
-5303
-8477
-11513
-13843
-14996
-14671
-12778
-9451
-5024
0
5024
9451
12778
14671
14996
13843
11513
8477
5303
2548
680
16
672
2543
5309
8485
11510
13834
14994
14678
12784
9446
5016
0
-5016
-9446
-12784
-14678
-14994
-13834
-11510
-8485
-5309
-2543
-672
-16
-680
-2548
-5303
-8477
-11513
-13843
-14996
-14671
-12778
-9451
-5024
0
5024
9451
12778
14671
14996
13843
11513
8477
5303
2548
680
16
672
2543
5309
8485
11510
13834
14994
14678
12784
9446
5016
0
-5016
-9446
-12784
-14678
-14994
-13834
-11510
-8485
-5309
-2543
-672
-16
-680
-2548
-5303
-8477
-11513
-13843
-14996
-14671
-12778
-9451
-5024
0
5024
9451
12778
14671
14996
13843
11513
8477
5303
2548
680
16
672
2543
5309
8485
11510
13834
14994
14678
12784
9446
5016
0
-5016
-9446
-12784
-14678
-14994
-13834
-11510
-8485
-5309
-2543
-672
-16
-680
-2548
-5303
-8477
-11513
-13843
-14996
-14671
-12778
-9451
-5024
0
5024
9451
12778
14671
14996
13843
11513
8477
5303
2548
680
16
672
2543
5309
8485
11510
13834
14994
14678
12784
9446
5016
0
-5016
-9446
-12784
-14678
-14994
-13834
-11510
-8485
-5309
-2543
-672
-16
-680
-2548
-5303
-8477
-11513
-13843
-14996
-14671
-12778
-9451
-5024
0
5024
9451
12778
14671
14996
13843
11513
8477
5303
2548
680
16
672
2543
5309
8485
11510
13834
14994
14678
12784
9446
5016
0
-5016
-9446
-12784
-14678
-14994
-13834
-11510
-8485
-5309
-2543
-672
-16
-680
-2548
-5303
-8477
-11513
-13843
-14996
-14671
-12778
-9451
-5024
0
5024
9451
12778
14671
14996
13843
11513
8477
5303
2548
680
16
672
2543
5309
8485
11510
13834
14994
14678
12784
9446
5016
0
-5016
-9446
-12784
-14678
-14994
-13834
-11510
-8485
-5309
-2543
-672
-16
-680
-2548
-5303
-8477
-11513
-13843
-14996
-14671
-12778
-9451
-5024
0
5024
9451
12778
14671
14996
13843
11513
8477
5303
2548
680
16
672
2543
5309
8485
11510
13834
14994
14678
12784
9446
5016
0
-5016
-9446
-12784
-14678
-14994
-13834
-11510
-8485
-5309
-2543
-672
-16
-680
-2548
-5303
-8477
-11513
-13843
-14996
-14671
-12778
-9451
-5024
0
5024
9451
12778
14671
14996
13843
11513
8477
5303
2548
680
16
672
2543
5309
8485
11510
13834
14994
14678
12784
9446
5016
0
-5016
-9446
-12784
-14678
-14994
-13834
-11510
-8485
-5309
-2543
-672
-16
-680
-2548
-5303
-8477
-11513
-13843
-14996
-14671
-12778
-9451
-5024
0
5024
9451
12778
14671
14996
13843
11513
8477
5303
2548
680
16
672
2543
5309
8485
11510
13834
14994
14678
12784
9446
5016
0
-5016
-9446
-12784
-14678
-14994
-13834
-11510
-8485
-5309
-2543
-672
-16
-680
-2548
-5303
-8477
-11513
-13843
-14996
-14671
-12778
-9451
-5024
0
5024
9451
12778
14671
14996
13843
11513
8477
5303
2548
680
16
672
2543
5309
8485
11510
13834
14994
14678
12784
9446
5016
0
-5016
-9446
-12784
-14678
-14994
-13834
-11510
-8485
-5309
-2543
-672
-16
-680
-2548
-5303
-8477
-11513
-13843
-14996
-14671
-12778
-9451
-5024
0
5024
9451
12778
14671
14996
13843
11513
8477
5303
2548
680
16
672
2543
5309
8485
11510
13834
14994
14678
12784
9446
5016
0
-5016
-9446
-12784
-14678
-14994
-13834
-11510
-8485
-5309
-2543
-672
-16
-680
-2548
-5303
-8477
-11513
-13843
-14996
-14671
-12778
-9451
-5024
0
5024
9451
12778
14671
14996
13843
11513
8477
5303
2548
680
16
672
2543
5309
8485
11510
13834
14994
14678
12784
9446
5016
0
-5016
-9446
-12784
-14678
-14994
-13834
-11510
-8485
-5309
-2543
-672
-16
-680
-2548
-5303
-8477
-11513
-13843
-14996
-14671
-12778
-9451
-5024
0
5024
9451
12778
14671
14996
13843
11513
8477
5303
2548
680
16
672
2543
5309
8485
11510
13834
14994
14678
12784
9446
5016
0
-5016
-9446
-12784
-14678
-14994
-13834
-11510
-8485
-5309
-2543
-672
-16
-680
-2548
-5303
-8477
-11513
-13843
-14996
-14671
-12778
-9451
-5024
0
5024
9451
12778
14671
14996
13843
11513
8477
5303
2548
680
16
672
2543
5309
8485
11510
13834
14994
14678
12784
9446
5016
0
-5016
-9446
-12784
-14678
-14994
-13834
-11510
-8485
-5309
-2543
-672
-16
-680
-2548
-5303
-8477
-11513
-13843
-14996
-14671
-12778
-9451
-5024
0
5024
9451
12778
14671
14996
13843
11513
8477
5303
2548
680
16
672
2543
5309
8485
11510
13834
14994
14678
12784
9446
5016
0
-5016
-9446
-12784
-14678
-14994
-13834
-11510
-8485
-5309
-2543
-672
-16
-680
-2548
-5303
-8477
-11513
-13843
-14996
-14671
-12778
-9451
-5024
0
5024
9451
12778
14671
14996
13843
11513
8477
5303
2548
680
16
672
2543
5309
8485
11510
13834
14994
14678
12784
9446
5016
0
-5016
-9446
-12784
-14678
-14994
-13834
-11510
-8485
-5309
-2543
-672
-16
-680
-2548
-5303
-8477
-11513
-13843
-14996
-14671
-12778
-9451
-5024
0
5024
9451
12778
14671
14996
13843
11513
8477
5303
2548
680
16
672
2543
5309
8485
11510
13834
14994
14678
12784
9446
5016
0
-5016
-9446
-12784
-14678
-14994
-13834
-11510
-8485
-5309
-2543
-672
-16
-680
-2548
-5303
-8477
-11513
-13843
-14996
-14671
-12778
-9451
-5024
0
5024
9451
12778
14671
14996
13843
11513
8477
5303
2548
680
16
672
2543
5309
8485
11510
13834
14994
14678
12784
9446
5016
0
-5016
-9446
-12784
-14678
-14994
-13834
-11510
-8485
-5309
-2543
-672
-16
-680
-2548
-5303
-8477
-11513
-13843
-14996
-14671
-12778
-9451
-5024
0
5024
9451
12778
14671
14996
13843
11513
8477
5303
2548
680
16
672
2543
5309
8485
11510
13834
14994
14678
12784
9446
5016
0
-5016
-9446
-12784
-14678
-14994
-13834
-11510
-8485
-5309
-2543
-672
-16
-680
-2548
-5303
-8477
-11513
-13843
-14996
-14671
-12778
-9451
-5024
0
5024
9451
12778
14671
14996
13843
11513
8477
5303
2548
680
16
672
2543
5309
8485
11510
13834
14994
14678
12784
9446
5016
0
-5016
-9446
-12784
-14678
-14994
-13834
-11510
-8485
-5309
-2543
-672
-16
-680
-2548
-5303
-8477
-11513
-13843
-14996
-14671
-12778
-9451
-5024
0
5024
9451
12778
14671
14996
13843
11513
8477
5303
2548
680
16
672
2543
5309
8485
11510
13834
14994
14678
12784
9446
5016
0
-5016
-9446
-12784
-14678
-14994
-13834
-11510
-8485
-5309
-2543
-672
-16
-680
-2548
-5303
-8477
-11513
-13843
-14996
-14671
-12778
-9451
-5024
0
5024
9451
12778
14671
14996
13843
11513
8477
5303
2548
680
16
672
2543
5309
8485
11510
13834
14994
14678
12784
9446
5016
0
-5016
-9446
-12784
-14678
-14994
-13834
-11510
-8485
-5309
-2543
-672
-16
-680
-2548
-5303
-8477
-11513
-13843
-14996
-14671
-12778
-9451
-5024
0
5024
9451
12778
14671
14996
13843
11513
8477
5303
2548
680
16
672
2543
5309
8485
11510
13834
14994
14678
12784
9446
5016
0
-5016
-9446
-12784
-14678
-14994
-13834
-11510
-8485
-5309
-2543
-672
-16
-680
-2548
-5303
-8477
-11513
-13843
-14996
-14671
-12778
-9451
-5024
0
5024
9451
12778
14671
14996
13843
11513
8477
5303
2548
680
16
672
2543
5309
8485
11510
13834
14994
14678
12784
9446
5016
0
-5016
-9446
-12784
-14678
-14994
-13834
-11510
-8485
-5309
-2543
-672
-16
-680
-2548
-5303
-8477
-11513
-13843
-14996
-14671
-12778
-9451
-5024
0
5024
9451
12778
14671
14996
13843
11513
8477
5303
2548
680
16
672
2543
5309
8485
11510
13834
14994
14678
12784
9446
5016
0
-5016
-9446
-12784
-14678
-14994
-13834
-11510
-8485
-5309
-2543
-672
-16
-680
-2548
-5303
-8477
-11513
-13843
-14996
-14671
-12778
-9451
-5024
0
5024
9451
12778
14671
14996
13843
11513
8477
5303
2548
680
16
672
2543
5309
8485
11510
13834
14994
14678
12784
9446
5016
0
-5016
-9446
-12784
-14678
-14994
-13834
-11510
-8485
-5309
-2543
-672
-16
-680
-2548
-5303
-8477
-11513
-13843
-14996
-14671
-12778
-9451
-5024
0
5024
9451
12778
14671
14996
13843
11513
8477
5303
2548
680
16
672
2543
5309
8485
11510
13834
14994
14678
12784
9446
5016
0
-5016
-9446
-12784
-14678
-14994
-13834
-11510
-8485
-5309
-2543
-672
-16
-680
-2548
-5303
-8477
-11513
-13843
-14996
-14671
-12778
-9451
-5024
0
5024
9451
12778
14671
14996
13843
11513
8477
5303
2548
680
16
672
2543
5309
8485
11510
13834
14994
14678
12784
9446
5016
0
-5016
-9446
-12784
-14678
-14994
-13834
-11510
-8485
-5309
-2543
-672
-16
-680
-2548
-5303
-8477
-11513
-13843
-14996
-14671
-12778
-9451
-5024
0
5024
9451
12778
14671
14996
13843
11513
8477
5303
2548
680
16
672
2543
5309
8485
11510
13834
14994
14678
12784
9446
5016
0
-5016
-9446
-12784
-14678
-14994
-13834
-11510
-8485
-5309
-2543
-672
-16
-680
-2548
-5303
-8477
-11513
-13843
-14996
-14671
-12778
-9451
-5024
0
5024
9451
12778
14671
14996
13843
11513
8477
5303
2548
680
16
672
2543
5309
8485
11510
13834
14994
14678
12784
9446
5016
0
-5016
-9446
-12784
-14678
-14994
-13834
-11510
-8485
-5309
-2543
-672
-16
-680
-2548
-5303
-8477
-11513
-13843
-14996
-14671
-12778
-9451
-5024
0
5024
9451
12778
14671
14996
13843
11513
8477
5303
2548
680
16
672
2543
5309
8485
11510
13834
14994
14678
12784
9446
5016
0
-5016
-9446
-12784
-14678
-14994
-13834
-11510
-8485
-5309
-2543
-672
-16
-680
-2548
-5303
-8477
-11513
-13843
-14996
-14671
-12778
-9451
-5024
0
5024
9451
12778
14671
14996
13843
11513
8477
5303
2548
680
16
672
2543
5309
8485
11510
13834
14994
14678
12784
9446
5016
0
-5016
-9446
-12784
-14678
-14994
-13834
-11510
-8485
-5309
-2543
-672
-16
-680
-2548
-5303
-8477
-11513
-13843
-14996
-14671
-12778
-9451
-5024
0
5024
9451
12778
14671
14996
13843
11513
8477
5303
2548
680
16
672
2543
5309
8485
11510
13834
14994
14678
12784
9446
5016
0
-5016
-9446
-12784
-14678
-14994
-13834
-11510
-8485
-5309
-2543
-672
-16
-680
-2548
-5303
-8477
-11513
-13843
-14996
-14671
-12778
-9451
-5024
0
5024
9451
12778
14671
14996
13843
11513
8477
5303
2548
680
16
672
2543
5309
8485
11510
13834
14994
14678
12784
9446
5016
0
-5016
-9446
-12784
-14678
-14994
-13834
-11510
-8485
-5309
-2543
-672
-16
-680
-2548
-5303
-8477
-11513
-13843
-14996
-14671
-12778
-9451
-5024
0
5024
9451
12778
14671
14996
13843
11513
8477
5303
2548
680
16
672
2543
5309
8485
11510
13834
14994
14678
12784
9446
5016
0
-5016
-9446
-12784
-14678
-14994
-13834
-11510
-8485
-5309
-2543
-672
-16
-680
-2548
-5303
-8477
-11513
-13843
-14996
-14671
-12778
-9451
-5024
0
5024
9451
12778
14671
14996
13843
11513
8477
5303
2548
680
16
672
2543
5309
8485
11510
13834
14994
14678
12784
9446
5016
0
-5016
-9446
-12784
-14678
-14994
-13834
-11510
-8485
-5309
-2543
-672
-16
-680
-2548
-5303
-8477
-11513
-13843
-14996
-14671
-12778
-9451
-5024
0
5024
9451
12778
14671
14996
13843
11513
8477
5303
2548
680
16
672
2543
5309
8485
11510
13834
14994
14678
12784
9446
5016
0
-5016
-9446
-12784
-14678
-14994
-13834
-11510
-8485
-5309
-2543
-672
-16
-680
-2548
-5303
-8477
-11513
-13843
-14996
-14671
-12778
-9451
-5024
0
5024
9451
12778
14671
14996
13843
11513
8477
5303
2548
680
16
672
2543
5309
8485
11510
13834
14994
14678
12784
9446
5016
0
-5016
-9446
-12784
-14678
-14994
-13834
-11510
-8485
-5309
-2543
-672
-16
-680
-2548
-5303
-8477
-11513
-13843
-14996
-14671
-12778
-9451
-5024
0
5024
9451
12778
14671
14996
13843
11513
8477
5303
2548
680
16
672
2543
5309
8485
11510
13834
14994
14678
12784
9446
5016
0
-5016
-9446
-12784
-14678
-14994
-13834
-11510
-8485
-5309
-2543
-672
-16
-680
-2548
-5303
-8477
-11513
-13843
-14996
-14671
-12778
-9451
-5024
0
5024
9451
12778
14671
14996
13843
11513
8477
5303
2548
680
16
672
2543
5309
8485
11510
13834
14994
14678
12784
9446
5016
0
-5016
-9446
-12784
-14678
-14994
-13834
-11510
-8485
-5309
-2543
-672
-16
-680
-2548
-5303
-8477
-11513
-13843
-14996
-14671
-12778
-9451
-5024
0
5024
9451
12778
14671
14996
13843
11513
8477
5303
2548
680
16
672
2543
5309
8485
11510
13834
14994
14678
12784
9446
5016
0
-5016
-9446
-12784
-14678
-14994
-13834
-11510
-8485
-5309
-2543
-672
-16
-680
-2548
-5303
-8477
-11513
-13843
-14996
-14671
-12778
-9451
-5024
0
5024
9451
12778
14671
14996
13843
11513
8477
5303
2548
680
16
672
2543
5309
8485
11510
13834
14994
14678
12784
9446
5016
0
-5016
-9446
-12784
-14678
-14994
-13834
-11510
-8485
-5309
-2543
-672
-16
-680
-2548
-5303
-8477
-11513
-13843
-14996
-14671
-12778
-9451
-5024
0
5024
9451
12778
14671
14996
13843
11513
8477
5303
2548
680
16
672
2543
5309
8485
11510
13834
14994
14678
12784
9446
5016
0
-5016
-9446
-12784
-14678
-14994
-13834
-11510
-8485
-5309
-2543
-672
-16
-680
-2548
-5303
-8477
-11513
-13843
-14996
-14671
-12778
-9451
-5024
0
5024
9451
12778
14671
14996
13843
11513
8477
5303
2548
680
16
672
2543
5309
8485
11510
13834
14994
14678
12784
9446
5016
0
-5016
-9446
-12784
-14678
-14994
-13834
-11510
-8485
-5309
-2543
-672
-16
-680
-2548
-5303
-8477
-11513
-13843
-14996
-14671
-12778
-9451
-5024
0
5024
9451
12778
14671
14996
13843
11513
8477
5303
2548
680
16
672
2543
5309
8485
11510
13834
14994
14678
12784
9446
5016
0
-5016
-9446
-12784
-14678
-14994
-13834
-11510
-8485
-5309
-2543
-672
-16
-680
-2548
-5303
-8477
-11513
-13843
-14996
-14671
-12778
-9451
-5024
0
5024
9451
12778
14671
14996
13843
11513
8477
5303
2548
680
16
672
2543
5309
8485
11510
13834
14994
14678
12784
9446
5016
0
-5016
-9446
-12784
-14678
-14994
-13834
-11510
-8485
-5309
-2543
-672
-16
-680
-2548
-5303
-8477
-11513
-13843
-14996
-14671
-12778
-9451
-5024
0
5024
9451
12778
14671
14996
13843
11513
8477
5303
2548
680
16
672
2543
5309
8485
11510
13834
14994
14678
12784
9446
5016
0
-5016
-9446
-12784
-14678
-14994
-13834
-11510
-8485
-5309
-2543
-672
-16
-680
-2548
-5303
-8477
-11513
-13843
-14996
-14671
-12778
-9451
-5024
0
5024
9451
12778
14671
14996
13843
11513
8477
5303
2548
680
16
672
2543
5309
8485
11510
13834
14994
14678
12784
9446
5016
0
-5016
-9446
-12784
-14678
-14994
-13834
-11510
-8485
-5309
-2543
-672
-16
-680
-2548
-5303
-8477
-11513
-13843
-14996
-14671
-12778
-9451
-5024
0
5024
9451
12778
14671
14996
13843
11513
8477
5303
2548
680
16
672
2543
5309
8485
11510
13834
14994
14678
12784
9446
5016
0
-5016
-9446
-12784
-14678
-14994
-13834
-11510
-8485
-5309
-2543
-672
-16
-680
-2548
-5303
-8477
-11513
-13843
-14996
-14671
-12778
-9451
-5024
0
5024
9451
12778
14671
14996
13843
11513
8477
5303
2548
680
16
672
2543
5309
8485
11510
13834
14994
14678
12784
9446
5016
0
-5016
-9446
-12784
-14678
-14994
-13834
-11510
-8485
-5309
-2543
-672
-16
-680
-2548
-5303
-8477
-11513
-13843
-14996
-14671
-12778
-9451
-5024
0
5024
9451
12778
14671
14996
13843
11513
8477
5303
2548
680
16
672
2543
5309
8485
11510
13834
14994
14678
12784
9446
5016
0
-5016
-9446
-12784
-14678
-14994
-13834
-11510
-8485
-5309
-2543
-672
-16
-680
-2548
-5303
-8477
-11513
-13843
-14996
-14671
-12778
-9451
-5024
0
5024
9451
12778
14671
14996
13843
11513
8477
5303
2548
680
16
672
2543
5309
8485
11510
13834
14994
14678
12784
9446
5016
0
-5016
-9446
-12784
-14678
-14994
-13834
-11510
-8485
-5309
-2543
-672
-16
-680
-2548
-5303
-8477
-11513
-13843
-14996
-14671
-12778
-9451
-5024
0
5024
9451
12778
14671
14996
13843
11513
8477
5303
2548
680
16
672
2543
5309
8485
11510
13834
14994
14678
12784
9446
5016
0
-5016
-9446
-12784
-14678
-14994
-13834
-11510
-8485
-5309
-2543
-672
-16
-680
-2548
-5303
-8477
-11513
-13843
-14996
-14671
-12778
-9451
-5024
0
5024
9451
12778
14671
14996
13843
11513
8477
5303
2548
680
16
672
2543
5309
8485
11510
13834
14994
14678
12784
9446
5016
0
-5016
-9446
-12784
-14678
-14994
-13834
-11510
-8485
-5309
-2543
-672
-16
-680
-2548
-5303
-8477
-11513
-13843
-14996
-14671
-12778
-9451
-5024
0
5024
9451
12778
14671
14996
13843
11513
8477
5303
2548
680
16
672
2543
5309
8485
11510
13834
14994
14678
12784
9446
5016
0
-5016
-9446
-12784
-14678
-14994
-13834
-11510
-8485
-5309
-2543
-672
-16
-680
-2548
-5303
-8477
-11513
-13843
-14996
-14671
-12778
-9451
-5024
0
5024
9451
12778
14671
14996
13843
11513
8477
5303
2548
680
16
672
2543
5309
8485
11510
13834
14994
14678
12784
9446
5016
0
-5016
-9446
-12784
-14678
-14994
-13834
-11510
-8485
-5309
-2543
-672
-16
-680
-2548
-5303
-8477
-11513
-13843
-14996
-14671
-12778
-9451
-5024
0
5024
9451
12778
14671
14996
13843
11513
8477
5303
2548
680
16
672
2543
5309
8485
11510
13834
14994
14678
12784
9446
5016
0
-5016
-9446
-12784
-14678
-14994
-13834
-11510
-8485
-5309
-2543
-672
-16
-680
-2548
-5303
-8477
-11513
-13843
-14996
-14671
-12778
-9451
-5024
0
5024
9451
12778
14671
14996
13843
11513
8477
5303
2548
680
16
672
2543
5309
8485
11510
13834
14994
14678
12784
9446
5016
0
-5016
-9446
-12784
-14678
-14994
-13834
-11510
-8485
-5309
-2543
-672
-16
-680
-2548
-5303
-8477
-11513
-13843
-14996
-14671
-12778
-9451
-5024
0
5024
9451
12778
14671
14996
13843
11513
8477
5303
2548
680
16
672
2543
5309
8485
11510
13834
14994
14678
12784
9446
5016
0
-5016
-9446
-12784
-14678
-14994
-13834
-11510
-8485
-5309
-2543
-672
-16
-680
-2548
-5303
-8477
-11513
-13843
-14996
-14671
-12778
-9451
-5024
0
5024
9451
12778
14671
14996
13843
11513
8477
5303
2548
680
16
672
2543
5309
8485
11510
13834
14994
14678
12784
9446
5016
0
-5016
-9446
-12784
-14678
-14994
-13834
-11510
-8485
-5309
-2543
-672
-16
-680
-2548
-5303
-8477
-11513
-13843
-14996
-14671
-12778
-9451
-5024
0
5024
9451
12778
14671
14996
13843
11513
8477
5303
2548
680
16
672
2543
5309
8485
11510
13834
14994
14678
12784
9446
5016
0
-5016
-9446
-12784
-14678
-14994
-13834
-11510
-8485
-5309
-2543
-672
-16
-680
-2548
-5303
-8477
-11513
-13843
-14996
-14671
-12778
-9451
-5024
0
5024
9451
12778
14671
14996
13843
11513
8477
5303
2548
680
16
672
2543
5309
8485
11510
13834
14994
14678
12784
9446
5016
0
-5016
-9446
-12784
-14678
-14994
-13834
-11510
-8485
-5309
-2543
-672
-16
-680
-2548
-5303
-8477
-11513
-13843
-14996
-14671
-12778
-9451
-5024
0
5024
9451
12778
14671
14996
13843
11513
8477
5303
2548
680
16
672
2543
5309
8485
11510
13834
14994
14678
12784
9446
5016
0
-5016
-9446
-12784
-14678
-14994
-13834
-11510
-8485
-5309
-2543
-672
-16
-680
-2548
-5303
-8477
-11513
-13843
-14996
-14671
-12778
-9451
-5024
0
5024
9451
12778
14671
14996
13843
11513
8477
5303
2548
680
16
672
2543
5309
8485
11510
13834
14994
14678
12784
9446
5016
0
-5016
-9446
-12784
-14678
-14994
-13834
-11510
-8485
-5309
-2543
-672
-16
-680
-2548
-5303
-8477
-11513
-13843
-14996
-14671
-12778
-9451
-5024
0
5024
9451
12778
14671
14996
13843
11513
8477
5303
2548
680
16
672
2543
5309
8485
11510
13834
14994
14678
12784
9446
5016
0
-5016
-9446
-12784
-14678
-14994
-13834
-11510
-8485
-5309
-2543
-672
-16
-680
-2548
-5303
-8477
-11513
-13843
-14996
-14671
-12778
-9451
-5024
0
5024
9451
12778
14671
14996
13843
11513
8477
5303
2548
680
16
672
2543
5309
8485
11510
13834
14994
14678
12784
9446
5016
0
-5016
-9446
-12784
-14678
-14994
-13834
-11510
-8485
-5309
-2543
-672
-16
-680
-2548
-5303
-8477
-11513
-13843
-14996
-14671
-12778
-9451
-5024
0
5024
9451
12778
14671
14996
13843
11513
8477
5303
2548
680
16
672
2543
5309
8485
11510
13834
14994
14678
12784
9446
5016
0
-5016
-9446
-12784
-14678
-14994
-13834
-11510
-8485
-5309
-2543
-672
-16
-680
-2548
-5303
-8477
-11513
-13843
-14996
-14671
-12778
-9451
-5024
0
5024
9451
12778
14671
14996
13843
11513
8477
5303
2548
680
16
672
2543
5309
8485
11510
13834
14994
14678
12784
9446
5016
0
-5016
-9446
-12784
-14678
-14994
-13834
-11510
-8485
-5309
-2543
-672
-16
-680
-2548
-5303
-8477
-11513
-13843
-14996
-14671
-12778
-9451
-5024
0
5024
9451
12778
14671
14996
13843
11513
8477
5303
2548
680
16
672
2543
5309
8485
11510
13834
14994
14678
12784
9446
5016
0
-5016
-9446
-12784
-14678
-14994
-13834
-11510
-8485
-5309
-2543
-672
-16
-680
-2548
-5303
-8477
-11513
-13843
-14996
-14671
-12778
-9451
-5024
0
5024
9451
12778
14671
14996
13843
11513
8477
5303
2548
680
16
672
2543
5309
8485
11510
13834
14994
14678
12784
9446
5016
0
-5016
-9446
-12784
-14678
-14994
-13834
-11510
-8485
-5309
-2543
-672
-16
-680
-2548
-5303
-8477
-11513
-13843
-14996
-14671
-12778
-9451
-5024
0
5024
9451
12778
14671
14996
13843
11513
8477
5303
2548
680
16
672
2543
5309
8485
11510
13834
14994
14678
12784
9446
5016
0
-5016
-9446
-12784
-14678
-14994
-13834
-11510
-8485
-5309
-2543
-672
-16
-680
-2548
-5303
-8477
-11513
-13843
-14996
-14671
-12778
-9451
-5024
0
5024
9451
12778
14671
14996
13843
11513
8477
5303
2548
680
16
672
2543
5309
8485
11510
13834
14994
14678
12784
9446
5016
0
-5016
-9446
-12784
-14678
-14994
-13834
-11510
-8485
-5309
-2543
-672
-16
-680
-2548
-5303
-8477
-11513
-13843
-14996
-14671
-12778
-9451
-5024
0
5024
9451
12778
14671
14996
13843
11513
8477
5303
2548
680
16
672
2543
5309
8485
11510
13834
14994
14678
12784
9446
5016
0
-5016
-9446
-12784
-14678
-14994
-13834
-11510
-8485
-5309
-2543
-672
-16
-680
-2548
-5303
-8477
-11513
-13843
-14996
-14671
-12778
-9451
-5024
0
5024
9451
12778
14671
14996
13843
11513
8477
5303
2548
680
16
672
2543
5309
8485
11510
13834
14994
14678
12784
9446
5016
0
-5016
-9446
-12784
-14678
-14994
-13834
-11510
-8485
-5309
-2543
-672
-16
-680
-2548
-5303
-8477
-11513
-13843
-14996
-14671
-12778
-9451
-5024
0
5024
9451
12778
14671
14996
13843
11513
8477
5303
2548
680
16
672
2543
5309
8485
11510
13834
14994
14678
12784
9446
5016
0
-5016
-9446
-12784
-14678
-14994
-13834
-11510
-8485
-5309
-2543
-672
-16
-680
-2548
-5303
-8477
-11513
-13843
-14996
-14671
-12778
-9451
-5024
0
5024
9451
12778
14671
14996
13843
11513
8477
5303
2548
680
16
672
2543
5309
8485
11510
13834
14994
14678
12784
9446
5016
0
-5016
-9446
-12784
-14678
-14994
-13834
-11510
-8485
-5309
-2543
-672
-16
-680
-2548
-5303
-8477
-11513
-13843
-14996
-14671
-12778
-9451
-5024
0
5024
9451
12778
14671
14996
13843
11513
8477
5303
2548
680
16
672
2543
5309
8485
11510
13834
14994
14678
12784
9446
5016
0
-5016
-9446
-12784
-14678
-14994
-13834
-11510
-8485
-5309
-2543
-672
-16
-680
-2548
-5303
-8477
-11513
-13843
-14996
-14671
-12778
-9451
-5024
0
5024
9451
12778
14671
14996
13843
11513
8477
5303
2548
680
16
672
2543
5309
8485
11510
13834
14994
14678
12784
9446
5016
0
-5016
-9446
-12784
-14678
-14994
-13834
-11510
-8485
-5309
-2543
-672
-16
-680
-2548
-5303
-8477
-11513
-13843
-14996
-14671
-12778
-9451
-5024
0
5024
9451
12778
14671
14996
13843
11513
8477
5303
2548
680
16
672
2543
5309
8485
11510
13834
14994
14678
12784
9446
5016
0
-5016
-9446
-12784
-14678
-14994
-13834
-11510
-8485
-5309
-2543
-672
-16
-680
-2548
-5303
-8477
-11513
-13843
-14996
-14671
-12778
-9451
-5024
0
5024
9451
12778
14671
14996
13843
11513
8477
5303
2548
680
16
672
2543
5309
8485
11510
13834
14994
14678
12784
9446
5016
0
-5016
-9446
-12784
-14678
-14994
-13834
-11510
-8485
-5309
-2543
-672
-16
-680
-2548
-5303
-8477
-11513
-13843
-14996
-14671
-12778
-9451
-5024
0
5024
9451
12778
14671
14996
13843
11513
8477
5303
2548
680
16
672
2543
5309
8485
11510
13834
14994
14678
12784
9446
5016
0
-5016
-9446
-12784
-14678
-14994
-13834
-11510
-8485
-5309
-2543
-672
-16
-680
-2548
-5303
-8477
-11513
-13843
-14996
-14671
-12778
-9451
-5024
0
5024
9451
12778
14671
14996
13843
11513
8477
5303
2548
680
16
672
2543
5309
8485
11510
13834
14994
14678
12784
9446
5016
0
-5016
-9446
-12784
-14678
-14994
-13834
-11510
-8485
-5309
-2543
-672
-16
-680
-2548
-5303
-8477
-11513
-13843
-14996
-14671
-12778
-9451
-5024
0
5024
9451
12778
14671
14996
13843
11513
8477
5303
2548
680
16
672
2543
5309
8485
11510
13834
14994
14678
12784
9446
5016
0
-5016
-9446
-12784
-14678
-14994
-13834
-11510
-8485
-5309
-2543
-672
-16
-680
-2548
-5303
-8477
-11513
-13843
-14996
-14671
-12778
-9451
-5024
0
5024
9451
12778
14671
14996
13843
11513
8477
5303
2548
680
16
672
2543
5309
8485
11510
13834
14994
14678
12784
9446
5016
0
-5016
-9446
-12784
-14678
-14994
-13834
-11510
-8485
-5309
-2543
-672
-16
-680
-2548
-5303
-8477
-11513
-13843
-14996
-14671
-12778
-9451
-5024
0
5024
9451
12778
14671
14996
13843
11513
8477
5303
2548
680
16
672
2543
5309
8485
11510
13834
14994
14678
12784
9446
5016
0
-5016
-9446
-12784
-14678
-14994
-13834
-11510
-8485
-5309
-2543
-672
-16
-680
-2548
-5303
-8477
-11513
-13843
-14996
-14671
-12778
-9451
-5024
0
5024
9451
12778
14671
14996
13843
11513
8477
5303
2548
680
16
672
2543
5309
8485
11510
13834
14994
14678
12784
9446
5016
0
-5016
-9446
-12784
-14678
-14994
-13834
-11510
-8485
-5309
-2543
-672
-16
-680
-2548
-5303
-8477
-11513
-13843
-14996
-14671
-12778
-9451
-5024
0
5024
9451
12778
14671
14996
13843
11513
8477
5303
2548
680
16
672
2543
5309
8485
11510
13834
14994
14678
12784
9446
5016
0
-5016
-9446
-12784
-14678
-14994
-13834
-11510
-8485
-5309
-2543
-672
-16
-680
-2548
-5303
-8477
-11513
-13843
-14996
-14671
-12778
-9451
-5024
0
5024
9451
12778
14671
14996
13843
11513
8477
5303
2548
680
16
672
2543
5309
8485
11510
13834
14994
14678
12784
9446
5016
0
-5016
-9446
-12784
-14678
-14994
-13834
-11510
-8485
-5309
-2543
-672
-16
-680
-2548
-5303
-8477
-11513
-13843
-14996
-14671
-12778
-9451
-5024
0
5024
9451
12778
14671
14996
13843
11513
8477
5303
2548
680
16
672
2543
5309
8485
11510
13834
14994
14678
12784
9446
5016
0
-5016
-9446
-12784
-14678
-14994
-13834
-11510
-8485
-5309
-2543
-672
-16
-680
-2548
-5303
-8477
-11513
-13843
-14996
-14671
-12778
-9451
-5024
0
5024
9451
12778
14671
14996
13843
11513
8477
5303
2548
680
16
672
2543
5309
8485
11510
13834
14994
14678
12784
9446
5016
0
-5016
-9446
-12784
-14678
-14994
-13834
-11510
-8485
-5309
-2543
-672
-16
-680
-2548
-5303
-8477
-11513
-13843
-14996
-14671
-12778
-9451
-5024
0
5024
9451
12778
14671
14996
13843
11513
8477
5303
2548
680
16
672
2543
5309
8485
11510
13834
14994
14678
12784
9446
5016
0
-5016
-9446
-12784
-14678
-14994
-13834
-11510
-8485
-5309
-2543
-672
-16
-680
-2548
-5303
-8477
-11513
-13843
-14996
-14671
-12778
-9451
-5024
0
5024
9451
12778
14671
14996
13843
11513
8477
5303
2548
680
16
672
2543
5309
8485
11510
13834
14994
14678
12784
9446
5016
0
-5016
-9446
-12784
-14678
-14994
-13834
-11510
-8485
-5309
-2543
-672
-16
-680
-2548
-5303
-8477
-11513
-13843
-14996
-14671
-12778
-9451
-5024
0
5024
9451
12778
14671
14996
13843
11513
8477
5303
2548
680
16
672
2543
5309
8485
11510
13834
14994
14678
12784
9446
5016
0
-5016
-9446
-12784
-14678
-14994
-13834
-11510
-8485
-5309
-2543
-672
-16
-680
-2548
-5303
-8477
-11513
-13843
-14996
-14671
-12778
-9451
-5024
0
5024
9451
12778
14671
14996
13843
11513
8477
5303
2548
680
16
672
2543
5309
8485
11510
13834
14994
14678
12784
9446
5016
0
-5016
-9446
-12784
-14678
-14994
-13834
-11510
-8485
-5309
-2543
-672
-16
-680
-2548
-5303
-8477
-11513
-13843
-14996
-14671
-12778
-9451
-5024
0
5024
9451
12778
14671
14996
13843
11513
8477
5303
2548
680
16
672
2543
5309
8485
11510
13834
14994
14678
12784
9446
5016
0
-5016
-9446
-12784
-14678
-14994
-13834
-11510
-8485
-5309
-2543
-672
-16
-680
-2548
-5303
-8477
-11513
-13843
-14996
-14671
-12778
-9451
-5024
0
5024
9451
12778
14671
14996
13843
11513
8477
5303
2548
680
16
672
2543
5309
8485
11510
13834
14994
14678
12784
9446
5016
0
-5016
-9446
-12784
-14678
-14994
-13834
-11510
-8485
-5309
-2543
-672
-16
-680
-2548
-5303
-8477
-11513
-13843
-14996
-14671
-12778
-9451
-5024
0
5024
9451
12778
14671
14996
13843
11513
8477
5303
2548
680
16
672
2543
5309
8485
11510
13834
14994
14678
12784
9446
5016
0
-5016
-9446
-12784
-14678
-14994
-13834
-11510
-8485
-5309
-2543
-672
-16
-680
-2548
-5303
-8477
-11513
-13843
-14996
-14671
-12778
-9451
-5024
0
5024
9451
12778
14671
14996
13843
11513
8477
5303
2548
680
16
672
2543
5309
8485
11510
13834
14994
14678
12784
9446
5016
0
-5016
-9446
-12784
-14678
-14994
-13834
-11510
-8485
-5309
-2543
-672
-16
-680
-2548
-5303
-8477
-11513
-13843
-14996
-14671
-12778
-9451
-5024
0
5024
9451
12778
14671
14996
13843
11513
8477
5303
2548
680
16
672
2543
5309
8485
11510
13834
14994
14678
12784
9446
5016
0
-5016
-9446
-12784
-14678
-14994
-13834
-11510
-8485
-5309
-2543
-672
-16
-680
-2548
-5303
-8477
-11513
-13843
-14996
-14671
-12778
-9451
-5024
0
5024
9451
12778
14671
14996
13843
11513
8477
5303
2548
680
16
672
2543
5309
8485
11510
13834
14994
14678
12784
9446
5016
0
-5016
-9446
-12784
-14678
-14994
-13834
-11510
-8485
-5309
-2543
-672
-16
-680
-2548
-5303
-8477
-11513
-13843
-14996
-14671
-12778
-9451
-5024
0
5024
9451
12778
14671
14996
13843
11513
8477
5303
2548
680
16
672
2543
5309
8485
11510
13834
14994
14678
12784
9446
5016
0
-5016
-9446
-12784
-14678
-14994
-13834
-11510
-8485
-5309
-2543
-672
-16
-680
-2548
-5303
-8477
-11513
-13843
-14996
-14671
-12778
-9451
-5024
0
5024
9451
12778
14671
14996
13843
11513
8477
5303
2548
680
16
672
2543
5309
8485
11510
13834
14994
14678
12784
9446
5016
0
-5016
-9446
-12784
-14678
-14994
-13834
-11510
-8485
-5309
-2543
-672
-16
-680
-2548
-5303
-8477
-11513
-13843
-14996
-14671
-12778
-9451
-5024
0
5024
9451
12778
14671
14996
13843
11513
8477
5303
2548
680
16
672
2543
5309
8485
11510
13834
14994
14678
12784
9446
5016
0
-5016
-9446
-12784
-14678
-14994
-13834
-11510
-8485
-5309
-2543
-672
-16
-680
-2548
-5303
-8477
-11513
-13843
-14996
-14671
-12778
-9451
-5024
0
5024
9451
12778
14671
14996
13843
11513
8477
5303
2548
680
16
672
2543
5309
8485
11510
13834
14994
14678
12784
9446
5016
0
-5016
-9446
-12784
-14678
-14994
-13834
-11510
-8485
-5309
-2543
-672
-16
-680
-2548
-5303
-8477
-11513
-13843
-14996
-14671
-12778
-9451
-5024
0
5024
9451
12778
14671
14996
13843
11513
8477
5303
2548
680
16
672
2543
5309
8485
11510
13834
14994
14678
12784
9446
5016
0
-5016
-9446
-12784
-14678
-14994
-13834
-11510
-8485
-5309
-2543
-672
-16
-680
-2548
-5303
-8477
-11513
-13843
-14996
-14671
-12778
-9451
-5024
0
5024
9451
12778
14671
14996
13843
11513
8477
5303
2548
680
16
672
2543
5309
8485
11510
13834
14994
14678
12784
9446
5016
0
-5016
-9446
-12784
-14678
-14994
-13834
-11510
-8485
-5309
-2543
-672
-16
-680
-2548
-5303
-8477
-11513
-13843
-14996
-14671
-12778
-9451
-5024
0
5024
9451
12778
14671
14996
13843
11513
8477
5303
2548
680
16
672
2543
5309
8485
11510
13834
14994
14678
12784
9446
5016
0
-5016
-9446
-12784
-14678
-14994
-13834
-11510
-8485
-5309
-2543
-672
-16
-680
-2548
-5303
-8477
-11513
-13843
-14996
-14671
-12778
-9451
-5024
0
5024
9451
12778
14671
14996
13843
11513
8477
5303
2548
680
16
672
2543
5309
8485
11510
13834
14994
14678
12784
9446
5016
0
-5016
-9446
-12784
-14678
-14994
-13834
-11510
-8485
-5309
-2543
-672
-16
-680
-2548
-5303
-8477
-11513
-13843
-14996
-14671
-12778
-9451
-5024
0
5024
9451
12778
14671
14996
13843
11513
8477
5303
2548
680
16
672
2543
5309
8485
11510
13834
14994
14678
12784
9446
5016
0
-5016
-9446
-12784
-14678
-14994
-13834
-11510
-8485
-5309
-2543
-672
-16
-680
-2548
-5303
-8477
-11513
-13843
-14996
-14671
-12778
-9451
-5024
0
5024
9451
12778
14671
14996
13843
11513
8477
5303
2548
680
16
672
2543
5309
8485
11510
13834
14994
14678
12784
9446
5016
0
-5016
-9446
-12784
-14678
-14994
-13834
-11510
-8485
-5309
-2543
-672
-16
-680
-2548
-5303
-8477
-11513
-13843
-14996
-14671
-12778
-9451
-5024
0
5024
9451
12778
14671
14996
13843
11513
8477
5303
2548
680
16
672
2543
5309
8485
11510
13834
14994
14678
12784
9446
5016
0
-5016
-9446
-12784
-14678
-14994
-13834
-11510
-8485
-5309
-2543
-672
-16
-680
-2548
-5303
-8477
-11513
-13843
-14996
-14671
-12778
-9451
-5024
0
5024
9451
12778
14671
14996
13843
11513
8477
5303
2548
680
16
672
2543
5309
8485
11510
13834
14994
14678
12784
9446
5016
0
-5016
-9446
-12784
-14678
-14994
-13834
-11510
-8485
-5309
-2543
-672
-16
-680
-2548
-5303
-8477
-11513
-13843
-14996
-14671
-12778
-9451
-5024
0
5024
9451
12778
14671
14996
13843
11513
8477
5303
2548
680
16
672
2543
5309
8485
11510
13834
14994
14678
12784
9446
5016
0
-5016
-9446
-12784
-14678
-14994
-13834
-11510
-8485
-5309
-2543
-672
-16
-680
-2548
-5303
-8477
-11513
-13843
-14996
-14671
-12778
-9451
-5024
0
5024
9451
12778
14671
14996
13843
11513
8477
5303
2548
680
16
672
2543
5309
8485
11510
13834
14994
14678
12784
9446
5016
0
-5016
-9446
-12784
-14678
-14994
-13834
-11510
-8485
-5309
-2543
-672
-16
-680
-2548
-5303
-8477
-11513
-13843
-14996
-14671
-12778
-9451
-5024
0
5024
9451
12778
14671
14996
13843
11513
8477
5303
2548
680
16
672
2543
5309
8485
11510
13834
14994
14678
12784
9446
5016
0
-5016
-9446
-12784
-14678
-14994
-13834
-11510
-8485
-5309
-2543
-672
-16
-680
-2548
-5303
-8477
-11513
-13843
-14996
-14671
-12778
-9451
-5024
0
5024
9451
12778
14671
14996
13843
11513
8477
5303
2548
680
16
672
2543
5309
8485
11510
13834
14994
14678
12784
9446
5016
0
-5016
-9446
-12784
-14678
-14994
-13834
-11510
-8485
-5309
-2543
-672
-16
-680
-2548
-5303
-8477
-11513
-13843
-14996
-14671
-12778
-9451
-5024
0
5024
9451
12778
14671
14996
13843
11513
8477
5303
2548
680
16
672
2543
5309
8485
11510
13834
14994
14678
12784
9446
5016
0
-5016
-9446
-12784
-14678
-14994
-13834
-11510
-8485
-5309
-2543
-672
-16
-680
-2548
-5303
-8477
-11513
-13843
-14996
-14671
-12778
-9451
-5024
0
5024
9451
12778
14671
14996
13843
11513
8477
5303
2548
680
16
672
2543
5309
8485
11510
13834
14994
14678
12784
9446
5016
0
-5016
-9446
-12784
-14678
-14994
-13834
-11510
-8485
-5309
-2543
-672
-16
-680
-2548
-5303
-8477
-11513
-13843
-14996
-14671
-12778
-9451
-5024
0
5024
9451
12778
14671
14996
13843
11513
8477
5303
2548
680
16
672
2543
5309
8485
11510
13834
14994
14678
12784
9446
5016
0
-5016
-9446
-12784
-14678
-14994
-13834
-11510
-8485
-5309
-2543
-672
-16
-680
-2548
-5303
-8477
-11513
-13843
-14996
-14671
-12778
-9451
-5024
0
5024
9451
12778
14671
14996
13843
11513
8477
5303
2548
680
16
672
2543
5309
8485
11510
13834
14994
14678
12784
9446
5016
0
-5016
-9446
-12784
-14678
-14994
-13834
-11510
-8485
-5309
-2543
-672
-16
-680
-2548
-5303
-8477
-11513
-13843
-14996
-14671
-12778
-9451
-5024
0
5024
9451
12778
14671
14996
13843
11513
8477
5303
2548
680
16
672
2543
5309
8485
11510
13834
14994
14678
12784
9446
5016
0
-5016
-9446
-12784
-14678
-14994
-13834
-11510
-8485
-5309
-2543
-672
-16
-680
-2548
-5303
-8477
-11513
-13843
-14996
-14671
-12778
-9451
-5024
0
5024
9451
12778
14671
14996
13843
11513
8477
5303
2548
680
16
672
2543
5309
8485
11510
13834
14994
14678
12784
9446
5016
0
-5016
-9446
-12784
-14678
-14994
-13834
-11510
-8485
-5309
-2543
-672
-16
-680
-2548
-5303
-8477
-11513
-13843
-14996
-14671
-12778
-9451
-5024
0
5024
9451
12778
14671
14996
13843
11513
8477
5303
2548
680
16
672
2543
5309
8485
11510
13834
14994
14678
12784
9446
5016
0
-5016
-9446
-12784
-14678
-14994
-13834
-11510
-8485
-5309
-2543
-672
-16
-680
-2548
-5303
-8477
-11513
-13843
-14996
-14671
-12778
-9451
-5024
0
5024
9451
12778
14671
14996
13843
11513
8477
5303
2548
680
16
672
2543
5309
8485
11510
13834
14994
14678
12784
9446
5016
0
-5016
-9446
-12784
-14678
-14994
-13834
-11510
-8485
-5309
-2543
-672
-16
-680
-2548
-5303
-8477
-11513
-13843
-14996
-14671
-12778
-9451
-5024
0
5024
9451
12778
14671
14996
13843
11513
8477
5303
2548
680
16
672
2543
5309
8485
11510
13834
14994
14678
12784
9446
5016
0
-5016
-9446
-12784
-14678
-14994
-13834
-11510
-8485
-5309
-2543
-672
-16
-680
-2548
-5303
-8477
-11513
-13843
-14996
-14671
-12778
-9451
-5024
0
5024
9451
12778
14671
14996
13843
11513
8477
5303
2548
680
16
672
2543
5309
8485
11510
13834
14994
14678
12784
9446
5016
0
-5016
-9446
-12784
-14678
-14994
-13834
-11510
-8485
-5309
-2543
-672
-16
-680
-2548
-5303
-8477
-11513
-13843
-14996
-14671
-12778
-9451
-5024
0
5024
9451
12778
14671
14996
13843
11513
8477
5303
2548
680
16
672
2543
5309
8485
11510
13834
14994
14678
12784
9446
5016
0
-5016
-9446
-12784
-14678
-14994
-13834
-11510
-8485
-5309
-2543
-672
-16
-680
-2548
-5303
-8477
-11513
-13843
-14996
-14671
-12778
-9451
-5024
0
5024
9451
12778
14671
14996
13843
11513
8477
5303
2548
680
16
672
2543
5309
8485
11510
13834
14994
14678
12784
9446
5016
0
-5016
-9446
-12784
-14678
-14994
-13834
-11510
-8485
-5309
-2543
-672
-16
-680
-2548
-5303
-8477
-11513
-13843
-14996
-14671
-12778
-9451
-5024
0
5024
9451
12778
14671
14996
13843
11513
8477
5303
2548
680
16
672
2543
5309
8485
11510
13834
14994
14678
12784
9446
5016
0
-5016
-9446
-12784
-14678
-14994
-13834
-11510
-8485
-5309
-2543
-672
-16
-680
-2548
-5303
-8477
-11513
-13843
-14996
-14671
-12778
-9451
-5024
0
5024
9451
12778
14671
14996
13843
11513
8477
5303
2548
680
16
672
2543
5309
8485
11510
13834
14994
14678
12784
9446
5016
0
-5016
-9446
-12784
-14678
-14994
-13834
-11510
-8485
-5309
-2543
-672
-16
-680
-2548
-5303
-8477
-11513
-13843
-14996
-14671
-12778
-9451
-5024
0
5024
9451
12778
14671
14996
13843
11513
8477
5303
2548
680
16
672
2543
5309
8485
11510
13834
14994
14678
12784
9446
5016
0
-5016
-9446
-12784
-14678
-14994
-13834
-11510
-8485
-5309
-2543
-672
-16
-680
-2548
-5303
-8477
-11513
-13843
-14996
-14671
-12778
-9451
-5024
0
5024
9451
12778
14671
14996
13843
11513
8477
5303
2548
680
16
672
2543
5309
8485
11510
13834
14994
14678
12784
9446
5016
0
-5016
-9446
-12784
-14678
-14994
-13834
-11510
-8485
-5309
-2543
-672
-16
-680
-2548
-5303
-8477
-11513
-13843
-14996
-14671
-12778
-9451
-5024
0
5024
9451
12778
14671
14996
13843
11513
8477
5303
2548
680
16
672
2543
5309
8485
11510
13834
14994
14678
12784
9446
5016
0
-5016
-9446
-12784
-14678
-14994
-13834
-11510
-8485
-5309
-2543
-672
-16
-680
-2548
-5303
-8477
-11513
-13843
-14996
-14671
-12778
-9451
-5024
0
5024
9451
12778
14671
14996
13843
11513
8477
5303
2548
680
16
672
2543
5309
8485
11510
13834
14994
14678
12784
9446
5016
0
-5016
-9446
-12784
-14678
-14994
-13834
-11510
-8485
-5309
-2543
-672
-16
-680
-2548
-5303
-8477
-11513
-13843
-14996
-14671
-12778
-9451
-5024
0
5024
9451
12778
14671
14996
13843
11513
8477
5303
2548
680
16
672
2543
5309
8485
11510
13834
14994
14678
12784
9446
5016
0
-5016
-9446
-12784
-14678
-14994
-13834
-11510
-8485
-5309
-2543
-672
-16
-680
-2548
-5303
-8477
-11513
-13843
-14996
-14671
-12778
-9451
-5024
0
5024
9451
12778
14671
14996
13843
11513
8477
5303
2548
680
16
672
2543
5309
8485
11510
13834
14994
14678
12784
9446
5016
0
-5016
-9446
-12784
-14678
-14994
-13834
-11510
-8485
-5309
-2543
-672
-16
-680
-2548
-5303
-8477
-11513
-13843
-14996
-14671
-12778
-9451
-5024
0
5024
9451
12778
14671
14996
13843
11513
8477
5303
2548
680
16
672
2543
5309
8485
11510
13834
14994
14678
12784
9446
5016
0
-5016
-9446
-12784
-14678
-14994
-13834
-11510
-8485
-5309
-2543
-672
-16
-680
-2548
-5303
-8477
-11513
-13843
-14996
-14671
-12778
-9451
-5024
0
5024
9451
12778
14671
14996
13843
11513
8477
5303
2548
680
16
672
2543
5309
8485
11510
13834
14994
14678
12784
9446
5016
0
-5016
-9446
-12784
-14678
-14994
-13834
-11510
-8485
-5309
-2543
-672
-16
-680
-2548
-5303
-8477
-11513
-13843
-14996
-14671
-12778
-9451
-5024
0
5024
9451
12778
14671
14996
13843
11513
8477
5303
2548
680
16
672
2543
5309
8485
11510
13834
14994
14678
12784
9446
5016
0
-5016
-9446
-12784
-14678
-14994
-13834
-11510
-8485
-5309
-2543
-672
-16
-680
-2548
-5303
-8477
-11513
-13843
-14996
-14671
-12778
-9451
-5024
0
5024
9451
12778
14671
14996
13843
11513
8477
5303
2548
680
16
672
2543
5309
8485
11510
13834
14994
14678
12784
9446
5016
0
-5016
-9446
-12784
-14678
-14994
-13834
-11510
-8485
-5309
-2543
-672
-16
-680
-2548
-5303
-8477
-11513
-13843
-14996
-14671
-12778
-9451
-5024
0
5024
9451
12778
14671
14996
13843
11513
8477
5303
2548
680
16
672
2543
5309
8485
11510
13834
14994
14678
12784
9446
5016
0
-5016
-9446
-12784
-14678
-14994
-13834
-11510
-8485
-5309
-2543
-672
-16
-680
-2548
-5303
-8477
-11513
-13843
-14996
-14671
-12778
-9451
-5024
0
5024
9451
12778
14671
14996
13843
11513
8477
5303
2548
680
16
672
2543
5309
8485
11510
13834
14994
14678
12784
9446
5016
0
-5016
-9446
-12784
-14678
-14994
-13834
-11510
-8485
-5309
-2543
-672
-16
-680
-2548
-5303
-8477
-11513
-13843
-14996
-14671
-12778
-9451
-5024
0
5024
9451
12778
14671
14996
13843
11513
8477
5303
2548
680
16
672
2543
5309
8485
11510
13834
14994
14678
12784
9446
5016
0
-5016
-9446
-12784
-14678
-14994
-13834
-11510
-8485
-5309
-2543
-672
-16
-680
-2548
-5303
-8477
-11513
-13843
-14996
-14671
-12778
-9451
-5024
0
5024
9451
12778
14671
14996
13843
11513
8477
5303
2548
680
16
672
2543
5309
8485
11510
13834
14994
14678
12784
9446
5016
0
-5016
-9446
-12784
-14678
-14994
-13834
-11510
-8485
-5309
-2543
-672
-16
-680
-2548
-5303
-8477
-11513
-13843
-14996
-14671
-12778
-9451
-5024
0
5024
9451
12778
14671
14996
13843
11513
8477
5303
2548
680
16
672
2543
5309
8485
11510
13834
14994
14678
12784
9446
5016
0
-5016
-9446
-12784
-14678
-14994
-13834
-11510
-8485
-5309
-2543
-672
-16
-680
-2548
-5303
-8477
-11513
-13843
-14996
-14671
-12778
-9451
-5024
0
5024
9451
12778
14671
14996
13843
11513
8477
5303
2548
680
16
672
2543
5309
8485
11510
13834
14994
14678
12784
9446
5016
0
-5016
-9446
-12784
-14678
-14994
-13834
-11510
-8485
-5309
-2543
-672
-16
-680
-2548
-5303
-8477
-11513
-13843
-14996
-14671
-12778
-9451
-5024
0
5024
9451
12778
14671
14996
13843
11513
8477
5303
2548
680
16
672
2543
5309
8485
11510
13834
14994
14678
12784
9446
5016
0
-5016
-9446
-12784
-14678
-14994
-13834
-11510
-8485
-5309
-2543
-672
-16
-680
-2548
-5303
-8477
-11513
-13843
-14996
-14671
-12778
-9451
-5024
0
5024
9451
12778
14671
14996
13843
11513
8477
5303
2548
680
16
672
2543
5309
8485
11510
13834
14994
14678
12784
9446
5016
0
-5016
-9446
-12784
-14678
-14994
-13834
-11510
-8485
-5309
-2543
-672
-16
-680
-2548
-5303
-8477
-11513
-13843
-14996
-14671
-12778
-9451
-5024
0
5024
9451
12778
14671
14996
13843
11513
8477
5303
2548
680
16
672
2543
5309
8485
11510
13834
14994
14678
12784
9446
5016
0
-5016
-9446
-12784
-14678
-14994
-13834
-11510
-8485
-5309
-2543
-672
-16
-680
-2548
-5303
-8477
-11513
-13843
-14996
-14671
-12778
-9451
-5024
0
5024
9451
12778
14671
14996
13843
11513
8477
5303
2548
680
16
672
2543
5309
8485
11510
13834
14994
14678
12784
9446
5016
0
-5016
-9446
-12784
-14678
-14994
-13834
-11510
-8485
-5309
-2543
-672
-16
-680
-2548
-5303
-8477
-11513
-13843
-14996
-14671
-12778
-9451
-5024
0
5024
9451
12778
14671
14996
13843
11513
8477
5303
2548
680
16
672
2543
5309
8485
11510
13834
14994
14678
12784
9446
5016
0
-5016
-9446
-12784
-14678
-14994
-13834
-11510
-8485
-5309
-2543
-672
-16
-680
-2548
-5303
-8477
-11513
-13843
-14996
-14671
-12778
-9451
-5024
0
5024
9451
12778
14671
14996
13843
11513
8477
5303
2548
680
16
672
2543
5309
8485
11510
13834
14994
14678
12784
9446
5016
0
-5016
-9446
-12784
-14678
-14994
-13834
-11510
-8485
-5309
-2543
-672
-16
-680
-2548
-5303
-8477
-11513
-13843
-14996
-14671
-12778
-9451
-5024
0
5024
9451
12778
14671
14996
13843
11513
8477
5303
2548
680
16
672
2543
5309
8485
11510
13834
14994
14678
12784
9446
5016
0
-5016
-9446
-12784
-14678
-14994
-13834
-11510
-8485
-5309
-2543
-672
-16
-680
-2548
-5303
-8477
-11513
-13843
-14996
-14671
-12778
-9451
-5024
0
5024
9451
12778
14671
14996
13843
11513
8477
5303
2548
680
16
672
2543
5309
8485
11510
13834
14994
14678
12784
9446
5016
0
-5016
-9446
-12784
-14678
-14994
-13834
-11510
-8485
-5309
-2543
-672
-16
-680
-2548
-5303
-8477
-11513
-13843
-14996
-14671
-12778
-9451
-5024
0
5024
9451
12778
14671
14996
13843
11513
8477
5303
2548
680
16
672
2543
5309
8485
11510
13834
14994
14678
12784
9446
5016
0
-5016
-9446
-12784
-14678
-14994
-13834
-11510
-8485
-5309
-2543
-672
-16
-680
-2548
-5303
-8477
-11513
-13843
-14996
-14671
-12778
-9451
-5024
0
5024
9451
12778
14671
14996
13843
11513
8477
5303
2548
680
16
672
2543
5309
8485
11510
13834
14994
14678
12784
9446
5016
0
-5016
-9446
-12784
-14678
-14994
-13834
-11510
-8485
-5309
-2543
-672
-16
-680
-2548
-5303
-8477
-11513
-13843
-14996
-14671
-12778
-9451
-5024
0
5024
9451
12778
14671
14996
13843
11513
8477
5303
2548
680
16
672
2543
5309
8485
11510
13834
14994
14678
12784
9446
5016
0
-5016
-9446
-12784
-14678
-14994
-13834
-11510
-8485
-5309
-2543
-672
-16
-680
-2548
-5303
-8477
-11513
-13843
-14996
-14671
-12778
-9451
-5024
0
5024
9451
12778
14671
14996
13843
11513
8477
5303
2548
680
16
672
2543
5309
8485
11510
13834
14994
14678
12784
9446
5016
0
-5016
-9446
-12784
-14678
-14994
-13834
-11510
-8485
-5309
-2543
-672
-16
-680
-2548
-5303
-8477
-11513
-13843
-14996
-14671
-12778
-9451
-5024
0
5024
9451
12778
14671
14996
13843
11513
8477
5303
2548
680
16
672
2543
5309
8485
11510
13834
14994
14678
12784
9446
5016
0
-5016
-9446
-12784
-14678
-14994
-13834
-11510
-8485
-5309
-2543
-672
-16
-680
-2548
-5303
-8477
-11513
-13843
-14996
-14671
-12778
-9451
-5024
0
5024
9451
12778
14671
14996
13843
11513
8477
5303
2548
680
16
672
2543
5309
8485
11510
13834
14994
14678
12784
9446
5016
0
-5016
-9446
-12784
-14678
-14994
-13834
-11510
-8485
-5309
-2543
-672
-16
-680
-2548
-5303
-8477
-11513
-13843
-14996
-14671
-12778
-9451
-5024
0
5024
9451
12778
14671
14996
13843
11513
8477
5303
2548
680
16
672
2543
5309
8485
11510
13834
14994
14678
12784
9446
5016
0
-5016
-9446
-12784
-14678
-14994
-13834
-11510
-8485
-5309
-2543
-672
-16
-680
-2548
-5303
-8477
-11513
-13843
-14996
-14671
-12778
-9451
-5024
0
5024
9451
12778
14671
14996
13843
11513
8477
5303
2548
680
16
672
2543
5309
8485
11510
13834
14994
14678
12784
9446
5016
0
-5016
-9446
-12784
-14678
-14994
-13834
-11510
-8485
-5309
-2543
-672
-16
-680
-2548
-5303
-8477
-11513
-13843
-14996
-14671
-12778
-9451
-5024
0
5024
9451
12778
14671
14996
13843
11513
8477
5303
2548
680
16
672
2543
5309
8485
11510
13834
14994
14678
12784
9446
5016
0
-5016
-9446
-12784
-14678
-14994
-13834
-11510
-8485
-5309
-2543
-672
-16
-680
-2548
-5303
-8477
-11513
-13843
-14996
-14671
-12778
-9451
-5024
0
5024
9451
12778
14671
14996
13843
11513
8477
5303
2548
680
16
672
2543
5309
8485
11510
13834
14994
14678
12784
9446
5016
0
-5016
-9446
-12784
-14678
-14994
-13834
-11510
-8485
-5309
-2543
-672
-16
-680
-2548
-5303
-8477
-11513
-13843
-14996
-14671
-12778
-9451
-5024
0
5024
9451
12778
14671
14996
13843
11513
8477
5303
2548
680
16
672
2543
5309
8485
11510
13834
14994
14678
12784
9446
5016
0
-5016
-9446
-12784
-14678
-14994
-13834
-11510
-8485
-5309
-2543
-672
-16
-680
-2548
-5303
-8477
-11513
-13843
-14996
-14671
-12778
-9451
-5024
0
5024
9451
12778
14671
14996
13843
11513
8477
5303
2548
680
16
672
2543
5309
8485
11510
13834
14994
14678
12784
9446
5016
0
-5016
-9446
-12784
-14678
-14994
-13834
-11510
-8485
-5309
-2543
-672
-16
-680
-2548
-5303
-8477
-11513
-13843
-14996
-14671
-12778
-9451
-5024
0
5024
9451
12778
14671
14996
13843
11513
8477
5303
2548
680
16
672
2543
5309
8485
11510
13834
14994
14678
12784
9446
5016
0
-5016
-9446
-12784
-14678
-14994
-13834
-11510
-8485
-5309
-2543
-672
-16
-680
-2548
-5303
-8477
-11513
-13843
-14996
-14671
-12778
-9451
-5024
0
5024
9451
12778
14671
14996
13843
11513
8477
5303
2548
680
16
672
2543
5309
8485
11510
13834
14994
14678
12784
9446
5016
0
-5016
-9446
-12784
-14678
-14994
-13834
-11510
-8485
-5309
-2543
-672
-16
-680
-2548
-5303
-8477
-11513
-13843
-14996
-14671
-12778
-9451
-5024
0
5024
9451
12778
14671
14996
13843
11513
8477
5303
2548
680
16
672
2543
5309
8485
11510
13834
14994
14678
12784
9446
5016
0
-5016
-9446
-12784
-14678
-14994
-13834
-11510
-8485
-5309
-2543
-672
-16
-680
-2548
-5303
-8477
-11513
-13843
-14996
-14671
-12778
-9451
-5024
0
5024
9451
12778
14671
14996
13843
11513
8477
5303
2548
680
16
672
2543
5309
8485
11510
13834
14994
14678
12784
9446
5016
0
-5016
-9446
-12784
-14678
-14994
-13834
-11510
-8485
-5309
-2543
-672
-16
-680
-2548
-5303
-8477
-11513
-13843
-14996
-14671
-12778
-9451
-5024
0
5024
9451
12778
14671
14996
13843
11513
8477
5303
2548
680
16
672
2543
5309
8485
11510
13834
14994
14678
12784
9446
5016
0
-5016
-9446
-12784
-14678
-14994
-13834
-11510
-8485
-5309
-2543
-672
-16
-680
-2548
-5303
-8477
-11513
-13843
-14996
-14671
-12778
-9451
-5024
0
5024
9451
12778
14671
14996
13843
11513
8477
5303
2548
680
16
672
2543
5309
8485
11510
13834
14994
14678
12784
9446
5016
0
-5016
-9446
-12784
-14678
-14994
-13834
-11510
-8485
-5309
-2543
-672
-16
-680
-2548
-5303
-8477
-11513
-13843
-14996
-14671
-12778
-9451
-5024
0
5024
9451
12778
14671
14996
13843
11513
8477
5303
2548
680
16
672
2543
5309
8485
11510
13834
14994
14678
12784
9446
5016
0
-5016
-9446
-12784
-14678
-14994
-13834
-11510
-8485
-5309
-2543
-672
-16
-680
-2548
-5303
-8477
-11513
-13843
-14996
-14671
-12778
-9451
-5024
0
5024
9451
12778
14671
14996
13843
11513
8477
5303
2548
680
16
672
2543
5309
8485
11510
13834
14994
14678
12784
9446
5016
0
-5016
-9446
-12784
-14678
-14994
-13834
-11510
-8485
-5309
-2543
-672
-16
-680
-2548
-5303
-8477
-11513
-13843
-14996
-14671
-12778
-9451
-5024
0
5024
9451
12778
14671
14996
13843
11513
8477
5303
2548
680
16
672
2543
5309
8485
11510
13834
14994
14678
12784
9446
5016
0
-5016
-9446
-12784
-14678
-14994
-13834
-11510
-8485
-5309
-2543
-672
-16
-680
-2548
-5303
-8477
-11513
-13843
-14996
-14671
-12778
-9451
-5024
0
5024
9451
12778
14671
14996
13843
11513
8477
5303
2548
680
16
672
2543
5309
8485
11510
13834
14994
14678
12784
9446
5016
0
-5016
-9446
-12784
-14678
-14994
-13834
-11510
-8485
-5309
-2543
-672
-16
-680
-2548
-5303
-8477
-11513
-13843
-14996
-14671
-12778
-9451
-5024
0
5024
9451
12778
14671
14996
13843
11513
8477
5303
2548
680
16
672
2543
5309
8485
11510
13834
14994
14678
12784
9446
5016
0
-5016
-9446
-12784
-14678
-14994
-13834
-11510
-8485
-5309
-2543
-672
-16
-680
-2548
-5303
-8477
-11513
-13843
-14996
-14671
-12778
-9451
-5024
0
5024
9451
12778
14671
14996
13843
11513
8477
5303
2548
680
16
672
2543
5309
8485
11510
13834
14994
14678
12784
9446
5016
0
-5016
-9446
-12784
-14678
-14994
-13834
-11510
-8485
-5309
-2543
-672
-16
-680
-2548
-5303
-8477
-11513
-13843
-14996
-14671
-12778
-9451
-5024
0
5024
9451
12778
14671
14996
13843
11513
8477
5303
2548
680
16
672
2543
5309
8485
11510
13834
14994
14678
12784
9446
5016
0
-5016
-9446
-12784
-14678
-14994
-13834
-11510
-8485
-5309
-2543
-672
-16
-680
-2548
-5303
-8477
-11513
-13843
-14996
-14671
-12778
-9451
-5024
0
5024
9451
12778
14671
14996
13843
11513
8477
5303
2548
680
16
672
2543
5309
8485
11510
13834
14994
14678
12784
9446
5016
0
-5016
-9446
-12784
-14678
-14994
-13834
-11510
-8485
-5309
-2543
-672
-16
-680
-2548
-5303
-8477
-11513
-13843
-14996
-14671
-12778
-9451
-5024
0
5024
9451
12778
14671
14996
13843
11513
8477
5303
2548
680
16
672
2543
5309
8485
11510
13834
14994
14678
12784
9446
5016
0
-5016
-9446
-12784
-14678
-14994
-13834
-11510
-8485
-5309
-2543
-672
-16
-680
-2548
-5303
-8477
-11513
-13843
-14996
-14671
-12778
-9451
-5024
0
5024
9451
12778
14671
14996
13843
11513
8477
5303
2548
680
16
672
2543
5309
8485
11510
13834
14994
14678
12784
9446
5016
0
-5016
-9446
-12784
-14678
-14994
-13834
-11510
-8485
-5309
-2543
-672
-16
-680
-2548
-5303
-8477
-11513
-13843
-14996
-14671
-12778
-9451
-5024
0
5024
9451
12778
14671
14996
13843
11513
8477
5303
2548
680
16
672
2543
5309
8485
11510
13834
14994
14678
12784
9446
5016
0
-5016
-9446
-12784
-14678
-14994
-13834
-11510
-8485
-5309
-2543
-672
-16
-680
-2548
-5303
-8477
-11513
-13843
-14996
-14671
-12778
-9451
-5024
0
5024
9451
12778
14671
14996
13843
11513
8477
5303
2548
680
16
672
2543
5309
8485
11510
13834
14994
14678
12784
9446
5016
0
-5016
-9446
-12784
-14678
-14994
-13834
-11510
-8485
-5309
-2543
-672
-16
-680
-2548
-5303
-8477
-11513
-13843
-14996
-14671
-12778
-9451
-5024
0
5024
9451
12778
14671
14996
13843
11513
8477
5303
2548
680
16
672
2543
5309
8485
11510
13834
14994
14678
12784
9446
5016
0
-5016
-9446
-12784
-14678
-14994
-13834
-11510
-8485
-5309
-2543
-672
-16
-680
-2548
-5303
-8477
-11513
-13843
-14996
-14671
-12778
-9451
-5024
0
5024
9451
12778
14671
14996
13843
11513
8477
5303
2548
680
16
672
2543
5309
8485
11510
13834
14994
14678
12784
9446
5016
0
-5016
-9446
-12784
-14678
-14994
-13834
-11510
-8485
-5309
-2543
-672
-16
-680
-2548
-5303
-8477
-11513
-13843
-14996
-14671
-12778
-9451
-5024
0
5024
9451
12778
14671
14996
13843
11513
8477
5303
2548
680
16
672
2543
5309
8485
11510
13834
14994
14678
12784
9446
5016
0
-5016
-9446
-12784
-14678
-14994
-13834
-11510
-8485
-5309
-2543
-672
-16
-680
-2548
-5303
-8477
-11513
-13843
-14996
-14671
-12778
-9451
-5024
0
5024
9451
12778
14671
14996
13843
11513
8477
5303
2548
680
16
672
2543
5309
8485
11510
13834
14994
14678
12784
9446
5016
0
-5016
-9446
-12784
-14678
-14994
-13834
-11510
-8485
-5309
-2543
-672
-16
-680
-2548
-5303
-8477
-11513
-13843
-14996
-14671
-12778
-9451
-5024
0
5024
9451
12778
14671
14996
13843
11513
8477
5303
2548
680
16
672
2543
5309
8485
11510
13834
14994
14678
12784
9446
5016
0
-5016
-9446
-12784
-14678
-14994
-13834
-11510
-8485
-5309
-2543
-672
-16
-680
-2548
-5303
-8477
-11513
-13843
-14996
-14671
-12778
-9451
-5024
0
5024
9451
12778
14671
14996
13843
11513
8477
5303
2548
680
16
672
2543
5309
8485
11510
13834
14994
14678
12784
9446
5016
0
-5016
-9446
-12784
-14678
-14994
-13834
-11510
-8485
-5309
-2543
-672
-16
-680
-2548
-5303
-8477
-11513
-13843
-14996
-14671
-12778
-9451
-5024
0
5024
9451
12778
14671
14996
13843
11513
8477
5303
2548
680
16
672
2543
5309
8485
11510
13834
14994
14678
12784
9446
5016
0
-5016
-9446
-12784
-14678
-14994
-13834
-11510
-8485
-5309
-2543
-672
-16
-680
-2548
-5303
-8477
-11513
-13843
-14996
-14671
-12778
-9451
-5024
0
5024
9451
12778
14671
14996
13843
11513
8477
5303
2548
680
16
672
2543
5309
8485
11510
13834
14994
14678
12784
9446
5016
0
-5016
-9446
-12784
-14678
-14994
-13834
-11510
-8485
-5309
-2543
-672
-16
-680
-2548
-5303
-8477
-11513
-13843
-14996
-14671
-12778
-9451
-5024
0
5024
9451
12778
14671
14996
13843
11513
8477
5303
2548
680
16
672
2543
5309
8485
11510
13834
14994
14678
12784
9446
5016
0
-5016
-9446
-12784
-14678
-14994
-13834
-11510
-8485
-5309
-2543
-672
-16
-680
-2548
-5303
-8477
-11513
-13843
-14996
-14671
-12778
-9451
-5024
0
5024
9451
12778
14671
14996
13843
11513
8477
5303
2548
680
16
672
2543
5309
8485
11510
13834
14994
14678
12784
9446
5016
0
-5016
-9446
-12784
-14678
-14994
-13834
-11510
-8485
-5309
-2543
-672
-16
-680
-2548
-5303
-8477
-11513
-13843
-14996
-14671
-12778
-9451
-5024
0
5024
9451
12778
14671
14996
13843
11513
8477
5303
2548
680
16
672
2543
5309
8485
11510
13834
14994
14678
12784
9446
5016
0
-5016
-9446
-12784
-14678
-14994
-13834
-11510
-8485
-5309
-2543
-672
-16
-680
-2548
-5303
-8477
-11513
-13843
-14996
-14671
-12778
-9451
-5024
0
5024
9451
12778
14671
14996
13843
11513
8477
5303
2548
680
16
672
2543
5309
8485
11510
13834
14994
14678
12784
9446
5016
0
-5016
-9446
-12784
-14678
-14994
-13834
-11510
-8485
-5309
-2543
-672
-16
-680
-2548
-5303
-8477
-11513
-13843
-14996
-14671
-12778
-9451
-5024
0
5024
9451
12778
14671
14996
13843
11513
8477
5303
2548
680
16
672
2543
5309
8485
11510
13834
14994
14678
12784
9446
5016
0
-5016
-9446
-12784
-14678
-14994
-13834
-11510
-8485
-5309
-2543
-672
-16
-680
-2548
-5303
-8477
-11513
-13843
-14996
-14671
-12778
-9451
-5024
0
5024
9451
12778
14671
14996
13843
11513
8477
5303
2548
680
16
672
2543
5309
8485
11510
13834
14994
14678
12784
9446
5016
0
-5016
-9446
-12784
-14678
-14994
-13834
-11510
-8485
-5309
-2543
-672
-16
-680
-2548
-5303
-8477
-11513
-13843
-14996
-14671
-12778
-9451
-5024
0
5024
9451
12778
14671
14996
13843
11513
8477
5303
2548
680
16
672
2543
5309
8485
11510
13834
14994
14678
12784
9446
5016
0
-5016
-9446
-12784
-14678
-14994
-13834
-11510
-8485
-5309
-2543
-672
-16
-680
-2548
-5303
-8477
-11513
-13843
-14996
-14671
-12778
-9451
-5024
0
5024
9451
12778
14671
14996
13843
11513
8477
5303
2548
680
16
672
2543
5309
8485
11510
13834
14994
14678
12784
9446
5016
0
-5016
-9446
-12784
-14678
-14994
-13834
-11510
-8485
-5309
-2543
-672
-16
-680
-2548
-5303
-8477
-11513
-13843
-14996
-14671
-12778
-9451
-5024
0
5024
9451
12778
14671
14996
13843
11513
8477
5303
2548
680
16
672
2543
5309
8485
11510
13834
14994
14678
12784
9446
5016
0
-5016
-9446
-12784
-14678
-14994
-13834
-11510
-8485
-5309
-2543
-672
-16
-680
-2548
-5303
-8477
-11513
-13843
-14996
-14671
-12778
-9451
-5024
0
5024
9451
12778
14671
14996
13843
11513
8477
5303
2548
680
16
672
2543
5309
8485
11510
13834
14994
14678
12784
9446
5016
0
-5016
-9446
-12784
-14678
-14994
-13834
-11510
-8485
-5309
-2543
-672
-16
-680
-2548
-5303
-8477
-11513
-13843
-14996
-14671
-12778
-9451
-5024
0
5024
9451
12778
14671
14996
13843
11513
8477
5303
2548
680
16
672
2543
5309
8485
11510
13834
14994
14678
12784
9446
5016
0
-5016
-9446
-12784
-14678
-14994
-13834
-11510
-8485
-5309
-2543
-672
-16
-680
-2548
-5303
-8477
-11513
-13843
-14996
-14671
-12778
-9451
-5024
0
5024
9451
12778
14671
14996
13843
11513
8477
5303
2548
680
16
672
2543
5309
8485
11510
13834
14994
14678
12784
9446
5016
0
-5016
-9446
-12784
-14678
-14994
-13834
-11510
-8485
-5309
-2543
-672
-16
-680
-2548
-5303
-8477
-11513
-13843
-14996
-14671
-12778
-9451
-5024
0
5024
9451
12778
14671
14996
13843
11513
8477
5303
2548
680
16
672
2543
5309
8485
11510
13834
14994
14678
12784
9446
5016
0
-5016
-9446
-12784
-14678
-14994
-13834
-11510
-8485
-5309
-2543
-672
-16
-680
-2548
-5303
-8477
-11513
-13843
-14996
-14671
-12778
-9451
-5024
0
5024
9451
12778
14671
14996
13843
11513
8477
5303
2548
680
16
672
2543
5309
8485
11510
13834
14994
14678
12784
9446
5016
0
-5016
-9446
-12784
-14678
-14994
-13834
-11510
-8485
-5309
-2543
-672
-16
-680
-2548
-5303
-8477
-11513
-13843
-14996
-14671
-12778
-9451
-5024
0
5024
9451
12778
14671
14996
13843
11513
8477
5303
2548
680
16
672
2543
5309
8485
11510
13834
14994
14678
12784
9446
5016
0
-5016
-9446
-12784
-14678
-14994
-13834
-11510
-8485
-5309
-2543
-672
-16
-680
-2548
-5303
-8477
-11513
-13843
-14996
-14671
-12778
-9451
-5024
0
5024
9451
12778
14671
14996
13843
11513
8477
5303
2548
680
16
672
2543
5309
8485
11510
13834
14994
14678
12784
9446
5016
0
-5016
-9446
-12784
-14678
-14994
-13834
-11510
-8485
-5309
-2543
-672
-16
-680
-2548
-5303
-8477
-11513
-13843
-14996
-14671
-12778
-9451
-5024
0
5024
9451
12778
14671
14996
13843
11513
8477
5303
2548
680
16
672
2543
5309
8485
11510
13834
14994
14678
12784
9446
5016
0
-5016
-9446
-12784
-14678
-14994
-13834
-11510
-8485
-5309
-2543
-672
-16
-680
-2548
-5303
-8477
-11513
-13843
-14996
-14671
-12778
-9451
-5024
0
5024
9451
12778
14671
14996
13843
11513
8477
5303
2548
680
16
672
2544
5310
8485
11510
13833
14991
14670
12771
9430
4994
-23
-5038
-9465
-12792
-14673
-14975
-13807
-11477
-8454
-5289
-2541
-694
-66
-751
-2633
-5385
-8544
-11544
-13828
-14927
-14554
-12625
-9286
-4873
107
5065
9412
12660
14494
14795
13658
11386
8452
5396
2763
993
378
1020
2810
5434
8427
11260
13427
14488
14163
12356
9199
5011
260
-4525
-8808
-12122
-14130
-14697
-13888
-11955
-9283
-6352
-3652
-1641
-630
-774
-2027
-4190
-6909
-9743
-12205
-13858
-14378
-13597
-11513
-8295
-4271
111
4363
8026
10717
12190
12341
11291
9251
6583
3765
1192
-728
-1720
-1697
-640
1247
3674
6215
8487
10132
10876
10584
9302
7146
4466
1562
-1097
-3233
-4522
-4822
-4109
-2558
-398
1998
4301
6109
7154
7276
6411
4681
2326
-357
-3046
-5357
-7073
-8026
-8161
-7571
-6484
-5178
-3993
-3202
-3104
-3756
-5186
-7227
-9663
-12094
-14173
-15519
-15849
-14982
-12963
-9901
-6101
-1983
1943
5269
7510
8459
7908
5972
2832
-1099
-5385
-9463
-12897
-15270
-16362
-16069
-14505
-11939
-8705
-5308
-2164
350
1916
2442
1910
460
-1574
-3882
-6044
-7769
-8758
-8855
-8088
-6497
-4376
-1920
496
2653
4304
5309
5719
5593
5121
4528
4107
3996
4416
5370
6814
8624
10517
12264
13542
14142
13874
12700
10651
7926
4722
1376
-1792
-4520
-6538
-7726
-8073
-7595
-6468
-4869
-2985
-1026
838
2517
3965
5184
6213
7128
7920
8642
9268
9700
9862
9662
9080
8025
6583
4829
3002
1245
-143
-1013
-1162
-597
643
2403
4406
6376
7918
8785
8731
7666
5618
2743
-616
-4128
-7435
-10119
-11951
-12722
-12426
-11135
-9130
-6654
-4035
-1623
343
1752
2540
2748
2510
2054
1506
1054
790
717
745
763
593
70
-888
-2377
-4307
-6525
-8785
-10820
-12323
-13089
-12944
-11891
-10013
-7526
-4742
-1997
328
1993
2833
2818
2044
823
-586
-1796
-2458
-2409
-1496
220
2533
5110
7586
9534
10665
10691
9603
7422
4405
950
-2594
-5807
-8317
-9898
-10499
-10152
-9067
-7548
-5910
-4479
-3465
-3011
-3146
-3681
-4455
-5142
-5528
-5354
-4528
-3023
-954
1408
3803
5862
7303
7907
7528
6257
4194
1638
-1120
-3663
-5670
-6859
-7050
-6256
-4517
-2050
915
4032
7044
9670
11701
13034
13701
13680
13162
12211
10992
9607
8152
6618
5070
3435
1716
-38
-1823
-3497
-4996
-6102
-6668
-6566
-5711
-4087
-1865
822
3629
6242
8323
9509
9577
8420
6058
2674
-1404
-5753
-9951
-13530
-16114
-17442
-17470
-16195
-13929
-10975
-7767
-4745
-2343
-807
-306
-826
-2218
-4202
-6383
-8384
-9844
-10512
-10237
-9023
-7036
-4543
-1864
605
2551
3641
3806
2971
1272
-1067
-3690
-6249
-8427
-9911
-10545
-10246
-9128
-7317
-5172
-2927
-944
546
1368
1427
812
-283
-1637
-2948
-3920
-4336
-4010
-2899
-1073
1241
3851
6382
8567
10153
10929
10877
10010
8533
6655
4701
2953
1718
1149
1353
2324
3972
6053
8301
10473
12279
13478
13945
13549
12335
10356
7761
4719
1511
-1689
-4635
-7106
-8955
-10032
-10328
-9749
-8460
-6543
-4232
-1768
531
2372
3426
3575
2614
566
-2419
-6097
-10104
-14067
-17510
-20055
-21442
-21467
-20144
-17603
-14135
-10104
-5925
-2007
1284
3702
5114
5560
5177
4126
2703
1094
-385
-1665
-2598
-3161
-3418
-3371
-3127
-2722
-2173
-1503
-673
293
1415
2686
4004
5280
6455
7403
8039
8299
8187
7745
7046
6234
5324
4435
3602
2720
1810
733
-515
-1997
-3669
-5346
-6839
-7876
-8209
-7572
-5825
-3002
777
5122
9645
13793
17020
18920
19183
17734
14737
10573
5754
901
-3342
-6435
-8065
-8082
-6639
-4027
-797
2532
5375
7275
7976
7427
5757
3249
371
-2439
-4744
-6253
-6817
-6434
-5304
-3696
-1946
-387
703
1220
1096
430
-520
-1538
-2385
-2837
-2787
-2244
-1300
-128
1008
1912
2352
2185
1355
-76
-1964
-4081
-6264
-8210
-9758
-10770
-11223
-11059
-10399
-9317
-7965
-6484
-4955
-3445
-1977
-583
758
2064
3286
4466
5473
6235
6647
6553
5962
4785
3057
919
-1424
-3771
-5767
-7170
-7730
-7305
-5798
-3302
-14
3764
7642
11228
14201
16196
17067
16809
15492
13395
10803
8098
5591
3528
2111
1319
1049
1043
1090
937
313
-819
-2501
-4502
-6617
-8495
-9767
-10217
-9629
-7978
-5415
-2192
1248
4495
7117
8792
9316
8685
6970
4506
1636
-1216
-3754
-5635
-6750
-7136
-6871
-6245
-5512
-4921
-4645
-4779
-5239
-5855
-6342
-6466
-5896
-4470
-2145
965
4589
8388
11847
14583
16171
16378
15113
12480
8773
4436
-24
-4063
-7194
-9054
-9457
-8399
-6043
-2730
1075
4945
8404
11035
12563
12879
12000
10080
7425
4351
1249
-1596
-3900
-5534
-6380
-6528
-6110
-5298
-4292
-3366
-2600
-2154
-2015
-2146
-2497
-2854
-3139
-3163
-2867
-2232
-1286
-168
1014
2047
2769
3063
2834
2063
868
-679
-2362
-3985
-5347
-6250
-6617
-6405
-5653
-4430
-2969
-1390
72
1237
1987
2182
1870
973
-349
-2062
-4012
-6096
-8171
-10133
-11873
-13343
-14506
-15302
-15739
-15810
-15548
-14998
-14191
-13202
-12058
-10794
-9511
-8159
-6778
-5376
-3927
-2411
-822
821
2486
4164
5754
7201
8397
9348
9904
10077
9802
9094
7931
6350
4402
2122
-418
-3132
-5887
-8540
-10929
-12821
-14044
-14407
-13789
-12128
-9569
-6196
-2341
1594
5245
8125
9928
10388
9474
7311
4203
568
-3024
-6014
-7974
-8546
-7582
-5206
-1709
2402
6582
10257
12951
14304
14204
12741
10268
7175
3991
1193
-813
-1837
-1836
-1052
250
1633
2694
3077
2559
1157
-1003
-3643
-6395
-8813
-10564
-11435
-11311
-10319
-8636
-6630
-4611
-2929
-1749
-1225
-1287
-1732
-2297
-2689
-2668
-2004
-703
1181
3443
5759
7790
9199
9776
9338
7885
5578
2625
-623
-3884
-6781
-9085
-10627
-11339
-11272
-10516
-9243
-7584
-5754
-3870
-2031
-386
1088
2301
3198
3815
4039
3921
3397
2524
1350
31
-1348
-2540
-3395
-3797
-3623
-2841
-1493
237
2194
4108
5737
6896
7425
7270
6439
5071
3434
1717
179
-954
-1492
-1415
-731
421
1807
3175
4318
5005
5093
4503
3359
1792
-6
-1721
-3145
-3986
-4146
-3544
-2241
-383
1798
4064
6107
7714
8707
9043
8723
7849
6603
5235
3932
2884
2267
2076
2314
2869
3582
4261
4720
4823
4457
3609
2342
767
-991
-2721
-4267
-5454
-6243
-6598
-6476
-5989
-5204
-4216
-3191
-2107
-1128
-168
701
1528
2346
3177
3966
4744
5402
5882
6114
5977
5446
4465
3059
1338
-669
-2750
-4833
-6687
-8225
-9312
-9914
-10052
-9726
-9017
-8032
-6931
-5756
-4635
-3591
-2714
-1974
-1352
-871
-462
-148
55
190
152
-17
-355
-846
-1460
-2137
-2786
-3328
-3690
-3749
-3530
-2988
-2212
-1275
-288
637
1370
1913
2186
2245
2233
2196
2328
2687
3418
4485
5864
7424
8983
10314
11225
11529
11135
9972
8151
5779
3070
346
-2215
-4298
-5765
-6504
-6507
-5888
-4737
-3297
-1825
-473
511
1007
990
421
-659
-2061
-3716
-5424
-7003
-8310
-9266
-9764
-9733
-9187
-8171
-6702
-4897
-2856
-670
1532
3607
5494
7059
8243
8957
9182
8895
8127
6950
5358
3533
1527
-473
-2401
-4125
-5536
-6542
-7105
-7228
-6916
-6269
-5346
-4258
-3122
-2066
-1110
-354
185
483
613
551
387
164
-133
-446
-849
-1301
-1832
-2494
-3275
-4150
-5101
-6065
-6950
-7677
-8218
-8476
-8406
-8066
-7465
-6622
-5582
-4494
-3345
-2191
-1098
-29
1023
2022
2998
3941
4842
5592
6199
6520
6503
6101
5359
4254
2888
1421
26
-1079
-1747
-1851
-1250
-25
1812
3984
6276
8365
9967
10732
10532
9215
6820
3522
-379
-4464
-8321
-11502
-13601
-14354
-13634
-11453
-8059
-3775
901
5520
9523
12515
14242
14553
13487
11332
8399
5104
1901
-813
-2698
-3646
-3598
-2697
-1256
449
2006
3144
3544
3097
1827
-200
-2691
-5369
-7876
-9934
-11227
-11636
-11080
-9652
-7492
-4909
-2119
488
2673
4216
4959
4844
3989
2480
605
-1410
-3301
-4756
-5592
-5722
-5042
-3617
-1640
700
3109
5279
7002
8061
8344
7870
6720
5135
3407
1856
723
315
715
1916
3803
6115
8524
10645
12103
12642
12084
10442
7882
4688
1316
-1803
-4233
-5634
-5826
-4767
-2607
290
3512
6527
8894
10223
10304
9128
6840
3743
376
-2849
-5357
-6840
-7050
-5886
-3560
-356
3289
6909
9968
12117
13055
12676
11011
8323
4815
921
-3025
-6736
-9921
-12478
-14327
-15487
-16026
-16060
-15621
-14803
-13635
-12107
-10204
-7945
-5383
-2584
236
2982
5365
7221
8402
8836
8500
7587
6250
4784
3500
2609
2328
2770
3886
5520
7458
9382
11070
12232
12749
12581
11783
10536
9067
7666
6499
5738
5425
5541
5868
6234
6379
6101
5243
3802
1798
-587
-3108
-5534
-7550
-8969
-9655
-9635
-8903
-7645
-6026
-4265
-2524
-978
320
1358
2213
2879
3434
3982
4439
4893
5206
5394
5394
5178
4803
4315
3829
3522
3443
3693
4286
5211
6315
7469
8438
9075
9228
8822
7894
6515
4864
3180
1672
520
-173
-336
-57
605
1481
2314
2995
3382
3378
3060
2467
1763
1076
555
314
385
758
1328
1962
2480
2757
2633
2086
1088
-279
-1902
-3574
-5089
-6231
-6856
-6823
-6038
-4526
-2377
229
3097
5970
8575
10698
12109
12678
12344
11116
9180
6691
3918
1157
-1345
-3390
-4781
-5487
-5614
-5243
-4630
-3970
-3477
-3346
-3553
-4149
-4935
-5711
-6215
-6213
-5516
-4015
-1778
1054
4177
7292
9998
11977
13037
13081
12129
10378
8095
5646
3324
1418
69
-723
-1070
-1141
-1194
-1573
-2467
-3977
-6140
-8823
-11747
-14615
-17059
-18783
-19535
-19188
-17804
-15472
-12456
-9065
-5638
-2473
215
2251
3565
4249
4349
4057
3541
2922
2344
1872
1529
1368
1330
1407
1580
1841
2211
2682
3232
3901
4693
5541
6439
7361
8255
9061
9794
10392
10827
11141
11289
11269
11084
10694
10156
9419
8515
7511
6426
5316
4244
3269
2432
1711
1071
537
-14
-576
-1236
-1921
-2605
-3192
-3518
-3483
-2994
-1919
-324
1732
3968
6161
7950
9054
9177
8206
6116
3071
-639
-4541
-8184
-11095
-12803
-13092
-11882
-9310
-5713
-1563
2545
6123
8692
9930
9796
8392
6091
3322
640
-1412
-2456
-2250
-781
1749
5017
8505
11698
14177
15536
15667
14576
12521
9861
7052
4523
2719
1829
1952
2926
4568
6424
8099
9273
9620
9018
7517
5300
2690
115
-2044
-3465
-3890
-3246
-1640
735
3497
6283
8741
10508
11403
11339
10389
8743
6694
4472
2437
775
-414
-1114
-1411
-1513
-1592
-1924
-2676
-3925
-5631
-7661
-9760
-11613
-12868
-13236
-12459
-10459
-7277
-3134
1619
6500
11027
14716
17184
18176
17638
15668
12568
8766
4736
1047
-1970
-3910
-4687
-4325
-2996
-1023
1233
3342
5031
6083
6398
6137
5406
4514
3755
3308
3301
3788
4568
5468
6137
6278
5662
4193
1932
-904
-3930
-6695
-8736
-9576
-8983
-6881
-3444
933
5683
10146
13669
15700
15886
14167
10713
5975
646
-4610
-8993
-11924
-13025
-12201
-9661
-5809
-1321
3059
6682
8970
9585
8485
5875
2204
-1914
-5744
-8745
-10374
-10414
-8852
-5944
-2161
1909
5684
8554
10207
10409
9202
6873
3842
610
-2296
-4457
-5573
-5539
-4474
-2598
-280
2011
3896
5092
5433
4879
3575
1786
-161
-1907
-3207
-3863
-3820
-3167
-2019
-659
639
1667
2216
2222
1758
898
-67
-994
-1597
-1734
-1387
-526
661
1986
3187
3984
4198
3660
2408
495
-1885
-4466
-6918
-8928
-10291
-10763
-10306
-8908
-6813
-4200
-1409
1226
3322
4667
5008
4264
2427
-305
-3706
-7493
-11236
-14578
-17154
-18678
-18993
-18019
-15846
-12707
-8873
-4785
-816
2617
5183
6645
6981
6198
4472
2145
-481
-3050
-5259
-6837
-7664
-7733
-7126
-6027
-4612
-3124
-1703
-452
591
1429
2135
2866
3621
4497
5395
6300
7003
7422
7332
6691
5461
3748
1725
-375
-2270
-3707
-4522
-4601
-3975
-2835
-1408
32
1144
1726
1687
993
-106
-1415
-2541
-3180
-3031
-2014
-82
2495
5385
8198
10392
11600
11522
10084
7426
3833
-164
-4034
-7174
-9185
-9712
-8653
-6184
-2651
1513
5712
9415
12206
13824
14185
13410
11787
9697
7541
5727
4475
3891
3950
4503
5303
6023
6433
6338
5682
4533
3104
1602
334
-477
-632
-119
980
2511
4154
5628
6591
6889
6368
5021
3055
692
-1770
-4023
-5767
-6847
-7142
-6738
-5740
-4404
-2964
-1666
-738
-222
-153
-441
-959
-1435
-1759
-1693
-1199
-277
989
2419
3786
4832
5326
5145
4172
2446
96
-2662
-5566
-8354
-10694
-12360
-13219
-13138
-12203
-10468
-8120
-5361
-2520
252
2724
4687
6106
6924
7170
6964
6419
5695
5008
4471
4212
4288
4786
5607
6664
7819
8901
9721
10093
9870
8949
7329
5053
2242
-850
-4035
-7010
-9531
-11393
-12447
-12650
-12056
-10783
-9032
-7043
-5105
-3427
-2149
-1435
-1261
-1516
-2110
-2868
-3588
-4106
-4334
-4236
-3901
-3347
-2807
-2339
-2116
-2226
-2619
-3263
-4048
-4736
-5195
-5262
-4803
-3797
-2290
-429
1559
3482
5103
6252
6793
6743
6098
5011
3622
2153
750
-439
-1413
-2167
-2711
-3195
-3704
-4316
-5029
-5904
-6764
-7564
-8066
-8187
-7786
-6805
-5323
-3396
-1254
885
2837
4334
5239
5518
5152
4250
3018
1664
433
-476
-930
-786
-130
1042
2499
4087
5543
6661
7265
7193
6401
4857
2657
-84
-3151
-6364
-9448
-12222
-14438
-15948
-16670
-16564
-15675
-14123
-12085
-9782
-7463
-5353
-3677
-2522
-2007
-2030
-2497
-3233
-4015
-4635
-4875
-4605
-3747
-2405
-650
1306
3191
4847
6058
6671
6654
6067
5068
3807
2550
1467
759
476
586
1065
1684
2257
2621
2553
2036
965
-465
-2189
-3889
-5400
-6423
-6810
-6504
-5503
-3907
-1943
143
2053
3540
4379
4478
3813
2506
690
-1376
-3383
-5075
-6225
-6633
-6204
-4967
-3030
-556
2202
4952
7423
9390
10584
10906
10290
8797
6521
3738
672
-2333
-4978
-6975
-8089
-8245
-7375
-5570
-3069
-119
2918
5663
7840
9177
9519
8861
7267
4986
2302
-474
-2986
-4983
-6262
-6760
-6522
-5671
-4449
-3081
-1806
-825
-193
62
-6
-227
-405
-389
-92
570
1548
2638
3653
4350
4511
3934
2575
489
-2088
-4820
-7375
-9295
-10254
-10012
-8527
-5901
-2409
1481
5240
8354
10350
10965
10031
7706
4307
294
-3696
-7154
-9514
-10451
-9881
-7879
-4763
-1008
2846
6231
8730
10049
10107
9028
7136
4856
2603
811
-194
-323
425
1763
3465
5097
6316
6917
6742
5883
4522
3052
1785
1105
1219
2240
4065
6477
9052
11354
12912
13419
12653
10617
7530
3773
-149
-3755
-6490
-8020
-8132
-6905
-4504
-1342
2107
5336
7883
9417
9730
8855
6944
4354
1399
-1465
-3914
-5607
-6431
-6334
-5393
-3817
-1827
308
2396
4166
5468
6255
6492
6171
5322
4019
2339
402
-1693
-3859
-5934
-7758
-9187
-10083
-10318
-9818
-8603
-6730
-4306
-1543
1305
3987
6241
7856
8758
8888
8292
7153
5660
4096
2683
1568
965
829
1129
1754
2486
3130
3476
3389
2834
1789
424
-1126
-2569
-3669
-4220
-4064
-3192
-1592
557
2999
5463
7658
9302
10187
10259
9505
8040
6092
3943
1853
110
-1126
-1657
-1544
-827
370
1817
3282
4602
5582
6185
6408
6277
5943
5537
5181
4990
5018
5287
5696
6127
6506
6649
6507
6024
5210
4148
3011
1869
962
363
174
391
973
1746
2611
3312
3698
3655
3113
2103
725
-884
-2454
-3805
-4712
-5051
-4726
-3835
-2460
-850
778
2146
2935
3043
2353
868
-1260
-3797
-6460
-8848
-10657
-11639
-11589
-10475
-8396
-5588
-2342
897
3795
5948
7085
7106
6025
4007
1304
-1652
-4473
-6770
-8222
-8699
-8103
-6593
-4413
-1932
476
2432
3601
3847
3138
1561
-621
-3044
-5390
-7243
-8376
-8603
-7929
-6455
-4425
-2124
63
1912
3193
3774
3683
3036
2070
997
84
-479
-590
-260
448
1331
2154
2743
2859
2386
1250
-411
-2511
-4822
-7080
-9091
-10649
-11661
-12018
-11804
-11080
-9999
-8696
-7315
-5964
-4687
-3566
-2520
-1595
-688
144
965
1682
2311
2716
2837
2716
2261
1532
639
-376
-1333
-2133
-2643
-2836
-2618
-2054
-1204
-187
927
1948
2766
3292
3441
3242
2658
1800
712
-427
-1526
-2412
-3022
-3216
-2934
-2222
-1084
332
1948
3495
4801
5656
5947
5537
4383
2560
263
-2306
-4891
-7174
-8846
-9755
-9759
-8831
-7098
-4785
-2114
562
2967
4834
6051
6545
6380
5682
4716
3679
2770
2223
2036
2270
2799
3512
4208
4708
4926
4756
4190
3356
2346
1351
509
-5
-98
223
944
1911
3001
4020
4862
5352
5403
5039
4267
3169
1881
523
-776
-1875
-2710
-3210
-3307
-2976
-2279
-1184
199
1833
3596
5350
6952
8269
9146
9482
9218
8384
7009
5328
3496
1778
491
-217
-109
848
2591
4967
7725
10454
12842
14492
15149
14635
12974
10271
6767
2851
-1085
-4606
-7431
-9339
-10195
-10066
-9140
-7638
-5864
-4120
-2615
-1501
-795
-458
-363
-252
-47
485
1333
2510
3877
5220
6346
6988
6987
6219
4709
2532
-86
-2889
-5592
-7929
-9635
-10616
-10749
-10154
-8857
-7076
-4972
-2698
-447
1675
3647
5393
6904
8148
9157
9847
10176
10074
9519
8519
7077
5312
3395
1554
-20
-1071
-1404
-925
351
2351
4896
7683
10361
12622
14194
14840
14482
13163
11035
8343
5384
2564
130
-1634
-2588
-2713
-2085
-865
662
2265
3625
4526
4821
4492
3563
2191
553
-1085
-2551
-3592
-4158
-4188
-3710
-2833
-1815
-773
65
597
683
375
-240
-1018
-1729
-2183
-2175
-1551
-287
1608
3966
6606
9265
11647
13548
14732
15129
14739
13637
12039
10157
8232
6488
5058
4069
3504
3235
3118
3013
2712
2073
1069
-280
-1868
-3492
-4950
-5947
-6335
-5962
-4815
-3005
-676
1882
4328
6340
7657
8050
7472
5983
3713
944
-1995
-4755
-7068
-8632
-9325
-9126
-8101
-6451
-4417
-2236
-201
1478
2668
3258
3295
2812
1982
918
-259
-1367
-2341
-3148
-3719
-4143
-4365
-4507
-4557
-4555
-4477
-4351
-4189
-3942
-3622
-3287
-2952
-2648
-2411
-2349
-2443
-2700
-3170
-3766
-4424
-5096
-5681
-6166
-6445
-6513
-6362
-6085
-5703
-5275
-4923
-4704
-4644
-4814
-5187
-5732
-6420
-7156
-7854
-8500
-8959
-9213
-9237
-9012
-8533
-7870
-7032
-6036
-4972
-3839
-2675
-1556
-463
545
1437
2201
2766
3075
3152
2918
2390
1559
522
-660
-1916
-3049
-3980
-4583
-4728
-4371
-3521
-2215
-572
1189
2872
4306
5227
5527
5124
4059
2395
324
-1840
-3867
-5437
-6321
-6385
-5606
-4017
-1880
559
2973
5008
6352
6856
6403
5092
3068
659
-1782
-3859
-5310
-5867
-5423
-4075
-2010
531
3153
5519
7293
8248
8307
7487
6019
4131
2132
403
-826
-1356
-1096
-166
1311
3103
4898
6444
7505
7933
7711
6873
5588
4007
2365
851
-413
-1381
-2008
-2404
-2681
-2922
-3243
-3744
-4382
-5102
-5771
-6266
-6366
-5923
-4863
-3143
-853
1893
4804
7604
10066
11855
12793
12780
11833
10119
7834
5332
2901
887
-441
-953
-611
485
2036
3764
5313
6303
6438
5588
3684
965
-2367
-5847
-9046
-11527
-12906
-12963
-11690
-9166
-5733
-1783
2114
5482
7941
9156
9017
7613
5168
2146
-1060
-3933
-6086
-7220
-7169
-5983
-3827
-1052
2038
5028
7540
9335
10230
10219
9354
7820
5871
3700
1560
-329
-1883
-3044
-3769
-4122
-4141
-3952
-3656
-3262
-2881
-2528
-2215
-2002
-1912
-1908
-2069
-2333
-2714
-3234
-3817
-4445
-5025
-5517
-5824
-5982
-5863
-5537
-4954
-4213
-3342
-2416
-1504
-688
-34
376
562
451
70
-509
-1275
-2173
-3066
-3895
-4545
-4871
-4848
-4387
-3433
-2037
-221
1840
4069
6223
8141
9660
10573
10795
10280
9022
7098
4644
1827
-1075
-3928
-6431
-8411
-9750
-10283
-10019
-8937
-7132
-4724
-1872
1197
4228
7016
9361
11019
11914
11937
11104
9473
7179
4449
1524
-1395
-4084
-6317
-8015
-9068
-9515
-9409
-8907
-8124
-7199
-6265
-5439
-4763
-4213
-3826
-3503
-3183
-2838
-2412
-1894
-1255
-548
237
1052
1874
2661
3406
4114
4737
5228
5576
5716
5639
5273
4617
3736
2649
1488
339
-645
-1402
-1856
-1980
-1866
-1614
-1337
-1236
-1398
-1861
-2643
-3609
-4608
-5408
-5706
-5370
-4222
-2281
342
3410
6556
9376
11560
12776
12889
11922
10019
7502
4808
2314
397
-683
-816
-73
1267
2929
4459
5532
5889
5396
4115
2203
36
-2028
-3669
-4561
-4644
-3912
-2578
-944
575
1586
1853
1162
-464
-2781
-5504
-8206
-10416
-11779
-12052
-11114
-9084
-6212
-2882
456
3367
5566
6800
7051
6424
5148
3614
2180
1095
651
929
1849
3231
4844
6320
7348
7700
7226
5903
3878
1355
-1317
-3789
-5741
-6927
-7184
-6526
-5053
-2980
-642
1625
3490
4681
5014
4448
3088
1116
-1233
-3601
-5758
-7428
-8514
-8949
-8845
-8350
-7702
-7113
-6769
-6808
-7213
-7924
-8733
-9392
-9571
-9095
-7750
-5490
-2427
1239
5151
8887
12061
14291
15304
14990
13382
10680
7176
3329
-483
-3843
-6435
-8061
-8672
-8386
-7400
-5968
-4413
-3048
-2059
-1620
-1751
-2403
-3424
-4607
-5783
-6701
-7214
-7250
-6839
-5993
-4818
-3553
-2286
-1191
-414
27
129
-38
-384
-788
-1047
-1049
-758
-107
869
2040
3314
4534
5477
6039
6113
5732
4929
3813
2548
1411
503
63
85
655
1623
2886
4227
5451
6318
6762
6664
6116
5206
4113
3126
2354
2036
2247
2910
3909
5091
6163
6882
7004
6414
5062
3061
601
-2035
-4533
-6521
-7755
-8087
-7429
-5897
-3673
-1088
1546
3882
5603
6532
6602
5832
4361
2425
356
-1537
-3029
-3850
-3934
-3253
-1889
-54
1976
3941
5605
6691
7039
6616
5419
3558
1282
-1232
-3643
-5750
-7251
-8017
-7949
-7026
-5344
-3067
-392
2409
5100
7477
9306
10496
11016
10847
10117
8931
7463
5924
4463
3251
2379
1872
1737
1922
2353
2816
3213
3381
3196
2570
1447
-161
-2134
-4335
-6602
-8674
-10321
-11403
-11678
-11073
-9583
-7305
-4382
-1071
2340
5477
8097
9923
10751
10534
9358
7343
4743
1922
-812
-3069
-4654
-5305
-4986
-3755
-1737
778
3503
6083
8242
9730
10374
10135
9070
7347
5163
2843
639
-1224
-2505
-3141
-3054
-2296
-1048
565
2257
3858
5158
5975
6224
5895
4975
3592
1881
11
-1867
-3562
-4942
-5863
-6273
-6189
-5622
-4667
-3392
-1940
-465
923
2075
2962
3553
3837
3846
3676
3387
3109
2921
2848
2927
3105
3380
3647
3814
3789
3515
2939
2108
1008
-219
-1483
-2707
-3747
-4585
-5170
-5523
-5706
-5856
-6036
-6332
-6819
-7455
-8242
-9013
-9655
-9929
-9750
-8947
-7457
-5320
-2711
228
3193
5892
8057
9415
9840
9283
7845
5677
3090
400
-2067
-3971
-5152
-5424
-4796
-3364
-1352
975
3330
5469
7055
8016
8198
7639
6417
4677
2637
494
-1573
-3370
-4811
-5827
-6381
-6469
-6119
-5431
-4463
-3265
-1930
-538
833
2125
3204
4095
4686
4923
4859
4516
3917
3209
2445
1793
1287
1059
1113
1375
1799
2202
2470
2413
1889
857
-747
-2855
-5271
-7838
-10271
-12322
-13769
-14421
-14214
-13158
-11373
-9122
-6609
-4158
-2093
-584
209
208
-517
-1812
-3432
-5182
-6748
-7907
-8548
-8547
-7921
-6749
-5181
-3386
-1585
97
1524
2610
3334
3743
3945
4004
4019
4107
4273
4546
4884
5271
5578
5704
5636
5240
4511
3494
2192
704
-855
-2437
-3916
-5237
-6305
-7119
-7736
-8134
-8376
-8530
-8635
-8749
-8880
-8966
-8947
-8779
-8373
-7592
-6417
-4779
-2706
-286
2396
5095
7611
9744
11299
12052
11936
10917
9073
6571
3598
439
-2644
-5380
-7597
-9119
-9939
-10085
-9684
-8903
-7967
-7020
-6314
-5921
-5862
-6190
-6789
-7531
-8350
-9059
-9555
-9750
-9644
-9238
-8528
-7585
-6517
-5325
-4117
-2885
-1667
-514
621
1678
2647
3521
4252
4801
5139
5254
5209
5014
4685
4317
3941
3572
3277
2997
2708
2324
1793
1084
207
-835
-1935
-3012
-3859
-4324
-4300
-3693
-2489
-764
1294
3436
5381
6798
7480
7218
5988
3805
902
-2435
-5775
-8783
-10999
-12158
-12122
-10857
-8505
-5399
-1881
1583
4558
6688
7776
7763
6682
4780
2441
48
-1961
-3284
-3652
-3007
-1429
912
3649
6364
8669
10210
10714
10079
8312
5574
2153
-1644
-5416
-8864
-11720
-13816
-15131
-15688
-15642
-15189
-14491
-13738
-13047
-12473
-12022
-11614
-11211
-10704
-10023
-9205
-8253
-7252
-6323
-5583
-5150
-5084
-5318
-5858
-6502
-7125
-7479
-7444
-6835
-5683
-3940
-1780
659
3179
5504
7494
8972
9944
10385
10380
10127
9723
9366
9172
9151
9291
9565
9771
9824
9518
8774
7530
5821
3743
1466
-834
-2948
-4702
-5911
-6546
-6592
-6101
-5230
-4111
-2941
-1826
-930
-251
181
474
665
918
1253
1786
2478
3314
4131
4786
5164
5032
4378
3092
1265
-1003
-3488
-5909
-7990
-9535
-10294
-10156
-9192
-7464
-5206
-2736
-330
1639
2962
3492
3177
2105
498
-1366
-3240
-4776
-5772
-6107
-5711
-4737
-3334
-1775
-289
872
1567
1714
1353
600
-339
-1230
-1876
-2085
-1835
-1092
-2
1248
2417
3313
3722
3558
2755
1386
-411
-2389
-4381
-6149
-7509
-8421
-8795
-8700
-8230
-7479
-6602
-5680
-4772
-3976
-3231
-2575
-1949
-1345
-767
-222
231
542
663
605
353
22
-329
-604
-642
-351
288
1251
2500
3881
5199
6282
6943
7064
6578
5506
3952
2086
102
-1793
-3396
-4618
-5375
-5716
-5743
-5570
-5381
-5284
-5402
-5756
-6382
-7135
-7943
-8635
-9073
-9186
-8911
-8257
-7326
-6197
-5074
-4044
-3254
-2811
-2746
-3006
-3563
-4290
-5123
-5893
-6570
-7079
-7379
-7530
-7522
-7417
-7220
-7023
-6784
-6522
-6193
-5768
-5240
-4609
-3898
-3144
-2448
-1869
-1480
-1387
-1594
-2110
-2916
-3922
-4969
-5941
-6697
-7162
-7210
-6837
-6075
-5045
-3839
-2657
-1605
-833
-440
-461
-868
-1562
-2468
-3383
-4230
-4840
-5088
-4992
-4470
-3645
-2577
-1367
-120
962
1869
2423
2622
2395
1765
667
-856
-2782
-5041
-7557
-10251
-12952
-15533
-17767
-19466
-20503
-20707
-20019
-18493
-16196
-13368
-10257
-7180
-4471
-2382
-1142
-831
-1436
-2821
-4682
-6704
-8551
-9848
-10368
-9911
-8490
-6174
-3208
129
3446
6484
8963
10663
11531
11640
11085
10139
8981
7828
6897
6257
5894
5751
5684
5513
5089
4211
2843
985
-1327
-3930
-6622
-9200
-11456
-13204
-14380
-14928
-14862
-14270
-13258
-12026
-10636
-9240
-7871
-6554
-5357
-4160
-3028
-1860
-664
492
1595
2609
3406
4031
4388
4506
4507
4434
4389
4524
4902
5544
6465
7528
8605
9504
9980
9874
9023
7357
4989
2004
-1345
-4760
-7887
-10441
-12148
-12849
-12537
-11302
-9315
-6898
-4385
-2071
-253
869
1177
717
-347
-1881
-3611
-5267
-6695
-7712
-8275
-8372
-8113
-7599
-6947
-6274
-5656
-5151
-4651
-4156
-3512
-2672
-1590
-216
1374
3036
4652
6048
6991
7378
7127
6227
4782
2953
955
-986
-2627
-3761
-4240
-4111
-3310
-2025
-450
1279
2875
4208
5158
5639
5668
5371
4827
4250
3734
3403
3376
3638
4117
4803
5482
6053
6390
6384
5976
5165
4019
2647
1129
-356
-1675
-2785
-3627
-4199
-4532
-4709
-4838
-4968
-5176
-5457
-5788
-6080
-6220
-6127
-5680
-4798
-3534
-1916
-56
1801
3507
4826
5605
5714
5194
4125
2630
966
-595
-1847
-2581
-2712
-2228
-1280
-33
1208
2218
2723
2571
1767
352
-1477
-3432
-5151
-6357
-6782
-6268
-4837
-2607
171
3096
5844
8006
9280
9575
8817
7232
5050
2634
412
-1250
-2048
-1893
-730
1255
3791
6511
9013
10927
11999
12022
11055
9178
6655
3813
1006
-1386
-3141
-4020
-3993
-3120
-1583
409
2502
4448
6009
6949
7153
6656
5506
3869
1917
-40
-1824
-3208
-3961
-4028
-3296
-1824
305
2951
5875
8908
11743
14181
16003
17041
17217
16493
14956
12723
9981
6954
3939
1084
-1324
-3211
-4499
-5186
-5394
-5227
-4890
-4603
-4475
-4649
-5206
-6094
-7240
-8468
-9596
-10407
-10689
-10314
-9181
-7325
-4886
-1996
1012
3874
6229
7854
8507
8124
6716
4427
1490
-1697
-4816
-7465
-9317
-10197
-10016
-8823
-6781
-4198
-1452
1069
3069
4217
4439
3700
2152
74
-2219
-4349
-6010
-6929
-7018
-6247
-4789
-2853
-802
1090
2471
3225
3183
2425
1151
-416
-1908
-3047
-3542
-3173
-1906
154
2839
5805
8736
11190
12886
13532
13057
11463
8912
5695
2193
-1208
-4078
-6151
-7186
-7167
-6101
-4280
-1935
476
2603
4103
4736
4408
3116
1067
-1460
-4121
-6481
-8236
-9128
-8994
-7921
-6046
-3648
-1132
1161
2854
3711
3632
2621
870
-1331
-3629
-5660
-7096
-7735
-7517
-6471
-4821
-2858
-906
671
1603
1713
930
-618
-2778
-5266
-7770
-9949
-11608
-12557
-12721
-12189
-11145
-9755
-8278
-7004
-6146
-5810
-6060
-6940
-8304
-9993
-11815
-13595
-15120
-16197
-16776
-16737
-16097
-14893
-13203
-11201
-8977
-6686
-4518
-2549
-942
271
995
1319
1182
745
12
-833
-1721
-2485
-3103
-3410
-3431
-3113
-2445
-1470
-222
1178
2679
4208
5618
6842
7806
8405
8647
8437
7834
6838
5497
3927
2246
562
-967
-2228
-3077
-3506
-3422
-2863
-1882
-594
887
2449
3923
5171
6144
6743
6965
6860
6454
5898
5258
4633
4129
3779
3655
3706
3932
4233
4559
4832
4982
4962
4733
4376
3836
3220
2615
2036
1561
1245
1084
1086
1184
1337
1432
1423
1211
734
1
-995
-2215
-3524
-4808
-5954
-6809
-7174
-7032
-6248
-4899
-2997
-761
1626
3947
5903
7227
7718
7296
5874
3542
494
-3012
-6600
-9924
-12601
-14348
-14966
-14343
-12552
-9740
-6235
-2354
1508
4944
7655
9432
10114
9765
8444
6391
3866
1175
-1448
-3742
-5512
-6705
-7268
-7252
-6736
-5880
-4822
-3675
-2547
-1581
-762
-157
248
464
477
409
207
-60
-366
-735
-1087
-1436
-1741
-1998
-2160
-2216
-2077
-1726
-1165
-321
745
2062
3552
5099
6597
7925
8927
9486
9486
8915
7763
6141
4142
1994
-72
-1911
-3254
-4009
-4150
-3683
-2722
-1472
-143
1041
1892
2292
2163
1542
633
-434
-1413
-2102
-2287
-1889
-925
537
2358
4299
6111
7602
8594
9031
8907
8347
7444
6415
5402
4588
4055
3779
3699
3704
3674
3438
2944
2127
1025
-294
-1641
-2877
-3793
-4356
-4483
-4207
-3663
-3053
-2564
-2394
-2743
-3677
-5120
-6952
-8975
-10876
-12325
-13114
-13005
-11945
-9989
-7323
-4245
-1082
1729
3908
5174
5429
4697
3144
1006
-1366
-3660
-5553
-6799
-7353
-7162
-6413
-5271
-4032
-2970
-2266
-2093
-2466
-3367
-4615
-6000
-7303
-8308
-8902
-8944
-8482
-7544
-6279
-4880
-3462
-2217
-1223
-503
-98
54
61
-68
-196
-355
-449
-528
-540
-552
-484
-350
-65
388
1054
1929
3005
4190
5335
6330
6980
7189
6836
5894
4468
2668
755
-1067
-2509
-3410
-3676
-3295
-2360
-1096
209
1290
1879
1753
891
-691
-2838
-5285
-7698
-9736
-11145
-11711
-11325
-10038
-7990
-5430
-2627
116
2500
4289
5353
5589
5062
3824
2022
-137
-2500
-4786
-6885
-8545
-9666
-10165
-9985
-9198
-7842
-6183
-4394
-2778
-1629
-1175
-1596
-3015
-5349
-8415
-11909
-15385
-18426
-20575
-21497
-20967
-18958
-15613
-11238
-6297
-1353
3142
6653
8902
9717
9154
7403
4848
1924
-942
-3330
-4946
-5611
-5295
-4148
-2362
-280
1817
3653
4927
5558
5446
4633
3171
1220
-1013
-3414
-5740
-7872
-9689
-11066
-11935
-12255
-12047
-11329
-10195
-8737
-7080
-5455
-3943
-2709
-1867
-1484
-1504
-1904
-2550
-3270
-3944
-4372
-4514
-4307
-3743
-2902
-1906
-888
39
713
1149
1283
1222
1026
817
708
774
1043
1539
2162
2853
3453
3828
3947
3701
3130
2315
1333
323
-587
-1282
-1660
-1699
-1386
-804
8
975
2004
3085
4179
5300
6435
7641
8871
10101
11284
12329
13116
13611
13656
13255
12437
11236
9810
8268
6794
5544
4592
3974
3702
3622
3666
3669
3472
3020
2282
1265
166
-909
-1776
-2241
-2200
-1633
-598
743
2187
3462
4313
4543
4053
2890
1134
-935
-3004
-4709
-5820
-6026
-5298
-3633
-1304
1445
4139
6438
7890
8264
7459
5479
2578
-899
-4481
-7739
-10235
-11628
-11767
-10639
-8448
-5479
-2158
1041
3722
5545
6294
5985
4673
2618
165
-2377
-4640
-6349
-7387
-7675
-7364
-6607
-5658
-4779
-4178
-4054
-4459
-5342
-6566
-7908
-9189
-10101
-10460
-10135
-9104
-7363
-5032
-2325
589
3466
6101
8366
10143
11306
11855
11799
11135
9891
8126
5937
3349
523
-2444
-5353
-8083
-10392
-12145
-13223
-13568
-13205
-12216
-10831
-9241
-7718
-6505
-5780
-5702
-6208
-7211
-8463
-9723
-10632
-10978
-10486
-9094
-6847
-3923
-676
2528
5268
7181
7981
7526
5831
3130
-248
-3881
-7270
-9995
-11679
-12135
-11314
-9399
-6630
-3411
-188
2607
4632
5647
5564
4426
2412
-194
-3094
-5982
-8525
-10568
-11920
-12587
-12557
-11913
-10746
-9224
-7413
-5415
-3282
-1130
1036
3079
4953
6530
7739
8465
8648
8265
7318
5899
4107
2137
94
-1826
-3485
-4820
-5748
-6280
-6443
-6293
-5899
-5293
-4487
-3525
-2428
-1160
235
1752
3264
4739
6063
7076
7728
7981
7817
7270
6517
5628
4805
4133
3714
3528
3573
3756
3879
3835
3501
2814
1819
643
-575
-1573
-2143
-2150
-1464
-112
1740
3807
5800
7319
8074
7856
6533
4198
1046
-2575
-6253
-9554
-12097
-13632
-13998
-13259
-11546
-9195
-6500
-3796
-1445
427
1671
2282
2427
2204
1819
1377
982
655
377
23
-521
-1359
-2475
-3937
-5583
-7273
-8901
-10233
-11117
-11528
-11428
-10902
-10149
-9298
-8585
-8130
-7995
-8248
-8745
-9328
-9833
-10063
-9876
-9183
-8057
-6538
-4852
-3174
-1808
-862
-478
-670
-1389
-2423
-3626
-4698
-5542
-5940
-5905
-5433
-4657
-3770
-2910
-2253
-1915
-1926
-2227
-2714
-3199
-3505
-3573
-3217
-2487
-1483
-307
804
1642
2068
1916
1175
-102
-1701
-3468
-5121
-6438
-7219
-7390
-6944
-5934
-4615
-3130
-1790
-744
-147
-104
-550
-1386
-2418
-3443
-4228
-4594
-4485
-3819
-2654
-1141
601
2354
3909
5166
6036
6499
6578
6390
6047
5655
5398
5250
5278
5432
5679
5839
5860
5578
4973
4004
2679
1110
-552
-2183
-3574
-4597
-5139
-5064
-4415
-3222
-1581
314
2281
4116
5677
6762
7321
7308
6757
5825
4664
3503
2539
1950
1949
2599
3907
5756
8062
10502
12867
14857
16200
16771
16402
15105
12993
10241
7157
3997
1062
-1349
-3027
-3904
-3942
-3187
-1828
-46
1894
3793
5432
6656
7383
7594
7282
6577
5559
4326
3045
1829
750
-115
-727
-1032
-1069
-819
-335
293
1064
1822
2585
3222
3748
4096
4325
4448
4514
4591
4794
5086
5533
6117
6774
7404
7895
8123
8060
7577
6694
5465
3968
2318
651
-904
-2189
-3226
-3922
-4359
-4580
-4683
-4723
-4763
-4863
-4949
-5050
-5040
-4865
-4556
-4080
-3473
-2868
-2389
-2136
-2231
-2728
-3582
-4719
-5927
-6960
-7573
-7559
-6732
-5121
-2736
179
3295
6253
8638
10112
10413
9449
7284
4148
383
-3580
-7269
-10253
-12240
-13031
-12624
-11104
-8822
-6053
-3259
-755
1161
2285
2536
2022
841
-694
-2381
-3970
-5249
-6078
-6396
-6239
-5697
-4911
-3980
-3036
-2197
-1490
-962
-595
-359
-153
16
196
415
611
834
968
1035
991
854
600
270
-59
-358
-537
-604
-557
-407
-171
86
284
374
353
167
-117
-454
-681
-775
-578
3
960
2290
3902
5690
7417
8935
10031
10529
10334
9484
7990
6008
3748
1474
-614
-2255
-3315
-3787
-3628
-2983
-2065
-1063
-180
381
479
125
-680
-1812
-3041
-4175
-5007
-5391
-5206
-4422
-3143
-1484
385
2218
3879
5193
6039
6396
6289
5834
5142
4389
3673
3104
2766
2664
2812
3094
3447
3799
4073
4193
4113
3886
3432
2814
2050
1149
109
-1093
-2390
-3811
-5331
-6849
-8334
-9621
-10610
-11149
-11163
-10564
-9304
-7504
-5208
-2644
11
2489
4587
6116
6992
7225
6847
6028
4973
3997
3260
2992
3279
4147
5502
7160
8889
10423
11564
12080
11926
11097
9745
8103
6414
4976
4042
3788
4248
5364
6944
8776
10486
11804
12457
12277
11199
9329
6855
4027
1168
-1377
-3338
-4563
-4914
-4458
-3302
-1665
177
2037
3600
4764
5381
5464
5046
4190
3030
1736
394
-867
-2021
-2989
-3781
-4321
-4689
-4840
-4760
-4525
-4059
-3398
-2643
-1766
-899
-110
559
963
1118
969
578
12
-644
-1205
-1540
-1508
-999
32
1568
3498
5734
8010
10101
11758
12749
12900
12125
10496
8076
5104
1908
-1146
-3745
-5599
-6417
-6175
-4869
-2679
41
2905
5527
7495
8484
8314
7020
4698
1700
-1576
-4692
-7204
-8760
-9179
-8401
-6607
-4096
-1274
1412
3501
4690
4824
3918
2178
-76
-2407
-4327
-5435
-5440
-4241
-1903
1349
5088
8855
12163
14604
15859
15791
14426
12033
8875
5412
2077
-799
-2924
-4203
-4623
-4328
-3563
-2631
-1817
-1368
-1385
-1903
-2865
-4053
-5234
-6142
-6563
-6316
-5366
-3779
-1726
546
2758
4569
5763
6111
5648
4334
2410
108
-2309
-4526
-6297
-7459
-7932
-7784
-7172
-6311
-5458
-4813
-4599
-4886
-5605
-6729
-7985
-9121
-9939
-10200
-9830
-8775
-7208
-5314
-3396
-1745
-700
-388
-947
-2268
-4205
-6453
-8620
-10371
-11391
-11482
-10572
-8777
-6314
-3487
-675
1702
3427
4254
4204
3309
1872
151
-1433
-2648
-3173
-2880
-1833
-149
1959
4174
6195
7715
8586
8712
8113
6999
5556
4017
2709
1806
1433
1592
2279
3311
4456
5515
6224
6493
6185
5317
3974
2307
557
-1075
-2308
-3045
-3088
-2475
-1217
504
2554
4683
6610
8153
9101
9374
8929
7792
6174
4185
2145
234
-1289
-2221
-2507
-2100
-1039
541
2425
4406
6286
7829
8904
9436
9433
8911
8008
6806
5434
4007
2604
1248
-33
-1243
-2394
-3500
-4521
-5424
-6109
-6483
-6505
-6091
-5275
-4096
-2737
-1318
-83
786
1069
701
-351
-2020
-4115
-6427
-8671
-10555
-11915
-12561
-12472
-11697
-10396
-8811
-7195
-5824
-4860
-4468
-4656
-5347
-6387
-7551
-8636
-9416
-9722
-9512
-8731
-7490
-5937
-4282
-2716
-1451
-571
-136
-155
-494
-1082
-1650
-2050
-2166
-1862
-1123
-18
1342
2787
4083
5074
5592
5491
4800
3529
1849
-83
-1977
-3689
-4983
-5833
-6150
-6086
-5749
-5389
-5202
-5348
-5998
-7123
-8672
-10372
-12002
-13204
-13677
-13237
-11738
-9220
-5884
-2038
1854
5373
8071
9665
9966
8944
6829
3900
658
-2518
-5112
-6870
-7553
-7140
-5798
-3772
-1388
995
3033
4523
5395
5588
5299
4660
3939
3277
2830
2638
2658
2788
2856
2662
2144
1183
-216
-1938
-3803
-5607
-7168
-8287
-8843
-8818
-8267
-7328
-6153
-4986
-3948
-3173
-2747
-2663
-2806
-3095
-3385
-3548
-3552
-3344
-2986
-2578
-2231
-2137
-2338
-2995
-4027
-5393
-6923
-8453
-9726
-10501
-10581
-9856
-8332
-6021
-3129
109
3354
6259
8569
10022
10458
9862
8339
6095
3411
625
-1931
-3972
-5294
-5887
-5735
-5041
-4077
-3138
-2509
-2410
-2950
-4159
-5867
-7797
-9612
-10939
-11469
-10964
-9301
-6580
-3012
1054
5152
8828
11722
13498
14036
13334
11621
9137
6265
3409
820
-1180
-2548
-3281
-3449
-3285
-2929
-2557
-2265
-2092
-1956
-1762
-1357
-624
479
1943
3650
5397
6915
7946
8268
7765
6389
4288
1692
-1121
-3732
-5805
-7078
-7422
-6796
-5356
-3364
-1206
759
2223
2906
2702
1664
-74
-2169
-4269
-6075
-7252
-7580
-7024
-5626
-3628
-1351
885
2719
3879
4202
3621
2191
190
-2155
-4486
-6494
-7936
-8616
-8467
-7555
-6013
-4050
-1920
109
1896
3241
4105
4505
4485
4226
3790
3291
2883
2563
2336
2228
2125
1990
1813
1473
1047
473
-186
-932
-1677
-2486
-3276
-4067
-4879
-5683
-6483
-7207
-7803
-8207
-8356
-8113
-7509
-6480
-5092
-3471
-1741
-73
1343
2349
2836
2812
2266
1310
129
-1091
-2128
-2827
-3035
-2721
-1898
-639
891
2539
4081
5387
6314
6703
6556
5877
4658
2980
941
-1338
-3783
-6217
-8529
-10581
-12277
-13455
-14011
-13917
-13146
-11731
-9811
-7517
-5101
-2720
-621
1049
2166
2673
2690
2258
1555
812
132
-315
-503
-385
-68
362
775
1042
1070
833
381
-218
-776
-1212
-1318
-1021
-335
722
2037
3368
4601
5457
5816
5576
4722
3358
1559
-413
-2419
-4220
-5713
-6734
-7286
-7394
-7103
-6519
-5784
-4970
-4150
-3413
-2739
-2160
-1701
-1360
-1097
-995
-1012
-1233
-1659
-2232
-2952
-3749
-4500
-5132
-5546
-5597
-5253
-4477
-3347
-1891
-227
1546
3236
4749
6002
6957
7570
7918
8018
7951
7782
7610
7403
7197
6974
6688
6269
5699
4926
3926
2745
1444
71
-1262
-2468
-3407
-4069
-4376
-4305
-3923
-3229
-2300
-1248
-118
1020
2134
3205
4224
5224
6243
7271
8390
9492
10572
11576
12338
12778
12757
12208
11049
9271
6933
4098
934
-2372
-5612
-8554
-10998
-12761
-13744
-13825
-12994
-11263
-8791
-5668
-2089
1711
5477
8978
11946
14189
15550
15911
15264
13660
11261
8273
4959
1606
-1486
-4062
-5969
-7121
-7458
-7146
-6286
-5079
-3721
-2428
-1296
-448
193
602
884
1159
1455
1789
2174
2515
2672
2547
2002
1012
-452
-2219
-4170
-6043
-7590
-8568
-8802
-8207
-6843
-4843
-2438
2
2218
3885
4833
4950
4291
3017
1373
-335
-1825
-2819
-3162
-2831
-1910
-544
964
2368
3382
3808
3591
2670
1184
-677
-2709
-4624
-6223
-7331
-7869
-7781
-7145
-6089
-4711
-3160
-1555
21
1530
2902
4151
5224
6133
6787
7133
7092
6550
5509
3918
1853
-543
-3073
-5588
-7787
-9488
-10539
-10846
-10433
-9416
-8004
-6433
-4951
-3756
-3036
-2825
-3104
-3740
-4487
-5100
-5359
-5070
-4117
-2481
-282
2313
4997
7504
9533
10953
11566
11384
10473
9013
7244
5414
3714
2342
1378
874
743
892
1151
1358
1373
1114
539
-367
-1492
-2732
-3972
-5081
-5893
-6367
-6419
-6038
-5280
-4161
-2773
-1223
393
1914
3291
4373
5148
5566
5629
5331
4782
4055
3294
2662
2217
2143
2465
3233
4376
5839
7449
9023
10457
11493
12020
11933
11216
9871
7988
5692
3131
508
-2017
-4319
-6249
-7789
-8837
-9428
-9622
-9402
-8897
-8141
-7196
-6160
-5046
-3963
-2901
-1984
-1154
-533
-105
137
110
-102
-554
-1177
-1963
-2864
-3875
-4906
-5944
-6921
-7813
-8544
-9097
-9403
-9444
-9146
-8517
-7522
-6188
-4567
-2726
-772
1161
2978
4514
5658
6314
6459
6077
5214
3946
2450
839
-701
-1992
-2946
-3444
-3524
-3149
-2438
-1473
-480
472
1186
1579
1585
1157
397
-626
-1822
-2990
-4052
-4833
-5242
-5237
-4791
-3943
-2760
-1383
62
1438
2641
3503
4017
4070
3718
2976
1948
718
-619
-1912
-3074
-3996
-4638
-4945
-4957
-4654
-4141
-3443
-2675
-1838
-1082
-417
134
515
697
679
483
119
-429
-1073
-1794
-2527
-3229
-3783
-4171
-4351
-4260
-3933
-3453
-2903
-2379
-2042
-2023
-2472
-3399
-4830
-6703
-8904
-11245
-13496
-15438
-16834
-17541
-17456
-16569
-14954
-12741
-10154
-7407
-4764
-2413
-538
737
1426
1532
1086
291
-765
-1912
-3059
-4048
-4860
-5390
-5683
-5727
-5617
-5391
-5103
-4894
-4783
-4861
-5151
-5690
-6427
-7267
-8188
-8974
-9591
-9845
-9670
-9021
-7878
-6363
-4604
-2739
-965
507
1528
2002
1961
1409
508
-580
-1616
-2378
-2795
-2704
-2149
-1152
106
1443
2692
3675
4235
4348
4043
3377
2554
1683
994
569
510
829
1491
2393
3383
4330
5126
5626
5770
5598
5058
4194
3128
1836
428
-1028
-2488
-3912
-5164
-6231
-6942
-7204
-6966
-6152
-4789
-2917
-696
1621
3789
5535
6554
6663
5758
3896
1178
-2027
-5363
-8425
-10782
-12098
-12223
-11053
-8716
-5591
-2026
1474
4403
6309
6951
6149
3955
648
-3401
-7765
-11870
-15261
-17562
-18535
-18091
-16296
-13440
-9805
-5839
-1921
1560
4329
6173
7083
7083
6374
5196
3815
2500
1504
973
1017
1669
2777
4266
5911
7496
8830
9773
10211
10144
9624
8758
7717
6676
5814
5239
5101
5297
5831
6569
7286
7830
7998
7674
6829
5467
3699
1684
-363
-2211
-3697
-4643
-5009
-4772
-4082
-3019
-1780
-608
366
1037
1273
1074
540
-260
-1225
-2163
-2993
-3547
-3783
-3615
-3079
-2113
-831
729
2415
4147
5700
6957
7754
7921
7360
6072
4046
1469
-1458
-4466
-7253
-9449
-10767
-11096
-10292
-8437
-5775
-2596
705
3680
6011
7341
7614
6798
5061
2742
150
-2279
-4204
-5432
-5799
-5386
-4373
-3008
-1604
-442
205
235
-305
-1323
-2600
-3847
-4851
-5350
-5270
-4628
-3559
-2250
-961
18
514
412
-285
-1435
-2805
-4144
-5140
-5559
-5298
-4267
-2546
-363
2051
4408
6536
8207
9368
10100
10482
10705
10989
11488
12273
13409
14719
16040
17119
17682
17523
16561
14752
12257
9339
6319
3602
1489
299
124
917
2548
4654
6873
8811
10096
10447
9775
8103
5678
2791
-162
-2744
-4677
-5660
-5677
-4761
-3134
-1188
743
2259
3025
2855
1646
-426
-3203
-6286
-9333
-11900
-13650
-14356
-13948
-12433
-10083
-7138
-4001
-1129
1198
2589
2965
2217
454
-2068
-5064
-8172
-11039
-13338
-14841
-15474
-15191
-14141
-12522
-10624
-8695
-7049
-5858
-5217
-5147
-5528
-6192
-6924
-7451
-7593
-7222
-6255
-4773
-2932
-932
933
2464
3440
3717
3357
2385
1042
-413
-1709
-2563
-2802
-2283
-1015
877
3121
5529
7751
9529
10663
11055
10701
9742
8393
6892
5483
4407
3843
3804
4253
5062
6011
6870
7374
7319
6657
5270
3302
901
-1688
-4229
-6460
-8127
-9116
-9314
-8821
-7694
-6088
-4267
-2391
-702
692
1658
2132
2222
1895
1282
512
-374
-1259
-2138
-2928
-3682
-4352
-4969
-5562
-6101
-6595
-7018
-7386
-7716
-7959
-8201
-8453
-8765
-9169
-9708
-10361
-11095
-11804
-12370
-12629
-12473
-11742
-10393
-8382
-5795
-2815
390
3527
6328
8538
10029
10690
10528
9694
8377
6884
5504
4443
3937
4029
4717
5815
7100
8291
9083
9242
8599
7133
4933
2168
-806
-3682
-6124
-7921
-8843
-8902
-8167
-6862
-5272
-3769
-2608
-2101
-2350
-3438
-5222
-7536
-10065
-12495
-14543
-15955
-16527
-16219
-15059
-13207
-10871
-8374
-5930
-3872
-2394
-1608
-1647
-2432
-3863
-5733
-7816
-9859
-11552
-12674
-13009
-12420
-10892
-8474
-5323
-1706
2096
5697
8787
11078
12379
12576
11688
9902
7461
4729
2040
-211
-1783
-2489
-2253
-1164
564
2653
4749
6606
7880
8424
8156
7127
5486
3407
1183
-981
-2843
-4350
-5352
-5925
-6131
-6049
-5783
-5470
-5133
-4769
-4323
-3692
-2856
-1690
-171
1679
3734
5867
7878
9527
10622
11005
10548
9274
7302
4717
1851
-1105
-3791
-5956
-7441
-8121
-7912
-6929
-5269
-3108
-699
1799
4181
6323
8120
9550
10631
11399
11890
12127
12101
11888
11367
10516
9374
7864
6062
4021
1910
-114
-1902
-3252
-4062
-4257
-3856
-2961
-1723
-385
819
1669
2047
1840
1100
-95
-1515
-2888
-4022
-4677
-4688
-4013
-2712
-952
1050
3012
4640
5723
6137
5791
4786
3267
1468
-300
-1823
-2847
-3252
-2939
-2014
-572
1139
2959
4573
5816
6564
6745
6319
5396
4123
2604
1055
-427
-1667
-2649
-3304
-3652
-3681
-3517
-3132
-2587
-1930
-1144
-307
574
1482
2337
3116
3677
3938
3852
3353
2411
1071
-565
-2359
-4130
-5732
-6949
-7596
-7679
-7116
-5967
-4362
-2471
-525
1343
2918
4125
4966
5424
5605
5673
5728
5840
6127
6516
6973
7368
7588
7442
6890
5879
4470
2782
1054
-532
-1717
-2320
-2240
-1448
-81
1655
3540
5227
6536
7251
7295
6745
5742
4569
3510
2871
2892
3705
5291
7520
10090
12671
14869
16339
16829
16185
14429
11763
8477
4944
1567
-1263
-3280
-4315
-4351
-3493
-1970
-68
1831
3541
4755
5403
5474
5014
4180
3221
2261
1495
1027
924
1131
1576
2160
2749
3307
3713
4005
4145
4182
4168
4171
4190
4187
4224
4163
4011
3689
3229
2676
2061
1534
1199
1170
1587
2401
3605
5100
6656
8086
9127
9581
9300
8226
6409
4064
1396
-1258
-3569
-5225
-5995
-5771
-4543
-2504
104
2923
5569
7716
9017
9292
8534
6773
4240
1259
-1791
-4539
-6633
-7870
-8142
-7383
-5789
-3557
-1001
1544
3787
5537
6580
6894
6548
5708
4554
3318
2234
1495
1183
1319
1858
2732
3737
4725
5521
5978
6039
5625
4778
3585
2116
516
-1144
-2677
-4064
-5162
-6000
-6511
-6685
-6523
-6043
-5286
-4315
-3133
-1833
-489
754
1884
2721
3268
3429
3198
2574
1671
501
-782
-2088
-3317
-4348
-5119
-5639
-5829
-5732
-5417
-4906
-4283
-3605
-3021
-2543
-2252
-2245
-2505
-3053
-3908
-4962
-6173
-7341
-8371
-9070
-9263
-8801
-7658
-5786
-3229
-134
3250
6671
9825
12446
14253
15100
14895
13653
11494
8684
5394
1948
-1338
-4306
-6727
-8524
-9616
-10081
-9940
-9352
-8333
-7043
-5484
-3745
-1897
93
2149
4189
6079
7737
9005
9738
9801
9198
7866
5922
3494
845
-1797
-4113
-5922
-6967
-7195
-6601
-5262
-3426
-1370
605
2200
3164
3306
2565
1050
-1118
-3619
-6193
-8486
-10162
-11014
-10888
-9778
-7827
-5193
-2188
864
3624
5785
7127
7586
7087
5743
3754
1320
-1263
-3715
-5795
-7394
-8347
-8651
-8397
-7661
-6667
-5556
-4531
-3731
-3240
-3183
-3473
-4106
-4952
-5888
-6742
-7440
-7840
-7890
-7587
-6995
-6246
-5439
-4798
-4420
-4470
-5001
-6051
-7490
-9164
-10886
-12341
-13311
-13502
-12772
-11021
-8266
-4674
-505
3954
8272
12076
15057
16975
17708
17264
15774
13546
10839
8071
5553
3518
2232
1669
1780
2444
3380
4370
5104
5391
5088
4195
2764
923
-1067
-2960
-4583
-5685
-6212
-6071
-5340
-4175
-2749
-1326
-76
742
1035
750
-138
-1525
-3280
-5241
-7163
-8909
-10273
-11156
-11525
-11310
-10554
-9360
-7788
-5989
-4058
-2144
-351
1211
2425
3265
3624
3531
2951
1897
472
-1205
-2952
-4596
-5968
-6800
-6969
-6349
-4939
-2774
-15
3049
6115
8824
10876
11934
11801
10435
7865
4303
37
-4544
-9025
-13021
-16233
-18438
-19545
-19556
-18627
-16964
-14796
-12427
-10019
-7756
-5698
-3896
-2335
-888
444
1712
2941
4053
4980
5659
5923
5749
5050
3936
2405
645
-1246
-3093
-4743
-6104
-7121
-7846
-8258
-8468
-8549
-8575
-8567
-8496
-8349
-8019
-7491
-6682
-5521
-4039
-2287
-413
1494
3276
4774
5871
6549
6738
6521
5986
5174
4244
3280
2317
1462
691
-37
-712
-1413
-2110
-2783
-3473
-4051
-4540
-4822
-4913
-4755
-4433
-3955
-3366
-2803
-2277
-1868
-1572
-1382
-1218
-1055
-796
-330
304
1164
2178
3282
4327
5208
5770
5907
5585
4780
3583
2091
476
-1086
-2366
-3264
-3632
-3429
-2719
-1606
-198
1227
2524
3439
3876
3728
3023
1826
355
-1172
-2493
-3380
-3589
-3045
-1626
535
3303
6402
9536
12369
14588
15962
16289
15562
13808
11220
8030
4523
1052
-2109
-4782
-6742
-7985
-8494
-8355
-7739
-6787
-5656
-4497
-3409
-2448
-1634
-942
-357
171
638
1134
1622
2113
2579
3008
3395
3725
3991
4184
4241
4146
3863
3340
2524
1354
-143
-1994
-4112
-6464
-8823
-11110
-13136
-14733
-15820
-16323
-16221
-15628
-14583
-13218
-11691
-10080
-8501
-6984
-5514
-4117
-2750
-1409
-166
972
1879
2400
2428
1831
623
-1133
-3313
-5640
-7776
-9357
-10110
-9754
-8219
-5563
-1977
2166
6328
10064
12868
14359
14340
12809
9959
6133
1887
-2329
-5979
-8659
-10185
-10490
-9713
-8191
-6270
-4430
-2985
-2265
-2314
-3196
-4650
-6436
-8170
-9600
-10371
-10340
-9493
-7886
-5685
-3156
-604
1747
3653
5002
5732
5936
5628
4980
4151
3241
2357
1587
936
472
133
-64
-162
-124
-10
152
316
445
487
331
-64
-746
-1685
-2814
-4049
-5221
-6175
-6788
-6910
-6473
-5492
-4089
-2421
-656
936
2215
3018
3342
3205
2786
2254
1884
1861
2323
3353
4859
6705
8590
10253
11360
11665
11023
9406
6957
3865
483
-2831
-5768
-8021
-9405
-9898
-9560
-8525
-7078
-5451
-3829
-2432
-1318
-501
44
459
824
1240
1729
2278
2838
3304
3527
3452
2993
2243
1275
189
-780
-1495
-1818
-1656
-1098
-184
846
1774
2415
2556
2113
1068
-385
-2070
-3762
-5101
-5879
-5943
-5276
-3935
-2160
-248
1436
2568
2859
2180
525
-1953
-4967
-8133
-11059
-13350
-14708
-14968
-14110
-12274
-9706
-6811
-3917
-1404
484
1512
1732
1218
198
-1054
-2245
-3137
-3545
-3404
-2753
-1794
-687
220
796
772
145
-1070
-2726
-4595
-6355
-7746
-8482
-8432
-7533
-5879
-3644
-1070
1471
3740
5469
6481
6741
6346
5402
4136
2810
1632
770
336
283
549
988
1444
1748
1791
1543
995
240
-507
-1142
-1454
-1390
-846
140
1411
2863
4245
5363
6084
6287
5950
5142
4005
2771
1573
647
136
77
487
1255
2182
3086
3725
3906
3464
2376
618
-1694
-4328
-7107
-9712
-11857
-13371
-14030
-13736
-12562
-10523
-7846
-4761
-1526
1537
4163
6122
7253
7450
6775
5274
3173
677
-1905
-4342
-6342
-7719
-8329
-8134
-7157
-5492
-3290
-775
1838
4309
6472
8159
9291
9818
9768
9133
8045
6604
4881
3004
1092
-762
-2464
-3882
-5004
-5729
-5993
-5852
-5257
-4347
-3178
-1911
-724
261
883
1038
662
-140
-1277
-2615
-3860
-4851
-5347
-5207
-4363
-2876
-846
1476
3792
5818
7241
7859
7606
6443
4550
2163
-415
-2797
-4693
-5826
-6057
-5380
-3895
-1804
587
2996
5118
6697
7612
7819
7366
6415
5153
3789
2474
1386
517
-90
-519
-930
-1447
-2131
-3040
-4195
-5480
-6749
-7818
-8493
-8650
-8169
-7020
-5313
-3212
-935
1183
2878
3926
4129
3474
1955
-233
-2812
-5500
-7963
-9874
-11012
-11290
-10614
-9145
-7042
-4575
-2071
220
2027
3152
3602
3359
2556
1359
64
-1210
-2198
-2793
-2970
-2723
-2106
-1307
-437
356
955
1280
1271
973
413
-347
-1218
-2186
-3134
-4041
-4885
-5552
-6031
-6243
-6058
-5458
-4339
-2674
-519
2034
4796
7507
9884
11596
12380
12040
10500
7845
4266
167
-4057
-7880
-10866
-12628
-12944
-11795
-9319
-5893
-1992
1875
5130
7367
8226
7599
5598
2451
-1409
-5474
-9243
-12260
-14191
-14888
-14364
-12755
-10401
-7636
-4901
-2513
-725
339
620
247
-609
-1714
-2882
-3920
-4701
-5201
-5437
-5566
-5616
-5725
-5996
-6379
-6833
-7299
-7560
-7561
-7114
-6170
-4730
-2878
-790
1377
3398
5094
6310
7000
7167
6902
6398
5807
5329
5133
5250
5699
6428
7231
7915
8354
8330
7760
6646
5102
3256
1365
-377
-1745
-2621
-2944
-2748
-2184
-1458
-796
-379
-389
-834
-1716
-2879
-4062
-5058
-5561
-5469
-4643
-3102
-1042
1334
3683
5701
7118
7748
7586
6721
5324
3752
2341
1350
1083
1597
2876
4706
6830
8838
10407
11187
11062
9914
7949
5367
2536
-106
-2203
-3478
-3714
-2957
-1297
958
3496
5931
7945
9298
9875
9695
8922
7737
6440
5286
4442
4036
4021
4382
4874
5333
5523
5305
4624
3458
1953
223
-1442
-2881
-3898
-4363
-4266
-3631
-2600
-1345
-57
1107
2025
2623
2892
2903
2745
2541
2452
2509
2826
3326
3967
4702
5348
5801
5960
5766
5186
4259
3049
1639
198
-1221
-2461
-3444
-4162
-4600
-4768
-4757
-4658
-4549
-4506
-4648
-5003
-5597
-6413
-7440
-8526
-9615
-10524
-11196
-11439
-11206
-10411
-9077
-7244
-5043
-2660
-275
1868
3616
4756
5179
4869
3893
2344
443
-1545
-3400
-4843
-5668
-5808
-5193
-3923
-2160
-133
1843
3501
4637
5057
4679
3587
1911
-121
-2218
-4075
-5445
-6132
-6011
-5114
-3555
-1552
692
2830
4679
6013
6755
6887
6501
5785
4936
4147
3617
3470
3728
4322
5147
6043
6780
7196
7195
6702
5746
4409
2866
1303
-188
-1367
-2204
-2655
-2755
-2525
-2101
-1530
-902
-264
408
1128
1899
2791
3806
4837
5840
6690
7182
7247
6729
5624
3956
1887
-376
-2529
-4357
-5585
-6021
-5623
-4420
-2571
-407
1843
3785
5175
5819
5646
4751
3254
1428
-427
-2021
-3160
-3680
-3653
-3113
-2275
-1356
-618
-238
-301
-842
-1758
-2889
-4041
-4914
-5398
-5296
-4667
-3519
-2029
-374
1164
2461
3333
3744
3696
3354
2860
2378
2094
2177
2667
3524
4694
6007
7290
8357
9087
9362
9068
8249
6972
5252
3228
998
-1328
-3614
-5843
-7816
-9505
-10747
-11439
-11456
-10792
-9361
-7239
-4492
-1337
1968
5173
7966
10068
11306
11625
10995
9577
7595
5349
3162
1291
-47
-708
-719
-150
779
1856
2833
3509
3774
3560
2968
2048
1044
61
-658
-1065
-1055
-704
-48
723
1520
2168
2661
2910
2966
2912
2898
2940
3211
3665
4285
5020
5662
6065
6082
5564
4466
2848
782
-1488
-3771
-5706
-7042
-7624
-7303
-6056
-4034
-1434
1394
4070
6249
7577
7853
6933
4812
1738
-2001
-6052
-9946
-13203
-15451
-16428
-15997
-14184
-11190
-7380
-3154
932
4424
6929
8110
7845
6204
3346
-361
-4490
-8528
-12055
-14653
-16094
-16228
-15114
-12943
-10027
-6728
-3417
-548
1674
3002
3352
2838
1586
-137
-2045
-3750
-5037
-5613
-5348
-4250
-2291
293
3289
6465
9457
11988
13847
14842
14882
14018
12304
9992
7274
4434
1728
-604
-2422
-3625
-4226
-4343
-4090
-3694
-3345
-3209
-3392
-3955
-4844
-5965
-7070
-8014
-8557
-8485
-7714
-6194
-4031
-1383
1525
4349
6881
8783
9860
10091
9411
7986
6006
3740
1528
-375
-1795
-2524
-2600
-2073
-1100
71
1227
2118
2555
2463
1869
821
-526
-1895
-3088
-3910
-4282
-4128
-3501
-2622
-1636
-851
-423
-590
-1377
-2762
-4597
-6657
-8632
-10175
-11065
-11098
-10160
-8331
-5775
-2792
300
3121
5375
6817
7348
6965
5794
4090
2056
24
-1829
-3298
-4297
-4860
-5105
-5107
-5048
-5025
-5168
-5429
-5790
-6123
-6322
-6238
-5774
-4879
-3618
-2061
-406
1200
2549
3504
3962
3922
3471
2761
2014
1367
1053
1218
1848
2955
4362
5905
7298
8304
8736
8358
7169
5208
2553
-526
-3754
-6798
-9352
-11145
-11988
-11793
-10603
-8531
-5868
-2853
109
2681
4583
5609
5642
4705
2918
539
-2114
-4638
-6671
-7935
-8195
-7363
-5512
-2781
515
3987
7282
10003
11883
12704
12431
11123
9023
6348
3438
611
-1817
-3644
-4766
-5168
-4952
-4208
-3174
-2010
-888
54
718
1122
1264
1237
1132
978
892
878
973
1177
1415
1654
1875
2025
2069
2038
1945
1725
1490
1187
891
585
299
34
-195
-412
-556
-669
-751
-802
-842
-906
-1036
-1189
-1402
-1692
-1979
-2216
-2442
-2520
-2446
-2243
-1881
-1386
-861
-358
95
432
604
673
715
779
1038
1530
2382
3606
5148
6934
8726
10382
11586
12183
11976
10889
8979
6355
3279
47
-2954
-5466
-7136
-7830
-7467
-6131
-3995
-1365
1402
3975
6042
7301
7678
7120
5709
3640
1145
-1413
-3816
-5778
-7103
-7748
-7664
-6924
-5676
-4116
-2457
-911
312
1102
1340
990
113
-1309
-3065
-5059
-7117
-9079
-10758
-12040
-12815
-13026
-12661
-11800
-10523
-8996
-7388
-5940
-4852
-4320
-4385
-5187
-6657
-8661
-11011
-13419
-15612
-17264
-18110
-17946
-16754
-14501
-11427
-7772
-3915
-282
2781
4908
5943
5782
4547
2439
-154
-2838
-5223
-6929
-7712
-7443
-6161
-4082
-1483
1328
3909
6032
7388
7925
7615
6593
5037
3191
1279
-555
-2187
-3653
-4981
-6240
-7576
-9023
-10561
-12108
-13528
-14545
-14974
-14538
-13140
-10693
-7310
-3234
1254
5671
9698
12903
15075
16065
15929
14836
13130
11113
9229
7766
6918
6802
7307
8264
9420
10407
10914
10733
9672
7768
5095
1913
-1467
-4775
-7641
-9831
-11180
-11656
-11289
-10228
-8699
-6954
-5212
-3703
-2612
-1996
-1901
-2270
-3017
-4012
-5076
-6063
-6812
-7232
-7271
-6836
-5948
-4665
-3059
-1256
669
2515
4145
5470
6394
6820
6735
6178
5174
3893
2411
853
-638
-1963
-3070
-3867
-4445
-4792
-4970
-5108
-5283
-5517
-5948
-6523
-7248
-8043
-8870
-9589
-10092
-10337
-10165
-9623
-8636
-7303
-5651
-3893
-2092
-437
960
1975
2533
2664
2404
1892
1278
787
529
727
1422
2664
4355
6350
8431
10322
11748
12477
12389
11436
9700
7366
4762
2204
77
-1294
-1749
-1155
336
2584
5202
7812
9970
11321
11589
10740
8746
5845
2394
-1201
-4538
-7256
-9022
-9716
-9316
-7980
-5918
-3453
-832
1623
3748
5503
6827
7833
8645
9426
10260
11239
12297
13357
14249
14779
14763
14031
12557
10330
7439
4159
691
-2612
-5472
-7643
-8937
-9307
-8696
-7303
-5249
-2780
-165
2312
4495
6158
7235
7677
7531
6870
5872
4626
3342
2159
1181
485
96
-4
99
304
518
535
344
-119
-890
-1845
-2881
-3819
-4426
-4543
-4014
-2781
-887
1543
4318
7137
9666
11598
12670
12754
11818
9956
7396
4435
1477
-1139
-3099
-4236
-4463
-3851
-2661
-1163
228
1228
1490
850
-702
-3035
-5955
-9064
-11949
-14257
-15624
-15839
-14819
-12649
-9513
-5771
-1760
2090
5425
7912
9351
9683
8923
7196
4708
1710
-1491
-4625
-7430
-9732
-11342
-12173
-12146
-11306
-9669
-7420
-4658
-1652
1376
4193
6557
8202
9002
8873
7829
6018
3596
840
-1880
-4272
-6080
-7116
-7292
-6635
-5344
-3638
-1895
-419
482
609
-149
-1752
-4023
-6695
-9365
-11706
-13372
-14101
-13788
-12419
-10175
-7326
-4218
-1205
1385
3242
4223
4336
3659
2386
787
-829
-2208
-3135
-3550
-3430
-2900
-2157
-1350
-785
-561
-794
-1493
-2514
-3730
-4842
-5683
-5979
-5630
-4577
-2936
-873
1359
3407
4971
5800
5748
4722
2859
331
-2511
-5382
-7894
-9777
-10829
-10968
-10285
-8942
-7189
-5430
-3880
-2832
-2466
-2798
-3733
-5103
-6686
-8136
-9254
-9813
-9702
-9012
-7783
-6257
-4703
-3318
-2388
-1992
-2148
-2795
-3758
-4782
-5567
-5915
-5601
-4509
-2704
-264
2597
5584
8439
10863
12678
13707
13972
13503
12449
11009
9421
7859
6533
5498
4813
4430
4310
4333
4324
4211
3883
3333
2578
1610
566
-460
-1346
-2038
-2393
-2431
-2128
-1491
-638
373
1406
2344
3089
3530
3616
3344
2725
1825
737
-439
-1477
-2346
-2878
-2994
-2700
-2041
-1068
50
1118
1996
2556
2629
2226
1311
21
-1546
-3134
-4632
-5815
-6562
-6874
-6703
-6168
-5399
-4625
-3946
-3579
-3574
-3971
-4725
-5735
-6803
-7787
-8519
-8856
-8722
-8137
-7121
-5862
-4432
-3006
-1763
-717
37
571
882
1076
1286
1531
1872
2319
2826
3320
3702
3872
3791
3412
2842
2067
1306
587
106
-78
70
529
1186
1899
2505
2832
2771
2184
1101
-404
-2208
-4083
-5792
-7194
-8040
-8245
-7789
-6720
-5177
-3335
-1426
369
1836
2867
3346
3345
2875
2002
928
-278
-1508
-2616
-3576
-4290
-4754
-4913
-4793
-4305
-3480
-2287
-763
1024
3057
5144
7157
8895
10174
10869
10838
10056
8572
6518
4117
1630
-668
-2529
-3682
-4003
-3456
-2139
-160
2249
4751
7063
8962
10188
10641
10248
9155
7425
5357
3142
1063
-695
-1912
-2500
-2459
-1908
-913
248
1398
2314
2788
2687
2037
839
-743
-2468
-4114
-5362
-5998
-5839
-4815
-2980
-460
2413
5383
8064
10178
11464
11825
11260
9984
8214
6294
4570
3371
2861
3096
3991
5379
6946
8341
9240
9443
8833
7517
5678
3659
1858
679
427
1218
3082
5785
8997
12212
14937
16713
17212
16303
14059
10706
6741
2654
-991
-3702
-5191
-5285
-4076
-1811
1104
4171
6886
8903
9956
9967
9017
7401
5474
3562
2045
1117
899
1361
2229
3278
4176
4584
4349
3374
1702
-415
-2670
-4729
-6244
-6896
-6575
-5245
-3076
-397
2478
5088
7138
8322
8507
7712
6131
4110
1939
22
-1266
-1752
-1337
-22
1952
4323
6708
8800
10273
10922
10665
9522
7637
5234
2656
129
-2053
-3668
-4661
-4954
-4631
-3828
-2720
-1437
-213
885
1703
2237
2461
2440
2250
1941
1614
1331
1183
1183
1355
1696
2214
2795
3431
4025
4570
4917
5101
5023
4696
4135
3370
2507
1573
727
-8
-497
-699
-620
-273
368
1170
2081
2984
3801
4496
5003
5301
5372
5310
5102
4841
4576
4367
4233
4218
4338
4540
4847
5182
5519
5836
6019
6017
5849
5399
4712
3765
2562
1172
-319
-1815
-3231
-4462
-5400
-5951
-6042
-5685
-4850
-3581
-1938
-38
2035
4116
6153
7986
9476
10591
11225
11293
10772
9681
8061
5939
3457
771
-1970
-4576
-6862
-8668
-9829
-10347
-10139
-9281
-7901
-6120
-4196
-2332
-673
582
1320
1529
1168
317
-921
-2376
-3919
-5379
-6675
-7676
-8307
-8525
-8329
-7820
-6945
-5887
-4639
-3375
-2157
-1083
-212
407
780
920
890
831
811
1039
1546
2457
3757
5454
7438
9547
11573
13359
14666
15385
15392
14669
13316
11417
9151
6741
4329
2103
192
-1347
-2501
-3333
-3889
-4224
-4454
-4552
-4608
-4619
-4528
-4377
-4124
-3770
-3417
-3063
-2768
-2551
-2482
-2550
-2635
-2753
-2714
-2506
-1990
-1162
6
1354
2817
4192
5264
5952
6073
5652
4710
3389
1910
532
-490
-1006
-839
25
1480
3403
5457
7421
8976
9848
9892
9029
7378
5070
2360
-416
-2932
-4866
-6057
-6312
-5642
-4117
-1914
669
3396
5928
7996
9417
10042
9832
8811
7113
4900
2395
-178
-2557
-4615
-6187
-7227
-7676
-7679
-7248
-6563
-5735
-4949
-4291
-3834
-3625
-3663
-3839
-4080
-4303
-4370
-4218
-3764
-3070
-2093
-983
202
1295
2173
2755
2915
2692
2098
1156
57
-1126
-2234
-3148
-3853
-4312
-4563
-4726
-4898
-5266
-5910
-6979
-8449
-10283
-12355
-14443
-16341
-17750
-18414
-18159
-16887
-14621
-11482
-7705
-3605
469
4170
7178
9300
10495
10757
10277
9284
8130
7076
6403
6292
6797
7819
9168
10624
11823
12476
12331
11278
9298
6494
3132
-469
-3893
-6816
-8878
-9916
-9823
-8676
-6692
-4136
-1339
1285
3426
4862
5460
5203
4185
2575
646
-1330
-3162
-4571
-5488
-5857
-5738
-5205
-4412
-3524
-2710
-2048
-1618
-1493
-1559
-1822
-2183
-2584
-2922
-3196
-3359
-3381
-3335
-3157
-2947
-2625
-2237
-1769
-1194
-510
276
1132
1995
2788
3412
3822
3886
3600
2995
2077
957
-228
-1332
-2222
-2765
-2916
-2639
-2011
-1146
-159
748
1376
1593
1255
359
-1120
-3052
-5275
-7582
-9715
-11440
-12502
-12728
-12057
-10399
-7863
-4572
-825
3114
6892
10232
12773
14326
14764
14070
12336
9840
6812
3619
619
-1859
-3560
-4386
-4316
-3524
-2178
-597
874
1915
2330
1970
839
-937
-3060
-5260
-7144
-8394
-8822
-8239
-6699
-4372
-1484
1524
4358
6558
7938
8249
7541
5880
3549
852
-1858
-4227
-5978
-6962
-7119
-6516
-5394
-3991
-2558
-1426
-780
-731
-1292
-2362
-3763
-5299
-6694
-7718
-8233
-8182
-7553
-6504
-5222
-3875
-2720
-1904
-1571
-1742
-2363
-3345
-4460
-5538
-6354
-6777
-6686
-6045
-4944
-3469
-1836
-199
1224
2304
2962
3130
2884
2346
1628
966
509
421
822
1723
3063
4751
6602
8366
9803
10704
10817
10093
8428
5928
2771
-820
-4508
-7918
-10727
-12689
-13564
-13295
-11932
-9692
-6797
-3637
-584
2040
3933
4925
4935
4044
2396
262
-2077
-4402
-6446
-8110
-9295
-10015
-10369
-10474
-10396
-10262
-10095
-9874
-9532
-8971
-8164
-6972
-5412
-3563
-1555
440
2213
3563
4297
4333
3622
2256
384
-1788
-4053
-6229
-8107
-9599
-10661
-11313
-11622
-11599
-11352
-10865
-10142
-9151
-7845
-6205
-4231
-2004
313
2553
4426
5731
6279
5953
4817
2958
672
-1685
-3757
-5196
-5703
-5154
-3627
-1282
1515
4387
6888
8616
9364
9022
7694
5637
3179
777
-1241
-2549
-3010
-2664
-1702
-423
774
1574
1681
1000
-462
-2462
-4689
-6720
-8137
-8603
-7922
-6124
-3337
66
3608
6833
9235
10538
10531
9216
6849
3775
406
-2751
-5253
-6890
-7470
-7007
-5740
-3927
-1928
-66
1341
2099
2217
1726
819
-264
-1255
-1976
-2223
-2031
-1393
-455
562
1476
2152
2399
2259
1787
1114
457
-13
-55
430
1486
3074
5049
7220
9267
10960
12121
12560
12230
11178
9511
7482
5242
3101
1175
-363
-1474
-2154
-2511
-2624
-2614
-2666
-2791
-3063
-3448
-3876
-4217
-4363
-4205
-3714
-2803
-1522
39
1767
3561
5245
6677
7793
8531
8856
8771
8359
7653
6676
5502
4131
2646
1048
-636
-2372
-4026
-5567
-6880
-7836
-8350
-8331
-7779
-6703
-5182
-3386
-1426
485
2130
3416
4190
4390
4080
3334
2232
956
-386
-1651
-2755
-3636
-4306
-4820
-5214
-5602
-6012
-6439
-6884
-7253
-7457
-7363
-6881
-5868
-4349
-2278
167
2845
5502
7917
9764
10890
11079
10309
8605
6134
3179
42
-2929
-5347
-6988
-7617
-7152
-5633
-3282
-320
2860
5888
8462
10272
11130
10991
9902
8107
5819
3394
1104
-712
-1911
-2390
-2135
-1289
-58
1337
2685
3767
4463
4727
4588
4133
3561
2994
2558
2361
2434
2677
2971
3202
3225
2890
2221
1197
-47
-1322
-2394
-3130
-3323
-2942
-2049
-810
514
1673
2281
2201
1239
-560
-3049
-5889
-8702
-11044
-12597
-13041
-12280
-10395
-7641
-4398
-1172
1578
3432
4144
3606
2018
-375
-3094
-5701
-7678
-8724
-8624
-7397
-5269
-2559
236
2624
4279
4853
4274
2601
93
-2870
-5895
-8537
-10490
-11537
-11644
-10888
-9455
-7656
-5796
-4092
-2812
-1993
-1696
-1879
-2415
-3161
-4038
-4948
-5898
-6821
-7807
-8804
-9808
-10721
-11497
-11960
-12004
-11543
-10508
-9017
-7144
-5147
-3267
-1765
-845
-638
-1142
-2195
-3532
-4853
-5740
-5948
-5223
-3500
-934
2213
5524
8547
10794
11906
11705
10137
7450
3964
170
-3367
-6223
-7971
-8453
-7662
-5841
-3308
-539
2030
3953
4954
4918
3904
2100
-194
-2641
-4893
-6713
-7919
-8541
-8642
-8343
-7897
-7469
-7168
-7104
-7216
-7406
-7508
-7394
-6915
-6038
-4761
-3196
-1514
82
1367
2226
2574
2416
1826
1035
262
-319
-523
-234
571
1770
3204
4626
5820
6564
6718
6211
5093
3535
1665
-256
-1959
-3322
-4169
-4454
-4204
-3510
-2532
-1358
-174
955
1892
2630
3196
3559
3760
3794
3623
3248
2573
1564
205
-1523
-3518
-5672
-7763
-9632
-10971
-11623
-11428
-10296
-8251
-5447
-2068
1545
5082
8278
10791
12480
13232
13112
12228
10791
9107
7376
5900
4820
4181
4023
4192
4559
4905
5045
4794
4089
2920
1419
-266
-1871
-3162
-3932
-4005
-3291
-1872
146
2426
4692
6621
7823
8129
7392
5660
3091
-27
-3291
-6242
-8542
-9811
-9902
-8759
-6533
-3573
-214
2999
5627
7283
7648
6672
4369
1071
-2908
-7035
-10853
-13879
-15762
-16332
-15527
-13519
-10576
-7071
-3484
-214
2405
4053
4670
4268
2952
1038
-1182
-3418
-5357
-6773
-7505
-7560
-6966
-5898
-4519
-3070
-1755
-748
-171
-118
-489
-1250
-2275
-3379
-4457
-5293
-5812
-5971
-5727
-5173
-4392
-3495
-2606
-1884
-1407
-1226
-1381
-1839
-2524
-3372
-4279
-5111
-5797
-6301
-6555
-6561
-6331
-5974
-5466
-4876
-4230
-3563
-2891
-2190
-1405
-557
320
1264
2211
3068
3805
4299
4497
4335
3813
2978
1853
595
-662
-1796
-2663
-3100
-3045
-2445
-1324
270
2237
4386
6593
8643
10452
11827
12695
13022
12805
12061
10895
9401
7667
5807
3982
2222
570
-917
-2206
-3378
-4396
-5365
-6243
-7084
-7851
-8559
-9127
-9548
-9785
-9768
-9494
-8970
-8222
-7345
-6378
-5395
-4468
-3655
-2958
-2396
-1923
-1506
-1096
-637
-97
462
994
1472
1792
1859
1611
1010
167
-907
-2011
-3030
-3774
-4106
-4002
-3444
-2501
-1427
-398
376
632
240
-777
-2388
-4316
-6288
-7928
-8872
-8914
-7813
-5633
-2563
1065
4809
8103
10534
11687
11347
9510
6413
2406
-1984
-6215
-9752
-12218
-13363
-13173
-11848
-9693
-7156
-4662
-2618
-1251
-647
-739
-1263
-1871
-2227
-2000
-1057
659
3026
5688
8306
10458
11747
11980
11091
9193
6584
3738
1123
-799
-1643
-1211
454
3206
6603
10185
13434
15862
17110
17033
15611
13032
9632
5829
2064
-1324
-4011
-5850
-6915
-7244
-7127
-6748
-6422
-6255
-6401
-6837
-7474
-8189
-8752
-9000
-8798
-8029
-6741
-4949
-2792
-497
1807
3881
5584
6819
7484
7546
7091
6166
4872
3331
1702
140
-1191
-2211
-2716
-2670
-2014
-740
1042
3268
5668
8098
10242
11937
12923
13094
12393
10838
8574
5811
2778
-259
-3035
-5327
-7006
-7980
-8306
-8018
-7299
-6240
-5063
-3840
-2744
-1763
-981
-393
41
332
511
536
442
197
-196
-692
-1247
-1757
-2167
-2288
-2064
-1387
-259
1286
3136
5065
6814
8166
8823
8653
7530
5504
2718
-539
-3987
-7206
-9864
-11676
-12465
-12164
-10843
-8742
-6148
-3366
-771
1416
2950
3796
4014
3704
3153
2523
2045
1914
2166
2786
3675
4662
5585
6266
6569
6530
6104
5469
4795
4292
4105
4373
5124
6344
7879
9488
10944
12043
12543
12337
11428
9850
7801
5448
3081
842
-1070
-2567
-3651
-4403
-4974
-5440
-5984
-6700
-7601
-8645
-9715
-10641
-11242
-11331
-10769
-9457
-7403
-4684
-1500
1983
5488
8768
11563
13667
14958
15337
14819
13463
11471
8972
6233
3513
1035
-899
-2124
-2523
-2013
-699
1288
3758
6319
8696
10541
11611
11731
10829
9053
6611
3810
1101
-1178
-2672
-3188
-2668
-1159
1084
3686
6288
8466
9905
10409
9942
8608
6648
4418
2265
460
-754
-1272
-1180
-651
70
700
940
638
-277
-1716
-3474
-5296
-6878
-7935
-8351
-7993
-6984
-5498
-3806
-2279
-1185
-727
-952
-1874
-3242
-4801
-6170
-7050
-7183
-6415
-4827
-2538
184
2897
5235
6857
7478
7017
5519
3107
121
-3064
-6076
-8561
-10252
-10940
-10635
-9376
-7339
-4814
-2029
763
3272
5351
6864
7771
8093
7829
7066
5884
4418
2784
1066
-623
-2177
-3523
-4511
-5085
-5256
-4955
-4288
-3256
-2049
-761
423
1359
1924
2014
1631
759
-505
-2056
-3662
-5159
-6391
-7183
-7430
-7043
-6116
-4672
-2875
-914
984
2639
3855
4459
4445
3803
2580
982
-845
-2594
-4104
-5129
-5540
-5326
-4448
-3035
-1240
693
2570
4161
5353
6006
6142
5795
5095
4234
3375
2648
2180
2005
2066
2350
2683
2913
2962
2707
2086
1190
7
-1252
-2486
-3570
-4375
-4850
-5005
-4854
-4519
-4070
-3672
-3366
-3195
-3191
-3302
-3450
-3545
-3545
-3368
-3028
-2597
-2087
-1643
-1297
-1227
-1383
-1817
-2493
-3345
-4211
-5037
-5714
-6214
-6534
-6667
-6749
-6821
-6978
-7289
-7773
-8433
-9202
-10010
-10790
-11417
-11845
-12055
-12055
-11897
-11619
-11345
-11124
-10930
-10778
-10646
-10411
-9996
-9311
-8288
-6937
-5295
-3435
-1487
385
2051
3348
4223
4685
4725
4474
4045
3568
3204
3019
3111
3435
3950
4553
5218
5770
6129
6314
6243
6030
5675
5293
4945
4733
4678
4795
5044
5340
5570
5705
5579
5128
4321
3134
1597
-158
-2066
-4004
-5764
-7240
-8304
-8830
-8841
-8276
-7232
-5769
-4029
-2150
-353
1286
2611
3584
4202
4479
4533
4521
4534
4759
5260
6072
7203
8536
9943
11219
12163
12582
12360
11405
9705
7387
4617
1585
-1467
-4312
-6723
-8584
-9828
-10437
-10530
-10198
-9572
-8796
-7981
-7227
-6577
-6016
-5570
-5190
-4801
-4441
-4053
-3690
-3349
-3044
-2775
-2557
-2318
-2006
-1561
-872
86
1349
2914
4722
6619
8486
10144
11474
12335
12659
12503
11877
10892
9663
8353
7004
5725
4482
3233
1904
421
-1324
-3378
-5683
-8145
-10605
-12867
-14695
-15921
-16352
-15932
-14691
-12752
-10327
-7656
-5032
-2704
-915
267
750
648
-10
-988
-2141
-3317
-4428
-5400
-6165
-6825
-7356
-7842
-8258
-8685
-8991
-9206
-9188
-8903
-8318
-7429
-6270
-5010
-3732
-2604
-1751
-1338
-1395
-1917
-2813
-4028
-5332
-6530
-7499
-8050
-8064
-7525
-6432
-4821
-2827
-578
1761
4083
6215
8068
9501
10499
11001
11027
10578
9741
8577
7258
5889
4629
3602
2922
2689
2916
3584
4594
5844
7156
8353
9274
9817
9878
9465
8568
7346
5877
4308
2764
1378
180
-849
-1719
-2515
-3340
-4284
-5395
-6698
-8117
-9573
-10917
-11972
-12559
-12570
-11886
-10497
-8507
-6017
-3277
-541
1907
3855
5135
5616
5362
4425
3005
1383
-160
-1424
-2218
-2402
-1983
-1093
39
1222
2156
2617
2437
1595
151
-1730
-3725
-5496
-6775
-7269
-6804
-5393
-3179
-413
2550
5244
7289
8396
8349
7163
4973
2077
-1116
-4138
-6567
-8060
-8457
-7676
-5924
-3448
-682
1955
4091
5350
5548
4680
2834
340
-2528
-5309
-7652
-9215
-9851
-9457
-8089
-5951
-3335
-621
1902
3847
5017
5215
4447
2747
333
-2572
-5593
-8395
-10707
-12230
-12761
-12294
-10825
-8516
-5655
-2549
473
3040
4914
5887
5965
5181
3795
2083
418
-830
-1341
-960
445
2769
5766
9115
12388
15198
17159
18014
17678
16151
13683
10530
7075
3725
859
-1343
-2658
-3133
-2890
-2147
-1154
-188
514
807
635
112
-675
-1467
-2076
-2259
-1888
-845
811
2961
5446
8053
10451
12453
13837
14468
14283
13343
11685
9515
7038
4431
1899
-290
-2069
-3270
-3913
-3942
-3469
-2557
-1421
-153
1020
1997
2599
2810
2551
1881
852
-395
-1733
-3029
-4114
-4930
-5385
-5469
-5228
-4696
-4001
-3219
-2408
-1713
-1102
-661
-347
-116
42
108
155
115
4
-195
-562
-1034
-1691
-2447
-3255
-4029
-4692
-5191
-5423
-5361
-5033
-4469
-3746
-2993
-2313
-1760
-1463
-1358
-1475
-1703
-1934
-2029
-1844
-1335
-393
944
2619
4472
6297
7936
9125
9663
9409
8351
6484
3959
981
-2152
-5154
-7651
-9384
-10151
-9791
-8330
-5916
-2744
791
4383
7580
10041
11508
11816
10946
9079
6400
3349
259
-2430
-4379
-5362
-5282
-4186
-2312
50
2455
4505
5822
6148
5329
3420
673
-2665
-6065
-9136
-11398
-12504
-12348
-10832
-8124
-4567
-586
3387
6861
9452
10941
11292
10537
8951
6888
4793
3029
1967
1785
2574
4222
6464
8966
11369
13263
14416
14614
13850
12259
10144
7789
5582
3852
2862
2730
3452
4807
6544
8297
9714
10456
10354
9305
7354
4717
1701
-1352
-4007
-6034
-7118
-7244
-6391
-4733
-2523
-61
2322
4316
5732
6404
6313
5508
4122
2342
358
-1684
-3575
-5189
-6482
-7428
-7981
-8242
-8233
-8049
-7725
-7353
-7018
-6738
-6617
-6623
-6801
-7077
-7417
-7765
-7994
-8043
-7779
-7164
-6213
-4942
-3446
-1858
-409
799
1523
1633
1127
-74
-1814
-4018
-6412
-8789
-10945
-12635
-13725
-14145
-13847
-12879
-11370
-9427
-7245
-4994
-2822
-837
816
2099
2945
3380
3391
3022
2349
1452
447
-583
-1505
-2217
-2674
-2839
-2682
-2290
-1720
-1114
-591
-337
-384
-892
-1804
-3103
-4660
-6322
-7888
-9163
-9965
-10131
-9652
-8503
-6772
-4630
-2256
36
2039
3557
4442
4556
3944
2733
1034
-880
-2766
-4372
-5448
-5819
-5465
-4334
-2611
-407
1932
4161
6003
7191
7598
7121
5877
3933
1562
-964
-3393
-5434
-6892
-7683
-7820
-7420
-6643
-5753
-4961
-4456
-4444
-4889
-5773
-6910
-8147
-9152
-9718
-9644
-8824
-7228
-4953
-2240
674
3505
5886
7566
8398
8221
7081
5044
2379
-715
-3924
-6943
-9505
-11424
-12534
-12760
-12095
-10618
-8485
-5879
-3009
-86
2642
5015
6843
8037
8591
8481
7825
6726
5365
3858
2436
1122
71
-710
-1299
-1742
-2115
-2556
-3107
-3776
-4542
-5364
-6061
-6525
-6591
-6128
-5152
-3610
-1692
407
2478
4243
5420
5887
5571
4513
2888
1039
-749
-2059
-2618
-2244
-797
1559
4571
7872
10961
13400
14728
14729
13263
10443
6574
2126
-2384
-6349
-9289
-10853
-10885
-9417
-6712
-3237
536
4008
6733
8298
8607
7627
5604
2949
59
-2550
-4497
-5521
-5500
-4557
-2890
-945
918
2240
2730
2201
612
-1895
-4975
-8286
-11331
-13713
-15100
-15298
-14287
-12174
-9214
-5801
-2280
891
3408
5110
5816
5643
4766
3393
1850
472
-509
-887
-527
487
2087
4077
6150
8069
9544
10369
10388
9549
7873
5480
2623
-472
-3567
-6310
-8558
-10128
-10903
-10947
-10313
-9167
-7748
-6244
-4840
-3745
-3022
-2653
-2613
-2742
-2954
-3016
-2840
-2312
-1477
-317
985
2285
3352
4062
4258
3932
3098
1920
605
-641
-1536
-1935
-1660
-760
674
2491
4339
5999
7126
7487
6981
5589
3414
714
-2199
-5044
-7411
-9093
-9958
-9913
-9082
-7660
-5912
-4196
-2784
-1897
-1696
-2206
-3364
-4960
-6760
-8492
-9873
-10675
-10796
-10172
-8846
-6982
-4739
-2371
-109
1829
3314
4270
4657
4562
4036
3200
2263
1265
363
-415
-1026
-1471
-1741
-1957
-2122
-2276
-2430
-2604
-2789
-2966
-3029
-3021
-2875
-2537
-2072
-1466
-768
-49
635
1237
1650
1849
1842
1648
1278
785
319
-116
-409
-478
-339
50
599
1241
1931
2483
2852
2953
2675
2113
1255
199
-866
-1861
-2546
-2875
-2668
-1961
-768
832
2655
4519
6208
7551
8396
8608
8166
7174
5693
3922
2060
347
-1039
-1971
-2313
-2128
-1427
-349
940
2212
3254
3925
4041
3507
2332
533
-1777
-4413
-7165
-9766
-11952
-13504
-14188
-13927
-12605
-10312
-7128
-3327
800
4917
8590
11541
13445
14092
13448
11579
8675
5078
1186
-2531
-5715
-7995
-9096
-8973
-7636
-5366
-2412
799
3906
6502
8332
9216
9151
8217
6623
4661
2580
697
-783
-1830
-2343
-2469
-2366
-2218
-2230
-2586
-3353
-4581
-6145
-7908
-9680
-11237
-12362
-12899
-12774
-12011
-10703
-9028
-7198
-5442
-4058
-3175
-2973
-3436
-4529
-6098
-7968
-9897
-11586
-12826
-13396
-13166
-12129
-10300
-7829
-4954
-1924
976
3459
5257
6232
6293
5544
4081
2174
148
-1687
-3020
-3557
-3207
-1958
97
2699
5503
8057
10010
10983
10781
9279
6615
3002
-1139
-5365
-9163
-12092
-13835
-14222
-13216
-11006
-7903
-4352
-800
2335
4737
6196
6719
6381
5441
4240
3099
2294
2041
2431
3337
4648
6063
7326
8167
8468
8115
7185
5914
4494
3266
2485
2319
2895
4136
5833
7750
9531
10842
11428
11155
9958
8012
5535
2837
260
-1887
-3343
-4030
-4000
-3366
-2371
-1289
-465
-47
-246
-1060
-2411
-4117
-5885
-7527
-8755
-9417
-9419
-8768
-7575
-5986
-4199
-2427
-788
580
1614
2370
2830
3124
3298
3469
3608
3773
3887
3926
3779
3416
2742
1781
535
-974
-2672
-4424
-6162
-7750
-9098
-10110
-10773
-10992
-10793
-10152
-9147
-7836
-6313
-4649
-3002
-1410
-14
1168
2067
2718
3103
3315
3386
3340
3282
3159
2984
2709
2276
1573
647
-589
-2070
-3743
-5409
-6950
-8162
-8900
-9017
-8431
-7191
-5345
-3106
-638
1796
3928
5595
6581
6808
6308
5098
3335
1210
-1114
-3444
-5640
-7508
-8991
-10034
-10617
-10706
-10348
-9556
-8371
-6844
-5041
-3032
-919
1180
3158
4887
6277
7176
7592
7494
6938
6025
4888
3714
2674
1884
1473
1518
1941
2671
3583
4448
5079
5319
5015
4090
2547
482
-1927
-4412
-6732
-8594
-9807
-10137
-9522
-7937
-5524
-2420
1058
4680
8085
11061
13342
14766
15251
14809
13473
11403
8772
5775
2633
-381
-3128
-5365
-6948
-7758
-7764
-6951
-5358
-3181
-547
2263
4923
7181
8753
9430
9066
7626
5305
2253
-1199
-4632
-7633
-9857
-11070
-11073
-9912
-7743
-4847
-1661
1433
4006
5818
6656
6542
5612
4173
2611
1293
580
705
1717
3577
6000
8635
11052
12791
13581
13165
11557
8908
5553
1933
-1421
-4134
-5778
-6176
-5337
-3438
-795
2106
4827
6882
7956
7885
6668
4474
1665
-1408
-4251
-6482
-7822
-8083
-7227
-5372
-2818
217
3321
6191
8602
10382
11414
11724
11340
10436
9062
7373
5467
3415
1320
-742
-2717
-4458
-5875
-6792
-7063
-6589
-5305
-3241
-457
2829
6352
9805
12856
15202
16600
16901
16121
14333
11807
8832
5788
3041
903
-434
-780
-203
1212
3178
5501
7795
9869
11451
12418
12751
12473
11725
10701
9536
8423
7461
6749
6230
5935
5677
5435
5025
4488
3717
2775
1740
746
-61
-531
-604
-198
664
1962
3506
5161
6702
7988
8816
9099
8733
7782
6271
4341
2176
-58
-2162
-4002
-5458
-6402
-6870
-6852
-6413
-5661
-4683
-3622
-2557
-1590
-769
-159
259
499
582
555
440
242
27
-257
-589
-955
-1405
-1861
-2388
-2878
-3326
-3686
-3866
-3856
-3657
-3208
-2543
-1758
-935
-149
483
877
902
613
-90
-1069
-2312
-3650
-4988
-6137
-6988
-7436
-7445
-6997
-6131
-4927
-3566
-2105
-795
294
998
1306
1117
506
-432
-1656
-3001
-4334
-5539
-6479
-7113
-7360
-7319
-6996
-6476
-5842
-5268
-4799
-4516
-4467
-4642
-5027
-5497
-5982
-6423
-6655
-6638
-6288
-5638
-4692
-3512
-2188
-852
406
1492
2331
2843
3050
3012
2737
2306
1841
1452
1142
1029
1097
1326
1686
2136
2571
2920
3137
3217
3165
2989
2739
2561
2471
2560
2874
3426
4185
5107
6011
6824
7432
7640
7435
6721
5514
3908
1970
-166
-2332
-4392
-6220
-7679
-8713
-9325
-9449
-9201
-8594
-7679
-6607
-5402
-4146
-2949
-1898
-985
-274
182
421
405
243
-41
-340
-561
-664
-580
-282
174
770
1395
1935
2333
2452
2301
1888
1251
575
-42
-422
-425
-13
862
2139
3633
5183
6492
7322
7481
6808
5279
2944
-43
-3438
-6905
-10174
-12882
-14797
-15711
-15570
-14363
-12202
-9298
-5864
-2210
1399
4647
7299
9228
10244
10351
9553
7946
5707
3031
154
-2722
-5284
-7419
-8951
-9786
-9951
-9490
-8522
-7227
-5784
-4391
-3244
-2422
-2001
-2017
-2432
-3179
-4104
-5092
-5983
-6671
-7026
-6972
-6487
-5560
-4186
-2531
-644
1266
2998
4374
5238
5354
4691
3171
914
-1960
-5193
-8452
-11403
-13708
-15167
-15559
-14867
-13251
-10920
-8216
-5546
-3278
-1728
-1087
-1385
-2482
-4111
-5855
-7351
-8157
-8060
-6885
-4715
-1767
1536
4697
7214
8597
8575
6966
3881
-395
-5336
-10377
-14882
-18275
-20109
-20138
-18386
-15030
-10503
-5414
-364
4069
7301
9065
9218
7845
5235
1937
-1562
-4615
-6752
-7609
-6967
-4904
-1656
2342
6529
10286
13071
14418
14074
12008
8400
3657
-1683
-6961
-11610
-15024
-16865
-16974
-15396
-12459
-8550
-4233
-40
3490
6023
7363
7547
6719
5184
3360
1596
214
-575
-670
-184
731
1769
2744
3336
3438
2964
2043
776
-551
-1765
-2573
-2875
-2567
-1714
-451
1125
2719
4221
5439
6306
6806
7000
6932
6757
6545
6345
6184
6054
5877
5609
5215
4705
4094
3456
2952
2657
2728
3231
4157
5493
7057
8671
10195
11346
12000
12076
11550
10526
9170
7666
6294
5231
4675
4656
5163
6108
7295
8480
9454
9951
9837
9032
7480
5332
2700
-174
-3046
-5670
-7889
-9491
-10441
-10687
-10309
-9401
-8118
-6639
-5093
-3627
-2333
-1287
-470
160
592
957
1276
1604
1928
2276
2539
2640
2492
2008
1177
-56
-1604
-3387
-5244
-6965
-8400
-9344
-9674
-9373
-8430
-6987
-5236
-3377
-1669
-340
447
601
119
-863
-2211
-3670
-5007
-6003
-6537
-6485
-5867
-4848
-3526
-2190
-1001
-217
55
-292
-1161
-2526
-4153
-5820
-7322
-8427
-8913
-8736
-7781
-6114
-3824
-1044
2010
5123
8099
10748
12948
14547
15469
15727
15320
14325
12837
10990
8912
6727
4549
2462
556
-1185
-2741
-4150
-5521
-6822
-8149
-9503
-10817
-12031
-13078
-13828
-14134
-13958
-13211
-11934
-10209
-8157
-6010
-3964
-2224
-958
-314
-291
-799
-1718
-2794
-3824
-4510
-4633
-4128
-2911
-1055
1231
3658
5985
7855
9011
9282
8587
7009
4702
1954
-917
-3594
-5721
-7111
-7613
-7219
-6044
-4280
-2214
-167
1645
2974
3711
3854
3518
2826
2017
1330
919
918
1373
2214
3254
4320
5141
5500
5237
4265
2645
480
-1910
-4297
-6285
-7675
-8171
-7729
-6321
-4154
-1486
1383
4021
6100
7349
7553
6689
4806
2162
-988
-4289
-7390
-9989
-11840
-12840
-12966
-12273
-10954
-9236
-7332
-5488
-3901
-2640
-1767
-1273
-1034
-1014
-1022
-1014
-889
-637
-294
132
519
817
991
954
775
472
129
-146
-281
-203
98
634
1282
1953
2479
2763
2665
2118
1101
-297
-1979
-3745
-5424
-6829
-7787
-8204
-8050
-7416
-6402
-5154
-3951
-2909
-2252
-2072
-2384
-3133
-4257
-5517
-6728
-7697
-8261
-8271
-7661
-6491
-4851
-2848
-731
1337
3099
4451
5252
5474
5114
4301
3161
1903
754
-100
-503
-299
560
2024
4068
6476
9058
11557
13757
15441
16492
16818
16437
15434
13954
12205
10401
8686
7198
6004
5059
4287
3547
2648
1511
39
-1746
-3738
-5720
-7394
-8480
-8679
-7829
-5817
-2787
1049
5247
9303
12670
14850
15419
14256
11290
6834
1308
-4653
-10341
-15126
-18449
-19961
-19535
-17323
-13697
-9218
-4520
-262
2977
4896
5267
4186
1978
-993
-4158
-7078
-9252
-10456
-10587
-9707
-8068
-5995
-3849
-1972
-577
239
466
237
-213
-624
-785
-536
138
1160
2418
3667
4627
5098
4906
4040
2556
589
-1563
-3695
-5512
-6811
-7518
-7560
-7084
-6168
-5079
-3921
-2878
-2017
-1400
-903
-477
72
814
1841
3189
4793
6524
8225
9717
10862
11511
11621
11208
10359
9273
8112
7066
6344
6002
6134
6686
7601
8699
9791
10762
11379
11533
11141
10213
8769
6920
4794
2527
371
-1570
-3094
-4083
-4479
-4199
-3356
-1971
-208
1694
3521
5015
5985
6213
5639
4204
2071
-631
-3614
-6492
-8966
-10686
-11459
-11105
-9654
-7232
-4120
-657
2690
5543
7519
8409
8097
6601
4130
975
-2452
-5695
-8380
-10175
-10839
-10305
-8631
-6007
-2682
1004
4647
7995
10767
12754
13912
14234
13828
12820
11384
9721
8009
6391
4941
3726
2757
2058
1611
1340
1184
1111
1073
1020
961
824
597
332
-16
-360
-719
-1043
-1243
-1341
-1272
-1064
-737
-306
139
573
871
982
843
456
-242
-1195
-2396
-3766
-5275
-6803
-8285
-9659
-10869
-11788
-12420
-12665
-12455
-11807
-10672
-9065
-7039
-4715
-2228
245
2502
4318
5536
6015
5712
4634
2926
798
-1439
-3466
-4955
-5672
-5466
-4280
-2209
521
3537
6428
8791
10212
10494
9460
7220
3961
139
-3830
-7383
-10086
-11566
-11624
-10262
-7718
-4309
-605
2896
5684
7310
7536
6341
3846
379
-3614
-7579
-11108
-13761
-15266
-15555
-14716
-12977
-10680
-8186
-5839
-3951
-2667
-2035
-1979
-2301
-2806
-3310
-3568
-3542
-3234
-2680
-2056
-1491
-1164
-1173
-1550
-2186
-2994
-3780
-4333
-4492
-4179
-3343
-2080
-573
1026
2414
3425
3935
3902
3392
2541
1627
844
479
644
1452
2865
4717
6822
8915
10730
12003
12619
12479
11616
10153
8286
6165
4034
2030
282
-1096
-2163
-2835
-3180
-3178
-2874
-2183
-1116
341
2109
4193
6371
8481
10233
11440
11824
11254
9691
7201
4028
512
-2979
-5953
-8077
-9025
-8674
-7020
-4327
-887
2860
6350
9185
10988
11510
10747
8805
5962
2600
-863
-3955
-6357
-7832
-8240
-7694
-6289
-4277
-2017
244
2217
3685
4612
4967
4793
4288
3616
2923
2405
2165
2256
2618
3202
3841
4363
4619
4445
3755
2513
718
-1462
-3844
-6203
-8314
-9911
-10823
-10917
-10183
-8727
-6708
-4370
-1987
144
1787
2763
3009
2541
1530
152
-1396
-2850
-4070
-4891
-5308
-5338
-5089
-4721
-4336
-4040
-3856
-3813
-3802
-3717
-3426
-2800
-1823
-513
1026
2567
3883
4757
4989
4405
3017
878
-1800
-4718
-7577
-10049
-11888
-12891
-12986
-12204
-10685
-8624
-6272
-3845
-1511
573
2374
3875
5106
6128
6940
7613
8057
8216
8057
7448
6371
4846
2930
777
-1434
-3465
-5117
-6194
-6623
-6366
-5516
-4202
-2652
-1121
244
1204
1758
1868
1576
1060
480
-44
-412
-571
-511
-397
-289
-383
-826
-1666
-2894
-4491
-6235
-7949
-9405
-10349
-10665
-10270
-9186
-7528
-5497
-3365
-1366
222
1311
1797
1726
1275
605
-66
-489
-545
-182
615
1655
2794
3733
4247
4180
3389
1896
-122
-2462
-4755
-6682
-7939
-8224
-7382
-5427
-2464
1270
5390
9512
13280
16306
18341
19222
18954
17632
15428
12622
9484
6353
3481
1059
-763
-1861
-2297
-2073
-1260
-20
1581
3362
5174
6904
8377
9461
10051
10060
9402
8087
6205
3799
1031
-1855
-4631
-7093
-8988
-10186
-10560
-10083
-8799
-6847
-4420
-1774
878
3333
5340
6797
7643
7857
7454
6586
5322
3795
2086
362
-1343
-2916
-4342
-5550
-6504
-7147
-7422
-7313
-6776
-5835
-4510
-2932
-1192
599
2188
3517
4384
4741
4567
3890
2833
1534
203
-1052
-2073
-2743
-3050
-3014
-2710
-2218
-1727
-1239
-856
-575
-375
-171
113
549
1158
1862
2550
3051
3172
2708
1513
-516
-3308
-6716
-10473
-14160
-17400
-19777
-20988
-20839
-19282
-16454
-12629
-8227
-3642
635
4312
7122
8986
9940
10155
9876
9361
8829
8443
8262
8195
8139
7949
7459
6559
5305
3742
2122
656
-362
-731
-323
813
2510
4426
6234
7471
7774
6921
4831
1636
-2377
