29490
29490
29490
29490
29490
29490
29490
29490
29490
29489
29489
29488
29487
29485
29484
29481
29479
29476
29472
29467
29462
29456
29449
29441
29432
29422
29410
29397
29383
29366
29348
29328
29307
29282
29256
29227
29196
29162
29125
29085
29042
28996
28946
28892
28835
28774
28708
28638
28564
28485
28400
28311
28217
28117
28011
27899
27782
27658
27527
27390
27245
27094
26935
26769
26595
26413
26223
26025
25818
25602
25377
25143
24899
24646
24384
24111
23828
23535
23231
22916
22591
22255
21907
21548
21178
20796
20402
19997
19579
19150
18708
18255
17789
17311
16820
16317
15802
15274
14734
14182
13617
13040
12451
11851
11238
10613
9977
9330
8671
8002
7321
6631
5930
5219
4499
3770
3031
2285
1531
769
0
-775
-1556
-2343
-3134
-3929
-4728
-5529
-6333
-7137
-7943
-8748
-9552
-10355
-11155
-11951
-12742
-13529
-14308
-15081
-15845
-16600
-17344
-18077
-18798
-19505
-20197
-20873
-21533
-22174
-22796
-23398
-23979
-24536
-25070
-25579
-26063
-26518
-26946
-27344
-27712
-28048
-28351
-28621
-28857
-29056
-29219
-29345
-29432
-29480
-29489
-29456
-29383
-29267
-29109
-28908
-28663
-28375
-28043
-27666
-27245
-26780
-26270
-25716
-25118
-24476
-23790
-23061
-22290
-21478
-20624
-19730
-18798
-17827
-16820
-15777
-14701
-13591
-12451
-11282
-10086
-8865
-7620
-6355
-5070
-3770
-2455
-1129
206
1547
2891
4235
5576
6913
8240
9555
10856
12139
13400
14636
15845
17023
18166
19272
20337
21358
22332
23256
24127
24942
25699
26393
27024
27588
28083
28506
28857
29132
29330
29450
29490
29450
29327
29123
28835
28465
28011
27475
26856
26157
25377
24519
23583
22572
21489
20335
19113
17827
16480
15075
13617
12109
10556
8963
7334
5674
3990
2285
566
-1161
-2891
-4616
-6333
-8033
-9711
-11360
-12974
-14547
-16072
-17544
-18956
-20302
-21577
-22774
-23888
-24915
-25849
-26685
-27419
-28048
-28567
-28973
-29264
-29437
-29490
-29422
-29231
-28918
-28482
-27924
-27245
-26448
-25533
-24504
-23365
-22119
-20771
-19326
-17789
-16167
-14466
-12693
-10856
-8963
-7022
-5042
-3031
-1000
1042
3086
5121
7137
9125
11074
12974
14815
16587
18280
19885
21394
22796
24085
25252
26289
27191
27951
28564
29025
29330
29477
29462
29286
28946
28444
27782
26960
25984
24856
23583
22170
20624
18954
17167
15274
13285
11211
9064
6856
4601
2311
0
-2317
-4626
-6913
-9162
-11360
-13491
-15543
-17500
-19350
-21079
-22675
-24127
-25424
-26556
-27514
-28290
-28878
-29272
-29468
-29462
-29254
-28843
-28231
-27419
-26413
-25218
-23841
-22290
-20576
-18708
-16701
-14566
-12320
-9977
-7555
-5070
-2541
13
2573
5121
7636
10098
12489
14790
16981
19045
20964
22723
24306
25699
26889
27867
28621
29145
29432
29479
29282
28843
28163
27245
26097
24726
23141
21356
19384
17240
14943
12510
9962
7321
4610
1852
-930
-3709
-6461
-9162
-11786
-14308
-16706
-18956
-21036
-22926
-24608
-26063
-27276
-28235
-28929
-29350
-29490
-29348
-28923
-28217
-27234
-25984
-24476
-22723
-20741
-18549
-16167
-13617
-10925
-8116
-5219
-2262
724
3709
6662
9552
12349
15023
17544
19885
22021
23926
25579
26962
28056
28849
29329
29490
29328
28843
28038
26920
25499
23790
21810
19579
17122
14466
11638
8671
5599
2455
-724
-3900
-7038
-10098
-13046
-15845
-18461
-20862
-23017
-24899
-26485
-27751
-28682
-29264
-29488
-29348
-28845
-27983
-26769
-25218
-23347
-21178
-18736
-16051
-13156
-10086
-6881
-3581
-228
3134
6461
9711
12838
15802
18561
21079
23320
25252
26847
28083
28939
29403
29466
29125
28382
27245
25729
23851
21636
19113
16317
13285
10059
6684
3207
-322
-3852
-7334
-10715
-13947
-16981
-19771
-22276
-24456
-26278
-27712
-28735
-29330
-29485
-29196
-28465
-27299
-25716
-23737
-21389
-18708
-15734
-12510
-9085
-5513
-1849
1852
5529
9125
12583
15845
18860
21577
23950
25941
27514
28642
29304
29487
29185
28400
27145
25436
23300
20771
17889
14701
11259
7620
3846
0
-3852
-7645
-11312
-14790
-18016
-20935
-23492
-25642
-27344
-28567
-29286
-29487
-29162
-28316
-26960
-25118
-22819
-20103
-17018
-13617
-9962
-6119
-2157
1852
5832
9711
13414
16873
20020
22796
25146
27024
28391
29219
29490
29196
28340
26935
25007
22591
19730
16480
12902
9064
5042
913
-3239
-7334
-11288
-15023
-18461
-21533
-24174
-26328
-27951
-29006
-29469
-29327
-28582
-27245
-25343
-22910
-19997
-16661
-12971
-9003
-4839
-566
3725
7943
11998
15802
19272
22332
24915
26962
28425
29272
29480
29042
27965
26270
23992
21178
17889
14196
10180
5930
1540
-2891
-7262
-11475
-15433
-19045
-22225
-24899
-27004
-28489
-29315
-29462
-28923
-27707
-25841
-23365
-20335
-16820
-12902
-8671
-4228
322
4870
9309
13529
17428
20910
23888
26289
28051
29128
29490
29127
28043
26263
23828
20796
17240
13248
8917
4356
-322
-4997
-9552
-13870
-17840
-21358
-24333
-26685
-28351
-29286
-29462
-28872
-27527
-25460
-22723
-19384
-15529
-11259
-6684
-1926
2891
7636
12183
16408
20197
23445
26063
27976
29129
29489
29042
27798
25787
23061
19695
15777
11416
6731
1852
-3086
-7943
-12583
-16873
-20691
-23926
-26485
-28290
-29289
-29449
-28762
-27245
-24939
-21907
-18235
-14026
-9403
-4499
544
5576
10451
15023
19155
22723
25618
27751
29056
29490
29037
27707
25538
22591
18954
14734
10059
5070
-80
-5235
-10234
-14923
-19155
-22796
-25732
-27867
-29132
-29484
-28908
-27419
-25062
-21907
-18052
-13617
-8742
-3581
1701
6934
11951
16587
20691
24127
26783
28567
29419
29307
28231
26223
23347
19695
15384
10556
5371
0
-5377
-10580
-15433
-19771
-23445
-26328
-28320
-29350
-29378
-28400
-26448
-23583
-19902
-15529
-10613
-5324
158
5640
10931
15845
20209
23866
26685
28564
29432
29256
28038
25818
22671
18708
14069
8917
3437
-2173
-7710
-12974
-17771
-21924
-25280
-27712
-29128
-29472
-28728
-26920
-24111
-20402
-15929
-10856
-5371
322
6009
11475
16515
20935
24565
27265
28929
29490
28923
27245
24519
20844
16360
11238
5674
-116
-5908
-11475
-16600
-21079
-24734
-27419
-29025
-29484
-28774
-26920
-23992
-20103
-15406
-10086
-4356
1556
7412
12974
18016
22332
25744
28110
29329
29348
28163
25818
22406
18065
12971
7334
1386
-4626
-10451
-15845
-20580
-24456
-27305
-29006
-29481
-28708
-26715
-23583
-19442
-14466
-8865
-2878
3239
9223
14815
19771
23875
26946
28847
29490
28845
26935
23841
19695
14675
9003
2926
-3287
-9360
-15023
-20020
-24127
-27157
-28970
-29481
-28663
-26549
-23231
-18855
-13617
-7754
-1531
4769
10856
16451
21294
25160
27867
29286
29348
28046
25436
21636
16820
11211
5070
-1315
-7645
-13620
-18956
-23398
-26733
-28798
-29490
-28774
-26678
-23300
-18798
-13385
-7321
-897
5576
11786
17428
22225
25941
28391
29451
29064
27245
24081
19723
14384
8326
1849
-4728
-11074
-16873
-21831
-25699
-28277
-29432
-29102
-27299
-24111
-19695
-14272
-8116
-1540
5121
11526
17344
22276
26063
28506
29476
28918
26856
23394
18708
13040
6684
-29
-6747
-13115
-18798
-23492
-26946
-28973
-29462
-28382
-25787
-21810
-16661
-10613
-3990
2855
9552
15739
21079
25280
28110
29411
29109
27215
23828
19130
13377
6881
0
-6888
-13400
-19174
-23888
-27276
-29145
-29387
-27983
-25007
-20624
-15075
-8671
-1771
5235
11951
17993
23017
26733
28924
29462
28311
25533
21283
15802
9403
2455
-4642
-11475
-17647
-22796
-26619
-28888
-29466
-28316
-25499
-21178
-15603
-9101
-2054
5121
11998
18166
23256
26962
29056
29410
27998
24899
20297
14466
7754
566
-6662
-13491
-19505
-24333
-27678
-29330
-29185
-27245
-23627
-18549
-12320
-5324
2009
9223
15870
21533
25856
28567
29490
28564
25841
21489
15777
9064
1771
-5640
-12699
-18956
-24010
-27536
-29304
-29196
-27215
-23482
-18235
-11806
-4610
2891
10210
16873
22443
26556
28939
29432
27998
24726
19826
13617
6505
-1042
-8527
-15453
-21358
-25849
-28621
-29487
-28382
-25377
-20668
-14566
-7480
116
7710
14790
20873
25546
28486
29490
28485
25533
20832
14701
7555
-116
-7785
-14923
-21036
-25699
-28584
-29487
-28340
-25218
-20335
-14026
-6731
1042
8748
15845
21831
26282
28878
29432
27899
24384
19130
12510
4991
-2891
-10571
-17500
-23177
-27191
-29248
-29196
-27033
-22910
-17122
-10086
-2311
5640
13184
19771
24915
28235
29484
28564
25538
20624
14182
6684
-1315
-9223
-16451
-22458
-26794
-29129
-29286
-27245
-23157
-17324
-10180
-2262
5832
13491
20134
25252
28453
29489
28275
24899
19615
12824
5042
-3134
-11074
-18166
-23860
-27712
-29419
-28843
-26025
-21178
-14675
-7022
1187
9309
16706
22796
27097
29264
29123
26678
22119
15802
8224
-13
-8255
-15845
-22174
-26733
-29151
-29231
-26960
-22516
-16253
-8671
-383
7943
15630
22053
26685
29145
29227
26920
22406
16051
8373
0
-8379
-16072
-22443
-26962
-29248
-29109
-26549
-21777
-15186
-7321
1161
9552
17149
23310
27514
29403
28813
25787
20576
13617
5497
-3095
-11431
-18798
-24565
-28235
-29490
-28217
-24519
-18708
-11282
-2878
5782
13947
20910
26063
28954
29327
27145
22591
16059
8116
-544
-9162
-16981
-23310
-27588
-29432
-28675
-25377
-19826
-12510
-4076
4728
13115
20337
25744
28849
29366
27245
22671
16051
7977
-823
-9555
-17428
-23723
-27867
-29477
-28400
-24731
-18798
-11140
-2455
6461
14790
21762
26733
29238
29042
26157
20844
13591
5070
-3929
-12568
-20039
-25642
-28847
-29348
-27094
-22290
-15384
-7022
2009
10856
18681
24740
28453
29462
27666
23231
16573
8326
-724
-9711
-17771
-24127
-28165
-29489
-27965
-23737
-17206
-9003
80
9162
17357
23866
28048
29490
28046
23851
17311
9064
-80
-9223
-17461
-23979
-28126
-29489
-27924
-23583
-16891
-8511
724
9893
18077
24456
28384
29462
27576
22910
15929
7334
-2009
-11155
-19174
-25252
-28764
-29348
-26939
-21777
-14384
-5513
3929
12974
20691
26282
29167
29042
25915
20103
12203
3031
-6461
-15288
-22527
-27419
-29450
-28400
-24375
-17789
-9330
116
9555
17993
24536
28489
29427
27245
22170
14734
5725
-3900
-13115
-20935
-26518
-29264
-28872
-25377
-19150
-10856
-1386
8240
16981
23888
28210
29472
27530
22591
15186
6119
-3623
-12974
-20910
-26556
-29289
-28802
-25143
-18708
-10204
-566
9141
17840
24565
28564
29387
26935
21478
13617
4228
-5640
-14881
-22458
-27514
-29476
-28117
-23583
-16381
-7321
2573
12183
20414
26328
29248
28835
25129
18549
9841
0
-9847
-18569
-25160
-28857
-29227
-26223
-20185
-11806
-2054
7943
17023
24127
28425
29410
26960
21356
13248
3581
-6512
-15845
-23320
-28051
-29476
-27419
-22119
-14196
-4585
5576
15081
22796
27800
29490
27658
22516
14675
5070
-5149
-14756
-22593
-27712
-29490
-27707
-22572
-14701
-5042
5235
14881
22723
27800
29489
27576
22290
14272
4499
-5832
-15453
-23177
-28051
-29467
-27245
-21653
-13377
-3437
6934
16451
23926
28425
29383
26671
20624
11992
1852
-8527
-17840
-24915
-28857
-29162
-25787
-19150
-10086
261
10580
19563
26063
29248
28708
24504
17167
7630
-2891
-13046
-21533
-27257
-29476
-27899
-22723
-14608
-4601
6009
15845
23631
28351
29387
26595
20335
11416
1000
-9552
-18860
-25699
-29167
-28802
-24646
-17240
-7555
3134
13414
21924
27533
29490
27530
21907
13363
3031
-7710
-17428
-24818
-28888
-29085
-25377
-18255
-8671
2086
12568
21358
27265
29484
27707
22170
13617
3207
-7645
-17461
-24899
-28939
-29022
-25129
-17789
-8002
2891
13391
22053
27678
29484
27215
21178
12203
1531
-9360
-18956
-25918
-29272
-28544
-23828
-15777
-5513
5529
15802
23860
28567
29254
25818
18736
9003
-2009
-12742
-21675
-27536
-29488
-27245
-21122
-11983
-1129
9893
19505
26328
29381
28217
22997
14466
3846
-7334
-17461
-25070
-29056
-28835
-24432
-16480
-6128
5121
15630
23866
28621
29196
25499
18065
7977
-3287
-14074
-22796
-28165
-29383
-26263
-19260
-9403
1852
12838
21924
27757
29462
26780
20103
10421
-823
-11951
-21294
-27449
-29487
-27094
-20624
-11044
206
11431
20935
27276
29490
27234
20844
11282
0
-11288
-20862
-27257
-29490
-27215
-20771
-11140
206
11526
21079
27392
29487
27033
20402
10613
-823
-12139
-21577
-27669
-29462
-26671
-19723
-9695
1852
13115
22332
28056
29383
26097
18708
8373
-3287
-14435
-23310
-28506
-29196
-25263
-17324
-6631
5121
16064
24456
28954
28835
24111
15529
4458
-7334
-17955
-25699
-29315
-28217
-22572
-13285
-1849
9893
20039
26946
29488
27245
20576
10556
-1187
-12742
-22225
-28083
-29352
-25818
-18052
-7321
4616
15802
24393
28970
28774
23828
14943
3581
-8379
-18956
-26393
-29451
-27613
-21178
-11211
630
12373
22053
28048
29348
25729
17789
6856
-5235
-16451
-24899
-29151
-28482
-22997
-13617
-1926
10098
20414
27265
29481
26678
19326
8671
-3469
-15023
-24010
-28888
-28813
-23790
-14675
-3031
9141
19742
26942
29490
26939
19723
9085
-3134
-14815
-23926
-28878
-28802
-23704
-14466
-2695
9552
20134
27191
29481
26595
19032
8116
-4235
-15845
-24664
-29129
-28444
-22723
-12971
-913
11312
21533
27926
29348
25538
17167
5725
-6747
-18016
-26063
-29437
-27527
-20668
-10086
2317
14308
23723
28857
28774
23482
13933
1852
-10571
-21079
-27757
-29383
-25653
-17240
-5674
6934
18280
26282
29468
27245
20016
9101
-3495
-15453
-24565
-29145
-28340
-22290
-12109
322
12699
22723
28526
29022
24111
14701
2541
-10098
-20855
-27712
-29378
-25533
-16891
-5070
7710
19045
26794
29490
26616
18708
7256
-5576
-17357
-25849
-29432
-27419
-20185
-9101
3725
15845
24942
29272
27998
21356
10613
-2173
-14547
-24127
-29065
-28400
-22255
-11806
930
13491
23445
28857
28669
22910
12693
0
-12699
-22926
-28682
-28835
-23347
-13285
-614
12183
22593
28567
28923
23583
13591
913
-11951
-22458
-28526
-28946
-23627
-13617
-897
12007
22527
28564
28908
23482
13363
566
-12349
-22796
-28676
-28802
-23141
-12824
80
12974
23256
28849
28614
22591
11992
-1042
-13870
-23888
-29056
-28316
-21810
-10856
2317
15023
24664
29264
27874
20771
9403
-3900
-16408
-25546
-29427
-27245
-19442
-7620
5782
17993
26485
29490
26379
17789
5497
-7943
-19735
-27419
-29387
-25218
-15777
-3031
10355
21577
28277
29042
23704
13377
228
-12974
-23445
-28970
-28375
-21777
-10565
2891
15739
25252
29402
27299
19384
7334
-6285
-18569
-26889
-29462
-25729
-16480
-3693
9893
21358
28235
29037
23583
13040
-322
-13620
-23979
-29151
-28011
-20796
-9064
4642
17344
26278
29490
26275
17324
4585
-9162
-20910
-28083
-29102
-23737
-13156
322
13734
24127
29207
27846
20335
8326
-5529
-18166
-26783
-29462
-25602
-16051
-2926
10856
22225
28642
28669
22290
10925
-2891
-16064
-25642
-29469
-26678
-17889
-5070
8896
20862
28126
29042
23394
12451
-1315
-14790
-24915
-29388
-27185
-18798
-6128
7943
20209
27867
29162
23790
12971
-823
-14435
-24740
-29367
-27245
-18855
-6119
8033
20337
27951
29109
23535
12510
-1418
-15023
-25146
-29432
-26876
-18065
-5042
9162
21234
28351
28845
22591
11044
-3095
-16515
-26063
-29490
-25984
-16360
-2878
11288
22796
28924
28217
20832
8511
-5832
-18798
-27305
-29327
-24375
-13617
389
14308
24818
29403
26960
18065
4839
-9552
-21658
-28567
-28614
-21777
-9695
4728
18016
26962
29397
24726
14069
0
-14074
-24740
-29402
-26920
-17889
-4499
9993
22053
28735
28400
21122
8671
-5908
-19045
-27514
-29231
-23765
-12451
1932
15845
25856
29490
25841
15802
1849
-12568
-23875
-29264
-27390
-18708
-5371
9309
21675
28642
28465
21178
8594
-6144
-19350
-27712
-29127
-23231
-11496
3134
16981
26556
29441
24899
14069
-322
-14636
-25252
-29473
-26223
-16317
-2262
12373
23866
29286
27245
18255
4601
-10234
-22458
-28939
-28011
-19902
-6684
8255
21079
28486
28564
21283
8511
-6461
-19771
-27976
-28946
-22423
-10086
4870
18569
27449
29196
23347
11416
-3495
-17500
-26942
-29348
-24081
-12510
2343
16587
26485
29432
24646
13377
-1418
-15845
-26100
-29472
-25062
-14026
724
15288
25807
29487
25343
14466
-261
-14923
-25618
-29490
-25499
-14701
29
14756
25541
29490
25538
14734
-29
-14790
-25579
-29490
-25460
-14566
261
15023
25732
29487
25263
14196
-724
-15453
-25991
-29472
-24939
-13617
1418
16072
26347
29432
24476
12824
-2343
-16873
-26783
-29348
-23856
-11806
3495
17840
27276
29196
23061
10556
-4870
-18956
-27800
-28946
-22068
-9064
6461
20197
28320
28564
20851
7321
-8255
-21533
-28798
-28011
-19384
-5324
10234
22926
29186
27245
17642
3070
-12373
-24333
-29432
-26223
-15603
-566
14636
25699
29480
24899
13248
-2173
-16981
-26962
-29267
-23231
-10565
5121
19350
28051
28728
21178
7555
-8240
-21675
-28888
-27798
-18708
-4228
11475
23875
29388
26413
15802
614
-14756
-25856
-29462
-24519
-12451
3239
17993
27514
29022
22068
8671
-7262
-21079
-28735
-27983
-19032
-4499
11360
23888
29402
26270
15406
0
-15411
-26282
-29397
-23828
-11211
4728
19272
28110
28614
20624
6505
-9552
-22774
-29219
-26960
-16661
-1386
14308
25732
29462
24375
11983
-4005
-18798
-27951
-28708
-20832
-6684
9482
22796
29238
26856
16360
913
-14815
-26063
-29416
-23851
-11044
5121
19735
28351
28340
19695
5042
-11155
-23950
-29432
-25915
-14466
1418
16873
27157
29109
22119
8326
-8033
-21924
-29065
-27245
-17018
-1531
14435
25941
29422
23790
10781
-5576
-20209
-28567
-28046
-18798
-3693
12568
24915
29490
24856
12451
-3852
-18956
-28126
-28482
-19902
-5070
11360
24223
29469
25436
13385
-2891
-18260
-27867
-28669
-20402
-5674
10856
23950
29451
25602
13617
-2702
-18166
-27851
-28663
-20335
-5513
11074
24127
29468
25377
13156
-3287
-18681
-28083
-28465
-19695
-4585
12007
24734
29490
24731
11983
-4642
-19771
-28506
-28011
-18436
-2878
13620
25699
29427
23583
10059
-6747
-21358
-29006
-27185
-16480
-383
15845
26889
29125
21810
7334
-9555
-23310
-29402
-25818
-13728
2891
18561
28110
28375
19260
3770
-12974
-25424
-29449
-23704
-10086
6888
21577
29091
26920
15777
-630
-16833
-27419
-28845
-20624
-5497
11475
24608
29490
24476
11238
-5782
-20862
-28924
-27245
-16381
13
16408
27265
28908
20771
5599
-11475
-24664
-29489
-24302
-10856
6285
21294
29056
26920
15603
-1042
-17337
-27712
-28614
-19723
-4076
12974
25579
29410
23141
8917
-8379
-22796
-29367
-25818
-13363
3709
19505
28564
27746
17324
897
-15845
-27097
-28946
-20741
-5324
11951
25070
29461
23583
9476
-7943
-22593
-29350
-25841
-13285
3929
19771
28682
27527
16701
0
-16706
-27536
-28669
-19695
-3770
13491
25991
29307
22255
7321
-10210
-24127
-29489
-24384
-10613
6934
22021
29272
26097
13617
-3725
-19742
-28712
-27419
-16317
630
17357
27867
28382
18708
2311
-14923
-26794
-29022
-20796
-5070
12489
25546
29378
22591
7630
-10098
-24174
-29490
-24111
-9977
7785
22723
29400
25377
12109
-5576
-21234
-29145
-26413
-14026
3495
19742
28764
27245
15734
-1556
-18280
-28290
-27899
-17240
-228
16873
27757
28400
18556
1852
-15543
-27191
-28774
-19695
-3310
14308
26619
29042
20668
4601
-13184
-26063
-29227
-21489
-5725
12183
25541
29348
22170
6684
-11312
-25070
-29422
-22723
-7480
10580
24664
29462
23157
8116
-9993
-24333
-29481
-23482
-8594
9552
24085
29489
23704
8917
-9263
-23926
-29490
-23828
-9085
9125
23860
29490
23856
9101
-9141
-23888
-29490
-23790
-8963
9309
24010
29489
23627
8671
-9628
-24223
-29481
-23365
-8224
10098
24522
29462
22997
7620
-10715
-24899
-29422
-22516
-6856
11475
25346
29348
21913
5930
-12373
-25849
-29227
-21178
-4839
13400
26393
29042
20297
3581
-14547
-26962
-28774
-19260
-2157
15802
27533
28400
18052
566
-17149
-28083
-27899
-16661
1187
18569
28584
27245
15075
-3095
-20039
-29006
-26413
-13285
5149
21533
29315
25377
11282
-7334
-23017
-29476
-24111
-9064
9628
24456
29450
22591
6631
-12007
-25807
-29196
-20796
-3990
14435
27024
28675
18708
1155
-16873
-28056
-27846
-16317
1852
19272
28849
26671
13617
-4997
-21577
-29345
-25118
-10613
8240
23723
29487
23157
7321
-11526
-25642
-29217
-20771
-3770
14790
27257
28482
17950
0
-17955
-28489
-27234
-14701
3929
20935
29258
25436
11044
-7943
-23631
-29487
-23061
-7022
11951
25941
29102
20103
2695
-15845
-27757
-28043
-16573
1852
19505
28970
26263
12510
-6512
-22796
-29480
-23737
-7977
11155
25579
29196
20465
3070
-15630
-27712
-28046
-16480
2086
19771
29056
25984
11851
-7334
-23398
-29489
-22997
-6684
12489
26328
28908
19113
1129
-17344
-28384
-27245
-14407
4626
21675
29403
24476
9003
-10355
-25252
-29254
-20624
-3079
15802
27851
27846
15777
-3134
-20691
-29272
-25143
-10086
9360
24740
29352
21178
3770
-15288
-27678
-27983
-16059
2891
20580
29264
25129
9977
-9555
-24899
-29312
-20844
-3207
15845
27926
27707
15274
-3900
-21358
-29388
-24432
-8671
10931
25699
29085
19579
1386
-17428
-28506
-26920
-13363
6144
22920
29490
22916
6119
-13414
-26962
-28465
-17240
1701
19885
29167
25377
10204
-9552
-25025
-29256
-20335
-2262
16833
28351
27094
13617
-6009
-22926
-29490
-22723
-5674
13947
27257
28217
16381
-2891
-20855
-29350
-24504
-8511
11360
26063
28892
18549
-261
-18956
-28997
-25787
-10781
9162
24915
29256
20185
1852
-17337
-28567
-26671
-12510
7412
23926
29422
21356
3437
-16072
-28165
-27245
-13728
6144
23177
29479
22119
4499
-15213
-27867
-27576
-14466
5377
22723
29490
22516
5042
-14790
-27722
-27707
-14742
5121
22593
29490
22572
5070
-14815
-27751
-27658
-14566
5377
22796
29488
22290
4585
-15288
-27951
-27419
-13933
6144
23320
29462
21653
3581
-16194
-28290
-26960
-12824
7412
24127
29366
20624
2054
-17500
-28712
-26223
-11211
9162
25160
29125
19150
0
-19155
-29129
-25129
-9064
11360
26328
28638
17167
-2573
-21079
-29427
-23583
-6355
13947
27514
27782
14608
-5640
-23161
-29462
-21478
-3070
16833
28564
26413
11416
-9141
-25252
-29064
-18708
775
19885
29289
24384
7555
-12974
-27157
-28043
-15186
5121
22920
29472
21548
3031
-16981
-28642
-26204
-10856
9847
25699
28872
17789
-2086
-20935
-29432
-23365
-5725
14756
27926
27245
13040
-7645
-24536
-29231
-19384
116
19563
29264
24375
7321
-13391
-27419
-27746
-14196
6461
23888
29352
20103
769
-18956
-29167
-24726
-7853
12974
27276
27846
14384
-6333
-23860
-29348
-20016
-566
19174
29219
24476
7334
-13529
-27536
-27576
-13617
7262
24456
29217
19113
-724
-20197
-29381
-23583
-5750
15023
28126
26856
11851
-9223
-25579
-28835
-17311
3095
21918
29490
21913
3070
-17357
-28857
-25499
-9003
12139
27024
27965
14466
-6512
-24127
-29267
-19260
724
20337
29411
23231
4991
-15845
-28453
-26270
-10421
10856
26485
28316
15384
-5576
-23631
-29348
-19730
206
20039
29388
23347
5070
-15870
-28489
-26157
-10086
11288
26733
28117
14701
-6461
-24223
-29217
-18798
1547
21079
29477
22290
3310
-17428
-28939
-25118
-7977
13400
27669
27245
12343
-9125
-25744
-28663
-16317
4728
23256
29383
19826
-322
-20302
-29432
-22819
-3990
16981
28857
25263
8116
-13391
-27712
-27145
-11983
9628
26063
28465
15529
-5782
-23979
-29238
-18708
1932
21533
29490
21489
1849
-18798
-29258
-23851
-5497
15845
28584
25787
8963
-12742
-27514
-27299
-12203
9552
26100
28400
15186
-6333
-24393
-29109
-17889
3134
22443
29449
20297
0
-20302
-29451
-22406
-3031
18016
29145
24214
5930
-15630
-28567
-25729
-8671
13184
27751
26960
11238
-10715
-26733
-27924
-13617
8255
25546
28638
15802
-5832
-24223
-29123
-17789
3469
22796
29399
19579
-1187
-21294
-29490
-21178
-1000
19742
29419
22591
3079
-18166
-29207
-23828
-5042
16587
28878
24899
6881
-15023
-28453
-25818
-8594
13491
27951
26595
10180
-12007
-27392
-27245
-11638
10580
26794
27782
12971
-9223
-26172
-28217
-14182
7943
25541
28564
15274
-6747
-24915
-28835
-16253
5640
24306
29042
17122
-4626
-23723
-29196
-17889
3709
23177
29307
18556
-2891
-22675
-29383
-19130
2173
22225
29432
19615
-1556
-21831
-29462
-20016
1042
21500
29479
20335
-630
-21234
-29487
-20576
322
21036
29490
20741
-116
-20910
-29490
-20832
13
20855
29490
20851
-13
-20873
-29490
-20796
116
20964
29490
20668
-322
-21126
-29487
-20465
630
21358
29479
20185
-1042
-21658
-29462
-19826
1556
22021
29432
19384
-2173
-22443
-29383
-18855
2891
22920
29307
18235
-3709
-23445
-29196
-17518
4626
24010
29042
16701
-5640
-24608
-28835
-15777
6747
25227
28564
14742
-7943
-25856
-28217
-13591
9223
26485
27782
12320
-10580
-27097
-27245
-10925
12007
27678
26595
9403
-13491
-28210
-25818
-7754
15023
28676
24899
5977
-16587
-29056
-23828
-4076
18166
29329
22591
2054
-19742
-29473
-21178
80
21294
29466
19579
-2317
-22796
-29286
-17789
4642
24223
28908
15802
-7038
-25546
-28311
-13617
9482
26733
27475
11238
-11951
-27751
-26379
-8671
14412
28567
25007
5930
-16833
-29145
-23347
-3031
19174
29451
21389
0
-21394
-29449
-19130
3134
23445
29109
16573
-6333
-25280
-28400
-13728
9552
26847
27299
10613
-12742
-28095
-25787
-7256
15845
28973
23851
3693
-18798
-29432
-21489
29
21533
29427
18708
-3852
-23979
-28918
-15529
7710
26063
27874
11983
-11526
-27712
-26275
-8116
15213
28857
24111
3990
-18681
-29432
-21389
322
21831
29383
18133
-4728
-24565
-28663
-14384
9125
26783
27245
10204
-13400
-28391
-25118
-5674
17428
29304
22290
897
-21079
-29450
-18798
4005
24223
28774
14701
-8896
-26733
-27244
-10086
13620
28489
24856
5070
-18016
-29388
-21636
206
21918
29348
17642
-5576
-25160
-28316
-12971
10856
27588
26270
7754
-15845
-29065
-23231
-2157
20337
29481
19260
-3623
-24127
-28762
-14466
9360
27024
26876
9003
-14815
-28857
-23841
-3070
19735
29490
19730
-3095
-23875
-28835
-14675
9223
27004
26856
8865
-15023
-28924
-23583
-2541
20197
29481
19113
-4005
-24456
-28582
-13617
10451
27536
26204
7334
-16451
-29219
-22406
-566
21658
29348
17331
-6333
-25744
-27846
-11211
12974
28425
24726
4356
-18956
-29480
-20103
2855
23888
28774
14196
-9993
-27419
-26275
-7321
16600
29264
22068
-116
-22225
-29231
-16360
7645
26450
27245
9476
-14756
-28929
-23365
-1849
20935
29416
17789
-6009
-25699
-27798
-10856
13529
28642
24111
3031
-20134
-29472
-18556
5121
25280
28043
11496
-12974
-28506
-24384
-3437
19885
29480
18708
-4997
-25252
-28038
-11416
13115
28564
24214
3070
-20209
-29462
-18255
5640
25618
27782
10613
-13947
-28798
-23583
-1926
21079
29378
17167
-7038
-26328
-27215
-9064
15433
29129
22423
0
-22427
-29125
-15384
9162
27276
26223
6731
-17500
-29419
-20624
2702
24127
28544
12824
-11951
-28290
-24646
-3581
20020
29462
18052
-6144
-25991
-27419
-9403
15288
29132
22290
-389
-22796
-28996
-14566
10234
27751
25499
5070
-18978
-29490
-18954
5121
25541
27707
10059
-14790
-29056
-22516
158
22723
28996
14466
-10451
-27867
-25263
-4499
19505
29479
18235
-6144
-26100
-27245
-8742
16072
29289
21356
-2009
-23926
-28544
-12510
12583
28567
23856
1852
-21500
-29256
-15777
9162
27449
25787
5371
-18956
-29489
-18549
5908
26063
27215
8511
-16408
-29350
-20851
2891
24522
28217
11259
-13947
-28939
-22723
158
22926
28872
13617
-11644
-28351
-24214
-2262
21358
29256
15603
-9552
-27669
-25377
-4356
19885
29441
17240
-7710
-26962
-26263
-6119
18561
29490
18556
-6144
-26289
-26920
-7555
17428
29458
19579
-4870
-25699
-27390
-8671
16515
29388
20335
-3900
-25227
-27707
-9476
15845
29315
20844
-3239
-24899
-27899
-9977
15433
29264
21122
-2891
-24734
-27983
-10180
15288
29248
21178
-2855
-24740
-27965
-10086
15411
29272
21014
-3134
-24915
-27846
-9695
15802
29329
20624
-3725
-25252
-27613
-9003
16451
29403
19997
-4626
-25732
-27245
-8002
17344
29469
19113
-5832
-26328
-26715
-6684
18461
29489
17950
-7334
-27004
-25984
-5042
19771
29416
16480
-9116
-27712
-25007
-3070
21234
29196
14675
-11155
-28391
-23737
-769
22796
28762
12510
-13414
-28970
-22119
1852
24393
28043
9962
-15845
-29367
-20103
4769
25941
26960
7022
-18381
-29487
-17642
7943
27344
25436
3693
-20935
-29227
-14701
11312
28489
23394
0
-23398
-28482
-11259
14790
29248
20771
-4005
-25642
-27145
-7321
18260
29487
17518
-8240
-27514
-25118
-2926
21577
29064
13617
-12583
-28849
-22322
1852
24565
27846
9085
-16873
-29468
-18708
6888
27024
25716
3990
-20910
-29196
-14272
12007
28735
22591
-1547
-24456
-27874
-9064
16981
29476
18436
-7334
-27247
-25377
-3207
21533
29037
13285
-13115
-29006
-21636
3095
25346
27245
7256
-18569
-29466
-16661
9555
28083
23992
566
-23320
-28400
-10565
15802
29411
19260
-6461
-26962
-25653
-3581
21394
29042
13156
-13400
-29091
-21178
3929
25849
26769
5930
-19735
-29348
-15075
11475
28682
22516
-2009
-24899
-27475
-7620
18461
29462
16381
-10098
-28320
-23365
724
24223
27874
8671
-17647
-29489
-17122
9309
28095
23790
-80
-23888
-28038
-9101
17337
29490
17331
-9125
-28056
-23828
80
23926
27998
8917
-17544
-29489
-17018
9552
28210
23482
-724
-24333
-27746
-8116
18260
29462
16167
-10580
-28526
-22723
2009
25070
27234
6684
-19447
-29348
-14742
12183
28929
21489
-3929
-26063
-26379
-4601
21036
29042
12693
-14308
-29304
-19695
6461
27191
25062
1852
-22920
-28400
-9962
16873
29489
17240
-9555
-28290
-23141
1556
24942
27245
6505
-19742
-29282
-14026
13115
29145
20465
-5576
-26889
-25377
-2311
22723
28444
9977
-16981
-29490
-16891
10098
28486
22591
-2573
-25546
-26715
-5070
20910
29022
12320
-14923
-29400
-18708
8008
27867
23841
-630
-24565
-27419
-6731
19742
29254
13617
-13734
-29272
-19615
6934
27514
24384
228
-24127
-27666
-7321
19350
29307
13933
-13491
-29248
-19695
6913
27536
24302
0
-24306
-27527
-6856
19771
29227
13285
-14210
-29350
-18954
7943
27926
23583
-1315
-25070
-26960
-5324
20964
28946
11638
-15845
-29477
-17324
9993
28564
22119
-3709
-26289
-25818
-2695
22796
28275
8917
-18280
-29410
-14675
12974
29207
19723
-7137
-27712
-23856
1042
25025
26920
5042
-21294
-28813
-10856
16706
29489
16167
-11475
-28954
-20771
5832
27265
24504
-13
-24522
-27245
-5750
20862
28918
11238
-16451
-29490
-16253
11475
28973
20624
-6135
-27419
-24214
630
24915
26920
4839
-21577
-28675
-10086
17544
29449
14943
-12974
-29248
-19260
8033
28110
22916
-2891
-26100
-25818
-2285
23310
27899
7334
-19850
-29125
-12109
15845
29488
16480
-11431
-29006
-20335
6747
27722
23583
-1932
-25699
-26157
-2878
23017
28011
7555
-19771
-29123
-11983
16064
29490
16059
-12007
-29132
-19695
7710
28083
22819
-3287
-26393
-25377
-1155
24127
27332
5513
-21358
-28663
-9695
18166
29366
13617
-14636
-29451
-17206
10856
28939
20402
-6913
-27867
-23157
2891
26278
25436
1129
-24223
-27215
-5070
21762
28482
8865
-18956
-29238
-12451
15870
29490
15777
-12568
-29258
-18798
9116
28567
21478
-5576
-27449
-23790
2009
25941
25716
1531
-24085
-27245
-4991
21924
28375
8326
-19505
-29109
-11496
16873
29456
14466
-14074
-29432
-17206
11155
29056
19695
-8156
-28351
-21913
5121
27344
23851
-2086
-26063
-25499
-913
24536
26856
3846
-22796
-27924
-6684
20873
28708
9403
-18798
-29217
-11983
16600
29462
14407
-14308
-29458
-16661
11951
29219
18736
-9552
-28764
-20624
7137
28110
22322
-4728
-27276
-23828
2343
26282
25143
0
-25146
-26270
-2285
23888
27215
4499
-22527
-27983
-6631
21079
28582
8671
-19563
-29022
-10613
17993
29312
12451
-16387
-29462
-14182
14756
29484
15802
-13115
-29388
-17311
11475
29186
18708
-9847
-28888
-19997
8240
28506
21178
-6662
-28051
-22255
5121
27533
23231
-3623
-26962
-24111
2173
26347
24899
-775
-25699
-25602
-566
25025
26223
1849
-24333
-26769
-3070
23631
27245
4228
-22926
-27658
-5324
22225
28011
6355
-21533
-28311
-7321
20855
28564
8224
-20197
-28774
-9064
19563
28946
9841
-18956
-29085
-10556
18381
29196
11211
-17840
-29282
-11806
17337
29348
12343
-16873
-29397
-12824
16451
29432
13248
-16072
-29456
-13617
15739
29472
13933
-15453
-29481
-14196
15213
29487
14407
-15023
-29489
-14566
14881
29490
14675
-14790
-29490
-14734
14748
29490
14742
-14756
-29490
-14701
14815
29490
14608
-14923
-29489
-14466
15081
29487
14272
-15288
-29481
-14026
15543
29472
13728
-15845
-29456
-13377
16194
29432
12971
-16587
-29397
-12510
17023
29348
11992
-17500
-29282
-11416
18016
29196
10781
-18569
-29085
-10086
19155
28946
9330
-19771
-28774
-8511
20414
28564
7630
-21079
-28311
-6684
21762
28011
5674
-22458
-27658
-4601
23161
27245
3463
-23866
-26769
-2262
24565
26223
1000
-25252
-25602
322
25918
24899
-1701
-26556
-24111
3134
27157
23231
-4616
-27712
-22255
6144
28210
21178
-7710
-28642
-19997
9309
28997
18708
-10931
-29264
-17311
12568
29432
15802
-14210
-29490
-14182
15845
29427
12451
-17461
-29231
-10613
19045
28892
8671
-20580
-28400
-6631
22053
27746
4499
-23445
-26920
-2285
24740
25915
0
-25918
-24726
2343
26962
23347
-4728
-27851
-21777
7137
28567
20016
-9552
-29091
-18065
11951
29403
15929
-14308
-29488
-13617
16600
29327
11140
-18798
-28908
-8511
20873
28217
5750
-22796
-27244
-2878
24536
25984
-80
-26063
-24432
3095
27344
22591
-6135
-28351
-20465
9162
29056
18065
-12139
-29432
-15406
15023
29456
12510
-17771
-29109
-9403
20337
28375
6119
-22675
-27245
-2695
24740
25716
-823
-26485
-23790
4388
27867
21478
-7943
-28847
-18798
11431
29388
15777
-14790
-29461
-12451
17955
29042
8865
-20862
-28117
-5070
23445
26678
1129
-25642
-24731
2891
27392
22290
-6913
-28642
-19384
10856
29345
16051
-14636
-29462
-12343
18166
28967
8326
-21358
-27846
-4076
24127
26097
-322
-26393
-23737
4769
28083
20796
-9162
-29132
-17324
13391
29490
13385
-17344
-29123
-9064
20910
28011
4458
-23979
-26157
322
26450
23583
-5149
-28235
-20335
9893
29258
16480
-14412
-29462
-12109
18569
28813
7334
-22225
-27299
-2285
25252
24939
-2891
-27533
-21777
8033
28970
17889
-12974
-29489
-13377
17544
29042
8373
-21577
-27613
-3031
24915
25218
-2471
-27419
-21913
7943
28973
17789
-13184
-29490
-12971
17993
28918
7620
-22174
-27245
-1926
25546
24504
-3900
-27951
-20771
9628
29264
16167
-15023
-29399
-10856
19850
28316
5042
-23888
-26025
1042
26942
22591
-7137
-28849
-18133
12974
29490
12824
-18280
-28802
-6881
22796
26780
566
-26289
-23482
5832
28564
19032
-12007
-29477
-13617
17647
28946
7480
-22458
-26960
-913
26172
23583
-5756
-28567
-18954
12183
29484
13285
-18016
-28835
-6856
22926
26616
0
-26619
-22910
6913
28857
17889
-13491
-29476
-11806
19350
28400
4991
-24127
-25653
2173
27514
21356
-9263
-29272
-15734
15845
29254
9101
-21500
-27419
-1849
25849
23841
-5576
-28584
-18708
12699
29490
12320
-19045
-28465
-5070
24174
25533
-2573
-27712
-20851
10098
29381
14701
-16981
-29022
-7480
22723
26616
-322
-26889
-22290
8156
29145
16317
-15453
-29282
-9101
21658
27245
1155
-26282
-23141
6934
28939
17240
-14547
-29383
-9962
21079
27530
1852
-25991
-23482
6461
28857
17518
-14308
-29399
-10086
21036
27527
1771
-26063
-23347
6747
28929
17167
-14748
-29348
-9476
21533
27234
913
-26485
-22723
7785
29129
16167
-15845
-29185
-8116
22527
26595
-724
-27191
-21548
9552
29367
14466
-17544
-28802
-5977
23926
25499
-3134
-28056
-19723
11998
29490
11992
-19742
-28038
-3031
25579
23790
-6285
-28888
-17122
15023
29286
8671
-22276
-26678
724
27265
21283
-10098
-29427
-13617
18461
28482
4458
-24899
-24476
5235
28682
17789
-14412
-29348
-9110
22053
26769
-630
-27276
-21178
10355
29451
13156
-18956
-28275
-3581
25424
23828
-6461
-28970
-16573
15802
29127
7321
-23320
-25818
2855
28083
19384
-12742
-29466
-10556
21126
27245
383
-26946
-21636
9893
29432
13285
-18978
-28217
-3207
25699
23394
-7334
-29151
-15529
16981
28835
5599
-24456
-24731
5121
28735
17324
-15213
-29196
-7555
23310
25716
-3287
-28277
-18708
13734
29383
9085
-22332
-26413
1852
27851
19723
-12583
-29462
-10204
21577
26876
-823
-27514
-20402
11786
29487
10925
-21079
-27145
206
27305
20771
-11360
-29490
-11259
20862
27244
0
-27247
-20844
11312
29490
11211
-20935
-27185
206
27344
20624
-11644
-29487
-10781
21294
26960
-823
-27588
-20103
12349
29462
9962
-21924
-26549
1852
27951
19260
-13414
-29383
-8742
22796
25915
-3287
-28391
-18065
14815
29196
7106
-23866
-25007
5121
28847
16480
-16515
-28835
-5042
25070
23765
-7334
-29238
-14466
18461
28217
2541
-26328
-22119
9893
29469
11983
-20580
-27245
389
27536
19997
-12742
-29422
-9003
22774
25818
-3725
-28567
-17331
15802
28967
5513
-24915
-23828
7412
29272
14069
-18956
-27965
-1531
26847
21178
-11360
-29484
-10180
22053
26275
-2891
-28384
-17789
15433
29022
5674
-24899
-23765
7645
29315
13617
-19447
-27707
-614
27265
20335
-12568
-29416
-8671
23161
25377
-4870
-28888
-15929
17428
28465
3031
-26289
-21907
10571
29490
10565
-21924
-26263
3134
28506
17240
-16194
-28802
-4356
25699
22671
-9552
-29473
-11416
21358
26595
-2471
-28351
-17642
15845
28872
4601
-25618
-22723
9555
29476
11259
-21533
-26448
2891
28486
17167
-16408
-28708
-3770
26063
22068
-10580
-29489
-10086
22427
25787
-4388
-28857
-15777
17840
28231
1852
-26942
-20624
12583
29383
7853
-23926
-24476
6934
29289
13377
-20020
-27245
1161
28051
18235
-15453
-28908
-4499
25807
22290
-10451
-29489
-9841
22723
25460
-5235
-29056
-14701
18978
27707
-3
-27712
-18954
14756
29037
5070
-25579
-22516
10234
29490
9841
-22796
-25343
5576
29132
14196
-19505
-27419
930
28051
18052
-15845
-28762
-3581
26347
21356
-11951
-29410
-7853
24127
24081
-7943
-29419
-11806
21500
26223
-3929
-28857
-15384
18569
27798
0
-27800
-18549
15433
28835
3770
-26328
-21283
12183
29378
7321
-24522
-23583
8896
29476
10613
-22458
-25460
5640
29186
13617
-20209
-26935
2471
28564
16317
-17840
-28038
-566
27669
18708
-15411
-28802
-3437
26556
20796
-12974
-29267
-6119
25280
22591
-10571
-29472
-8594
23888
24111
-8240
-29458
-10856
22427
25377
-6009
-29264
-12902
20935
26413
-3900
-28929
-14734
19447
27245
-1932
-28489
-16360
17993
27899
-116
-27976
-17789
16600
28400
1540
-27419
-19032
15288
28774
3031
-26847
-20103
14074
29042
4356
-26282
-21014
12974
29227
5513
-25744
-21777
11998
29348
6505
-25252
-22406
11155
29422
7334
-24818
-22910
10451
29462
8002
-24456
-23300
9893
29481
8511
-24174
-23583
9482
29489
8865
-23979
-23765
9223
29490
9064
-23875
-23851
9116
29490
9110
-23866
-23841
9162
29490
9003
-23950
-23737
9360
29489
8742
-24127
-23535
9711
29481
8326
-24393
-23231
10210
29462
7754
-24740
-22819
10856
29422
7022
-25160
-22290
11644
29348
6128
-25642
-21636
12568
29227
5070
-26172
-20844
13620
29042
3846
-26733
-19902
14790
28774
2455
-27305
-18798
16064
28400
897
-27867
-17518
17428
27899
-823
-28391
-16051
18860
27245
-2702
-28849
-14384
20337
26413
-4728
-29207
-12510
21831
25377
-6888
-29432
-10421
23310
24111
-9162
-29485
-8116
24734
22591
-11526
-29327
-5599
26063
20796
-13947
-28918
-2878
27247
18708
-16387
-28217
29
28235
16317
-18798
-27185
3095
28973
13617
-21126
-25787
6285
29403
10613
-23310
-23992
9552
29467
7321
-25280
-21777
12838
29109
3770
-26962
-19130
16072
28275
0
-28277
-16051
19174
26920
-3929
-29145
-12553
22053
25007
-7943
-29488
-8671
24608
22516
-11951
-29231
-4458
26733
19442
-15845
-28311
13
28320
15802
-19505
-26678
4642
29264
11638
-22796
-24302
9309
29466
7022
-25579
-21178
13870
28843
2054
-27712
-17331
18166
27332
-3134
-29056
-12824
22021
24899
-8379
-29489
-7754
25252
21548
-13491
-28908
-2262
27678
17324
-18260
-27245
3469
29129
12320
-22458
-24476
9223
29461
6684
-25856
-20624
14748
28564
614
-28235
-15777
19771
26379
-5640
-29400
-10086
24010
22910
-11786
-29196
-3770
27191
18235
-17500
-27530
2891
29065
12510
-22443
-24384
9555
29432
5977
-26282
-19826
15845
28163
-1042
-28712
-14026
21358
25218
-8156
-29487
-7256
25699
20668
-14923
-28444
116
28506
14701
-20873
-25533
7636
29490
7630
-25546
-20832
14790
28465
-116
-28526
-14566
21036
25377
-8008
-29487
-7106
25849
20335
-15453
-28231
1042
28764
13617
-21831
-24726
9263
29432
5674
-26556
-19130
16873
27666
-2891
-29128
-11806
23177
23482
-11360
-29196
-3310
27536
17122
-18956
-26616
5640
29437
9064
-24915
-21489
14210
28564
-3
-28567
-14182
21533
24856
-9223
-29422
-5324
26794
18549
-17647
-27245
4235
29330
10180
-24333
-22119
13491
28728
566
-28453
-14466
21394
24899
-9263
-29410
-5042
26962
18133
-18166
-26939
5121
29419
9101
-25025
-21178
14815
28316
-1187
-28888
-12693
22796
23627
-11475
-29123
-2455
27951
15802
-20414
-25533
8255
29462
5750
-26733
-18436
17993
26960
-5235
-29437
-8671
25346
20624
-15630
-27983
2471
29145
11211
-23888
-22406
13400
28675
0
-28676
-13377
22443
23828
-11360
-29109
-2157
28110
15186
-21079
-24939
9552
29352
3990
-27514
-16661
19850
25787
-8008
-29462
-5497
26946
17827
-18798
-26413
6747
29490
6684
-26450
-18708
17955
26856
-5782
-29476
-7555
26063
19326
-17344
-27145
5121
29450
8116
-25807
-19695
16981
27299
-4769
-29432
-8373
25699
19826
-16873
-27332
4728
29432
8326
-25744
-19723
17023
27245
-4997
-29451
-7977
25941
19384
-17428
-27033
5576
29477
7321
-26278
-18798
18077
26678
-6461
-29490
-6355
26733
17950
-18956
-26157
7645
29461
5070
-27276
-16820
20039
25436
-9116
-29348
-3463
27867
15384
-21294
-24476
10856
29102
1531
-28453
-13617
22675
23231
-12838
-28663
724
28970
11496
-24127
-21653
15023
27965
-3287
-29345
-9003
25579
19695
-17357
-26935
6135
29490
6128
-26946
-17311
19771
25499
-9223
-29312
-2878
28126
14466
-22174
-23583
12489
28708
-724
-29006
-11140
24456
21122
-15845
-27576
4626
29458
7334
-26485
-18065
19174
25818
-8748
-29348
-3079
28110
14384
-22332
-23347
12974
28544
-1556
-29167
-10086
25146
20103
-17149
-26920
6461
29484
5219
-27419
-16059
21079
24375
-11475
-28892
116
28939
11238
-24536
-20844
16387
27245
-5756
-29490
-5725
27265
16317
-20935
-24432
11475
28872
-322
-28997
-10856
24818
20402
-16981
-26920
6662
29472
4610
-27712
-15186
21924
23535
-12974
-28465
2173
29289
8917
-25918
-18708
18860
25818
-9141
-29256
-1849
28564
12553
-23866
-21478
15845
27390
-5640
-29490
-5324
27514
15529
-21762
-23583
13046
28400
-2573
-29350
-8224
26328
17889
-19771
-25129
10580
28996
0
-28997
-10556
25160
19695
-18016
-26223
8527
29307
2054
-28567
-12343
24127
21014
-16587
-26960
6934
29441
3581
-28165
-13617
23320
21907
-15543
-27419
5832
29484
4585
-27867
-14407
22796
22423
-14923
-27658
5235
29490
5070
-27722
-14734
22593
22591
-14748
-27707
5149
29490
5042
-27751
-14608
22723
22423
-15023
-27576
5576
29485
4499
-27951
-14026
23177
21907
-15739
-27245
6512
29449
3437
-28290
-12971
23926
21014
-16873
-26671
7943
29328
1852
-28712
-11416
24915
19695
-18381
-25787
9847
29042
-261
-29129
-9330
26063
17889
-20197
-24504
12183
28485
-2891
-29427
-6684
27257
15529
-22225
-22723
14881
27527
-6009
-29462
-3463
28351
12553
-24333
-20335
17840
26025
-9552
-29064
322
29167
8917
-26347
-17240
20910
23828
-13414
-28043
4616
29490
4610
-28051
-13363
23888
20796
-17428
-26204
9309
29085
-322
-29186
-8671
26518
16820
-21358
-23365
14210
27707
-5756
-29462
-3207
28489
11851
-24899
-19384
19045
25129
-11475
-28582
2891
29450
5930
-27678
-14196
23445
21178
-17149
-26270
9360
29042
-775
-29272
-7853
26962
15777
-22332
-22322
15802
26939
-7943
-29254
-566
29091
9003
-26485
-16661
21675
22910
-15081
-27245
7262
29327
1129
-29006
-9403
26328
16891
-21533
-22997
15023
27244
-7334
-29312
-913
29056
9064
-26518
-16480
21918
22591
-15630
-26935
8156
29196
-80
-29219
-7977
27024
15406
-22796
-21653
16873
26263
-9711
-28908
1852
29411
6119
-27757
-13617
24085
20103
-18681
-25118
11951
28316
-4388
-29487
-3463
28567
11044
-25642
-17827
20935
23347
-14790
-27234
7645
29238
0
-29238
-7620
27257
14701
-23445
-20771
18077
25436
-11526
-28400
4235
29487
3310
-28642
-10613
25941
17206
-21577
-22671
15845
26671
-9125
-28967
1852
29432
5513
-28056
-12510
24942
18708
-20302
-23737
14435
27299
-7710
-29196
544
29330
6631
-27712
-13385
24456
19326
-19771
-24111
13947
27475
-7334
-29238
322
29315
6684
-27722
-13285
24565
19113
-20039
-23851
14412
27245
-8008
-29125
1187
29403
5674
-28083
-12203
25252
18052
-21079
-22916
15802
26549
-9711
-28774
3134
29489
3581
-28676
-10086
26393
16051
-22774
-21178
18016
25218
-12373
-27983
6135
29348
383
-29264
-6856
27751
12971
-24899
-18436
20862
22997
-15845
-26448
10098
28638
-3900
-29481
-2455
28954
8671
-27097
-14466
24010
19579
-19850
-23790
14815
26920
-9141
-28843
3086
29490
3079
-28849
-9085
26962
14675
-23926
-19615
19885
23704
-15023
-26780
9552
28728
-3709
-29481
-2262
29025
8116
-27392
-13617
24664
18549
-20964
-22723
16451
25984
-11312
-28217
5756
29348
-3
-29350
-5725
28235
11211
-26063
-16253
22926
20668
-18956
-24302
14308
27033
-9162
-28774
3709
29476
1852
-29128
-7321
27757
12510
-25424
-17240
22225
21356
-18280
-24726
13734
27245
-8748
-28843
3495
29479
1849
-29145
-7106
27867
12109
-25699
-16701
22723
20741
-19045
-24111
14790
26715
-10098
-28485
5121
29378
-13
-29381
-5070
28506
9977
-26794
-14566
24306
18708
-21126
-22290
17357
25218
-13115
-27419
8527
28843
-3725
-29462
-1155
29272
5977
-28290
-10613
26556
14943
-24127
-18855
21079
22255
-17500
-25062
13491
27215
-9162
-28669
4626
29399
0
-29400
-4601
28682
9064
-27276
-13285
25227
17167
-22593
-20624
19447
23583
-15870
-25984
11951
27782
-7785
-28946
3469
29462
897
-29330
-5219
28564
9403
-27191
-13363
25252
17018
-22796
-20297
19885
23141
-16587
-25499
12974
27332
-9125
-28614
5121
29328
-1042
-29473
-3031
29056
7022
-28095
-10856
26619
14466
-24664
-17789
22276
20771
-19505
-23365
16408
25533
-13046
-27245
9482
28482
-5782
-29231
2009
29490
1771
-29264
-5497
28567
9110
-27419
-12553
25849
15777
-23888
-18736
21577
21389
-18956
-23704
16072
25653
-12974
-27215
9711
28375
-6333
-29127
2891
29467
566
-29402
-3990
28939
7334
-28095
-10556
26889
13617
-25346
-16480
23492
19113
-21358
-21489
18978
23583
-16387
-25377
13620
26856
-10715
-28011
7710
28835
-4642
-29327
1547
29490
1540
-29330
-4585
28857
7555
-28083
-10421
27024
13156
-25699
-15734
24127
18133
-22332
-20335
20337
22322
-18166
-24081
15845
25602
-13400
-26876
10856
27899
-8240
-28669
5576
29185
-2891
-29450
206
29469
2455
-29248
-5070
28798
7620
-28126
-10086
27247
12451
-26172
-14701
24915
16820
-23492
-18798
21918
20624
-20209
-22290
18381
23790
-16451
-25118
14435
26270
-12349
-27245
10210
28043
-8033
-28663
5832
29109
-3623
-29383
1418
29489
769
-29432
-2926
29219
5042
-28857
-7106
28351
9110
-27712
-11044
26946
12902
-26063
-14675
25070
16360
-23979
-17950
22796
19442
-21533
-20832
20197
22119
-18798
-23300
17344
24375
-15845
-25343
14308
26204
-12742
-26960
11155
27613
-9552
-28163
7943
28614
-6333
-28967
4728
29227
-3134
-29397
1556
29480
0
-29480
-1531
29402
3031
-29248
-4499
29025
5930
-28735
-7321
28384
8671
-27976
-9977
27514
11238
-27004
-12451
26450
13617
-25856
-14734
25227
15802
-24565
-16820
23875
17789
-23161
-18708
22427
19579
-21675
-20402
20910
21178
-20134
-21907
19350
22591
-18561
-23231
17771
23828
-16981
-24384
16194
24899
-15411
-25377
14636
25818
-13870
-26223
13115
26595
-12373
-26935
11644
27245
-10931
-27527
10234
27782
-9555
-28011
8896
28217
-8255
-28400
7636
28564
-7038
-28708
6461
28835
-5908
-28946
5377
29042
-4870
-29125
4388
29196
-3929
-29256
3495
29307
-3086
-29348
2702
29383
-2343
-29410
2009
29432
-1701
-29449
1418
29462
-1161
-29472
930
29479
-724
-29484
544
29487
-389
-29489
261
29490
-158
-29490
80
29490
-29
-29490
3
29490
-3
-29490
29
29490
-80
-29490
158
29490
-261
-29489
389
29487
-544
-29484
724
29479
-930
-29472
1161
29462
-1418
-29449
1701
29432
-2009
-29410
2343
29383
-2702
-29348
3086
29307
-3495
-29256
3929
29196
-4388
-29125
4870
29042
-5377
-28946
5908
28835
-6461
-28708
7038
28564
-7636
-28400
8255
28217
-8896
-28011
9555
27782
-10234
-27527
10931
27245
-11644
-26935
12373
26595
-13115
-26223
13870
25818
-14636
-25377
15411
24899
-16194
-24384
16981
23828
-17771
-23231
18561
22591
-19350
-21907
20134
21178
-20910
-20402
21675
19579
-22427
-18708
23161
17789
-23875
-16820
24565
15802
-25227
-14734
25856
13617
-26450
-12451
27004
11238
-27514
-9977
27976
8671
-28384
-7321
28735
5930
-29025
-4499
29248
3031
-29402
-1531
29480
0
-29480
1556
29397
-3134
-29227
4728
28967
-6333
-28614
7943
28163
-9552
-27613
11155
26960
-12742
-26204
14308
25343
-15845
-24375
17344
23300
-18798
-22119
20197
20832
-21533
-19442
22796
17950
-23979
-16360
25070
14675
-26063
-12902
26946
11044
-27712
-9110
28351
7106
-28857
-5042
29219
2926
-29432
-769
29489
-1418
-29383
3623
29109
-5832
-28663
8033
28043
-10210
-27245
12349
26270
-14435
-25118
16451
23790
-18381
-22290
20209
20624
-21918
-18798
23492
16820
-24915
-14701
26172
12451
-27247
-10086
28126
7620
-28798
-5070
29248
2455
-29469
206
29450
-2891
-29185
5576
28669
-8240
-27899
10856
26876
-13400
-25602
15845
24081
-18166
-22322
20337
20335
-22332
-18133
24127
15734
-25699
-13156
27024
10421
-28083
-7555
28857
4585
-29330
-1540
29490
-1547
-29327
4642
28835
-7710
-28011
10715
26856
-13620
-25377
16387
23583
-18978
-21489
21358
19113
-23492
-16480
25346
13617
-26889
-10556
28095
7334
-28939
-3990
29402
566
-29467
2891
29127
-6333
-28375
9711
27215
-12974
-25653
16072
23704
-18956
-21389
21577
18736
-23888
-15777
25849
12553
-27419
-9110
28567
5497
-29264
-1771
29490
-2009
-29231
5782
28482
-9482
-27245
13046
25533
-16408
-23365
19505
20771
-22276
-17789
24664
14466
-26619
-10856
28095
7022
-29056
-3031
29473
-1042
-29328
5121
28614
-9125
-27332
12974
25499
-16587
-23141
19885
20297
-22796
-17018
25252
13363
-27191
-9403
28564
5219
-29330
-897
29462
-3469
-28946
7785
27782
-11951
-25984
15870
23583
-19447
-20624
22593
17167
-25227
-13285
27276
9064
-28682
-4601
29400
0
-29399
4626
28669
-9162
-27215
13491
25062
-17500
-22255
21079
18855
-24127
-14943
26556
10613
-28290
-5977
29272
1155
-29462
3725
28843
-8527
-27419
13115
25218
-17357
-22290
21126
18708
-24306
-14566
26794
9977
-28506
-5070
29381
-13
-29378
5121
28485
-10098
-26715
14790
24111
-19045
-20741
22723
16701
-25699
-12109
27867
7106
-29145
-1849
29479
-3495
-28843
8748
27245
-13734
-24726
18280
21356
-22225
-17240
25424
12510
-27757
-7321
29128
1852
-29476
3709
28774
-9162
-27033
14308
24302
-18956
-20668
22926
16253
-26063
-11211
28235
5725
-29350
3
29348
-5756
-28217
11312
25984
-16451
-22723
20964
18549
-24664
-13617
27392
8116
-29025
-2262
29481
-3709
-28728
9552
26780
-15023
-23704
19885
19615
-23926
-14675
26962
9085
-28849
-3079
29490
-3086
-28843
9141
26920
-14815
-23790
19850
19579
-24010
-14466
27097
8671
-28954
-2455
29481
-3900
-28638
10098
26448
-15845
-22997
20862
18436
-24899
-12971
27751
6856
-29264
-383
29348
-6135
-27983
12373
25218
-18016
-21178
22774
16051
-26393
-10086
28676
3581
-29489
3134
28774
-9711
-26549
15802
22916
-21079
-18052
25252
12203
-28083
-5674
29403
-1187
-29125
8008
27245
-14412
-23851
20039
19113
-24565
-13285
27722
6684
-29315
322
29238
-7334
-27475
13947
24111
-19771
-19326
24456
13385
-27712
-6631
29330
-544
-29196
7710
27299
-14435
-23737
20302
18708
-24942
-12510
28056
5513
-29432
1852
28967
-9125
-26671
15845
22671
-21577
-17206
25941
10613
-28642
-3310
29487
-4235
-28400
11526
25436
-18077
-20771
23445
14701
-27257
-7620
29238
0
-29238
7645
27234
-14790
-23347
20935
17827
-25642
-11044
28567
3463
-29487
4388
28316
-11951
-25118
18681
20103
-24085
-13617
27757
6119
-29411
1852
28908
-9711
-26263
16873
21653
-22796
-15406
27024
7977
-29219
80
29196
-8156
-26935
15630
22591
-21918
-16480
26518
9064
-29056
-913
29312
-7334
-27244
15023
22997
-21533
-16891
26328
9403
-29006
-1129
29327
-7262
-27245
15081
22910
-21675
-16661
26485
9003
-29091
-566
29254
-7943
-26939
15802
22322
-22332
-15777
26962
7853
-29272
775
29042
-9360
-26270
17149
21178
-23445
-14196
27678
5930
-29450
2891
28582
-11475
-25129
19045
19384
-24899
-11851
28489
3207
-29462
5756
27707
-14210
-23365
21358
16820
-26518
-8671
29186
-322
-29085
9309
26204
-17428
-20796
23888
13363
-28051
-4610
29490
-4616
-28043
13414
23828
-20910
-17240
26347
8917
-29167
322
29064
-9552
-26025
17840
20335
-24333
-12553
28351
3463
-29462
6009
27527
-14881
-22723
22225
15529
-27257
-6684
29427
-2891
-28485
12183
24504
-20197
-17889
26063
9330
-29129
261
29042
-9847
-25787
18381
19695
-24915
-11416
28712
1852
-29328
7943
26671
-16873
-21014
23926
12971
-28290
-3437
29449
-6512
-27245
15739
21907
-23177
-14026
27951
4499
-29485
5576
27576
-15023
-22423
22723
14608
-27751
-5042
29490
-5149
-27707
14748
22591
-22593
-14734
27722
5070
-29490
5235
27658
-14923
-22423
22796
14407
-27867
-4585
29484
-5832
-27419
15543
21907
-23320
-13617
28165
3581
-29441
6934
26960
-16587
-21014
24127
12343
-28567
-2054
29307
-8527
-26223
18016
19695
-25160
-10556
28997
0
-28996
10580
25129
-19771
-17889
26328
8224
-29350
2573
28400
-13046
-23583
21762
15529
-27514
-5324
29490
-5640
-27390
15845
21478
-23866
-12553
28564
1849
-29256
9141
25818
-18860
-18708
25918
8917
-29289
2173
28465
-12974
-23535
21924
15186
-27712
-4610
29472
-6662
-26920
16981
20402
-24818
-10856
28997
-322
-28872
11475
24432
-20935
-16317
27265
5725
-29490
5756
27245
-16387
-20844
24536
11238
-28939
116
28892
-11475
-24375
21079
16059
-27419
-5219
29484
-6461
-26920
17149
20103
-25146
-10086
29167
-1556
-28544
12974
23347
-22332
-14384
28110
3079
-29348
8748
25818
-19174
-18065
26485
7334
-29458
4626
27576
-15845
-21122
24456
11140
-29006
724
28708
-12489
-23583
22174
14466
-28126
-2878
29312
-9223
-25499
19771
17311
-26946
-6128
29490
-6135
-26935
17357
19695
-25579
-9003
29345
-3287
-27965
15023
21653
-24127
-11496
28970
-724
-28663
12838
23231
-22675
-13617
28453
1531
-29102
10856
24476
-21294
-15384
27867
3463
-29348
9116
25436
-20039
-16820
27276
5070
-29461
7645
26157
-18956
-17950
26733
6355
-29490
6461
26678
-18077
-18798
26278
7321
-29477
5576
27033
-17428
-19384
25941
7977
-29451
4997
27245
-17023
-19723
25744
8326
-29432
4728
27332
-16873
-19826
25699
8373
-29432
4769
27299
-16981
-19695
25807
8116
-29450
5121
27145
-17344
-19326
26063
7555
-29476
5782
26856
-17955
-18708
26450
6684
-29490
6747
26413
-18798
-17827
26946
5497
-29462
8008
25787
-19850
-16661
27514
3990
-29352
9552
24939
-21079
-15186
28110
2157
-29109
11360
23828
-22443
-13377
28676
0
-28675
13400
22406
-23888
-11211
29145
-2471
-27983
15630
20624
-25346
-8671
29437
-5235
-26960
17993
18436
-26733
-5750
29462
-8255
-25533
20414
15802
-27951
-2455
29123
-11475
-23627
22796
12693
-28888
1187
28316
-14815
-21178
25025
9101
-29419
5121
26939
-18166
-18133
26962
5042
-29410
9263
24899
-21394
-14466
28453
566
-28728
13491
22119
-24333
-10180
29330
-4235
-27245
17647
18549
-26794
-5324
29422
-9223
-24856
21533
14182
-28567
3
28564
-14210
-21489
24915
9064
-29437
5640
26616
-18956
-17122
27536
3310
-29196
11360
23482
-23177
-11806
29128
-2891
-27666
16873
19130
-26556
-5674
29432
-9263
-24726
21831
13617
-28764
1042
28231
-15453
-20335
25849
7106
-29487
8008
25377
-21036
-14566
28526
-116
-28465
14790
20832
-25546
-7630
29490
-7636
-25533
20873
14701
-28506
116
28444
-14923
-20668
25699
7256
-29487
8156
25218
-21358
-14026
28712
-1042
-28163
15845
19826
-26282
-5977
29432
-9555
-24384
22443
12510
-29065
2891
27530
-17500
-18235
27191
3770
-29196
11786
22910
-24010
-10086
29400
-5640
-26379
19771
15777
-28235
-614
28564
-14748
-20624
25856
6684
-29461
9223
24476
-22458
-12320
29129
-3469
-27245
18260
17324
-27678
-2262
28908
-13491
-21548
25252
7754
-29489
8379
24899
-22021
-12824
29056
-3134
-27332
18166
17331
-27712
-2054
28843
-13870
-21178
25579
7022
-29466
9309
24302
-22796
-11638
29264
-4642
-26678
19505
15802
-28320
13
28311
-15845
-19442
26733
4458
-29231
11951
22516
-24608
-8671
29488
-7943
-25007
22053
12553
-29145
3929
26920
-19174
-16051
28277
0
-28275
16072
19130
-26962
-3770
29109
-12838
-21777
25280
7321
-29467
9552
23992
-23310
-10613
29403
-6285
-25787
21126
13617
-28973
3095
27185
-18798
-16317
28235
-29
-28217
16387
18708
-27247
-2878
28918
-13947
-20796
26063
5599
-29327
11526
22591
-24734
-8116
29485
-9162
-24111
23310
10421
-29432
6888
25377
-21831
-12510
29207
-4728
-26413
20337
14384
-28849
2702
27245
-18860
-16051
28391
-823
-27899
17428
17518
-27867
-897
28400
-16064
-18798
27305
2455
-28774
14790
19902
-26733
-3846
29042
-13620
-20844
26172
5070
-29227
12568
21636
-25642
-6128
29348
-11644
-22290
25160
7022
-29422
10856
22819
-24740
-7754
29462
-10210
-23231
24393
8326
-29481
9711
23535
-24127
-8742
29489
-9360
-23737
23950
9003
-29490
9162
23841
-23866
-9110
29490
-9116
-23851
23875
9064
-29490
9223
23765
-23979
-8865
29489
-9482
-23583
24174
8511
-29481
9893
23300
-24456
-8002
29462
-10451
-22910
24818
7334
-29422
11155
22406
-25252
-6505
29348
-11998
-21777
25744
5513
-29227
12974
21014
-26282
-4356
29042
-14074
-20103
26847
3031
-28774
15288
19032
-27419
-1540
28400
-16600
-17789
27976
-116
-27899
17993
16360
-28489
1932
27245
-19447
-14734
28929
-3900
-26413
20935
12902
-29264
6009
25377
-22427
-10856
29458
-8240
-24111
23888
8594
-29472
10571
22591
-25280
-6119
29267
-12974
-20796
26556
3437
-28802
15411
18708
-27669
-566
28038
-17840
-16317
28564
-2471
-26935
20209
13617
-29186
5640
25460
-22458
-10613
29476
-8896
-23583
24522
7321
-29378
12183
21283
-26328
-3770
28835
-15433
-18549
27800
0
-27798
18569
15384
-28857
3929
26223
-21500
-11806
29419
-7943
-24081
24127
7853
-29410
11951
21356
-26347
-3581
28762
-15845
-18052
28051
-930
-27419
19505
14196
-29132
5576
25343
-22796
-9841
29490
-10234
-22516
25579
5070
-29037
14756
18954
-27712
3
27707
-18978
-14701
29056
-5235
-25460
22723
9841
-29489
10451
22290
-25807
-4499
28908
-15453
-18235
28051
-1161
-27245
20020
13377
-29289
6934
24476
-23926
-7853
29383
-12583
-20624
26942
1852
-28231
17840
15777
-28857
4388
25787
-22427
-10086
29489
-10580
-22068
26063
3770
-28708
16408
17167
-28486
2891
26448
-21533
-11259
29476
-9555
-22723
25618
4601
-28872
15845
17642
-28351
2471
26595
-21358
-11416
29473
-9552
-22671
25699
4356
-28802
16194
17240
-28506
3134
26263
-21924
-10565
29490
-10571
-21907
26289
3031
-28465
17428
15929
-28888
4870
25377
-23161
-8671
29416
-12568
-20335
27265
614
-27707
19447
13617
-29315
7645
23765
-24899
-5674
29022
-15433
-17789
28384
-2891
-26275
22053
10180
-29484
11360
21178
-26847
-1531
27965
-18956
-14069
29272
-7412
-23828
24915
5513
-28967
15802
17331
-28567
3725
25818
-22774
-9003
29422
-12742
-19997
27536
-389
-27245
20580
11983
-29469
9893
22119
-26328
-2541
28217
-18461
-14466
29238
-7334
-23765
25070
5042
-28835
16515
16480
-28847
5121
25007
-23866
-7106
29196
-14815
-18065
28391
-3287
-25915
22796
8742
-29383
13414
19260
-27951
1852
26549
-21924
-9962
29462
-12349
-20103
27588
-823
-26960
21294
10781
-29487
11644
20624
-27344
206
27185
-20935
-11211
29490
-11312
-20844
27247
0
-27244
20862
11259
-29490
11360
20771
-27305
206
27145
-21079
-10925
29487
-11786
-20402
27514
-823
-26876
21577
10204
-29462
12583
19723
-27851
1852
26413
-22332
-9085
29383
-13734
-18708
28277
-3287
-25716
23310
7555
-29196
15213
17324
-28735
5121
24731
-24456
-5599
28835
-16981
-15529
29151
-7334
-23394
25699
3207
-28217
18978
13285
-29432
9893
21636
-26946
-383
27245
-21126
-10556
29466
-12742
-19384
28083
-2855
-25818
23320
7321
-29127
15802
16573
-28970
6461
23828
-25424
-3581
28275
-18956
-13156
29451
-10355
-21178
27276
-630
-26769
22053
9110
-29348
14412
17789
-28682
5235
24476
-24899
-4458
28482
-18461
-13617
29427
-10098
-21283
27265
-724
-26678
22276
8671
-29286
15023
17122
-28888
6285
23790
-25579
-3031
28038
-19742
-11992
29490
-11998
-19723
28056
-3134
-25499
23926
5977
-28802
17544
14466
-29367
9552
21548
-27191
724
26595
-22527
-8116
29185
-15845
-16167
29129
-7785
-22723
26485
913
-27234
21533
9476
-29348
14748
17167
-28929
6747
23347
-26063
-1771
27527
-21036
-10086
29399
-14308
-17518
28857
-6461
-23482
25991
1852
-27530
21079
9962
-29383
14547
17240
-28939
6934
23141
-26282
-1155
27245
-21658
-9101
29282
-15453
-16317
29145
-8156
-22290
26889
-322
-26616
22723
7480
-29022
16981
14701
-29381
10098
20851
-27712
2573
25533
-24174
-5070
28465
-19045
-12320
29490
-12699
-18708
28584
-5576
-23841
25849
1849
-27419
21500
9101
-29254
15845
15734
-29272
9263
21356
-27514
2173
25653
-24127
-4991
28400
-19350
-11806
29476
-13491
-17889
28857
-6913
-22910
26619
0
-26616
22926
6856
-28835
18016
13285
-29484
12183
18954
-28567
5756
23583
-26172
-913
26960
-22458
-7480
28946
-17647
-13617
29477
-12007
-19032
28564
-5832
-23482
26289
566
-26780
22796
6881
-28802
18280
12824
-29490
12974
18133
-28849
7137
22591
-26942
1042
26025
-23888
-5042
28316
-19850
-10856
29399
-15023
-16167
29264
-9628
-20771
27951
-3900
-24504
25546
1926
-27245
22174
7620
-28918
17993
12971
-29490
13184
17789
-28973
7943
21913
-27419
2471
25218
-24915
-3031
27613
-21577
-8373
29042
-17544
-13377
29489
-12974
-17889
28970
-8033
-21777
27533
-2891
-24939
25252
2285
-27299
22225
7334
-28813
18569
12109
-29462
14412
16480
-29258
9893
20335
-28235
5149
23583
-26450
322
26157
-23979
-4458
28011
-20910
-9064
29123
-17344
-13385
29490
-13391
-17324
29132
-9162
-20796
28083
-4769
-23737
26393
-322
-26097
24127
4076
-27846
21358
8326
-28967
18166
12343
-29462
14636
16051
-29345
10856
19384
-28642
6913
22290
-27392
2891
24731
-25642
-1129
26678
-23445
-5070
28117
-20862
-8865
29042
-17955
-12451
29461
-14790
-15777
29388
-11431
-18798
28847
-7943
-21478
27867
-4388
-23790
26485
-823
-25716
24740
2695
-27245
22675
6119
-28375
20337
9403
-29109
17771
12510
-29456
15023
15406
-29432
12139
18065
-29056
9162
20465
-28351
6135
22591
-27344
3095
24432
-26063
80
25984
-24536
-2878
27244
-22796
-5750
28217
-20873
-8511
28908
-18798
-11140
29327
-16600
-13617
29488
-14308
-15929
29403
-11951
-18065
29091
-9552
-20016
28567
-7137
-21777
27851
-4728
-23347
26962
-2343
-24726
25918
0
-25915
24740
2285
-26920
23445
4499
-27746
22053
6631
-28400
20580
8671
-28892
19045
10613
-29231
17461
12451
-29427
15845
14182
-29490
14210
15802
-29432
12568
17311
-29264
10931
18708
-28997
9309
19997
-28642
7710
21178
-28210
6144
22255
-27712
4616
23231
-27157
3134
24111
-26556
1701
24899
-25918
322
25602
-25252
-1000
26223
-24565
-2262
26769
-23866
-3463
27245
-23161
-4601
27658
-22458
-5674
28011
-21762
-6684
28311
-21079
-7630
28564
-20414
-8511
28774
-19771
-9330
28946
-19155
-10086
29085
-18569
-10781
29196
-18016
-11416
29282
-17500
-11992
29348
-17023
-12510
29397
-16587
-12971
29432
-16194
-13377
29456
-15845
-13728
29472
-15543
-14026
29481
-15288
-14272
29487
-15081
-14466
29489
-14923
-14608
29490
-14815
-14701
29490
-14756
-14742
29490
-14748
-14734
29490
-14790
-14675
29490
-14881
-14566
29489
-15023
-14407
29487
-15213
-14196
29481
-15453
-13933
29472
-15739
-13617
29456
-16072
-13248
29432
-16451
-12824
29397
-16873
-12343
29348
-17337
-11806
29282
-17840
-11211
29196
-18381
-10556
29085
-18956
-9841
28946
-19563
-9064
28774
-20197
-8224
28564
-20855
-7321
28311
-21533
-6355
28011
-22225
-5324
27658
-22926
-4228
27245
-23631
-3070
26769
-24333
-1849
26223
-25025
-566
25602
-25699
775
24899
-26347
2173
24111
-26962
3623
23231
-27533
5121
22255
-28051
6662
21178
-28506
8240
19997
-28888
9847
18708
-29186
11475
17311
-29388
13115
15802
-29484
14756
14182
-29462
16387
12451
-29312
17993
10613
-29022
19563
8671
-28582
21079
6631
-27983
22527
4499
-27215
23888
2285
-26270
25146
0
-25143
26282
-2343
-23828
27276
-4728
-22322
28110
-7137
-20624
28764
-9552
-18736
29219
-11951
-16661
29458
-14308
-14407
29462
-16600
-11983
29217
-18798
-9403
28708
-20873
-6684
27924
-22796
-3846
26856
-24536
-913
25499
-26063
2086
23851
-27344
5121
21913
-28351
8156
19695
-29056
11155
17206
-29432
14074
14466
-29456
16873
11496
-29109
19505
8326
-28375
21924
4991
-27245
24085
1531
-25716
25941
-2009
-23790
27449
-5576
-21478
28567
-9116
-18798
29258
-12568
-15777
29490
-15870
-12451
29238
-18956
-8865
28482
-21762
-5070
27215
-24223
-1129
25436
-26278
2891
23157
-27867
6913
20402
-28939
10856
17206
-29451
14636
13617
-29366
18166
9695
-28663
21358
5513
-27332
24127
1155
-25377
26393
-3287
-22819
28083
-7710
-19695
29132
-12007
-16059
29490
-16064
-11983
29123
-19771
-7555
28011
-23017
-2878
26157
-25699
1932
23583
-27722
6747
20335
-29006
11431
16480
-29488
15845
12109
-29125
19850
7334
-27899
23310
2285
-25818
26100
-2891
-22916
28110
-8033
-19260
29248
-12974
-14943
29449
-17544
-10086
28675
-21577
-4839
26920
-24915
630
24214
-27419
6135
20624
-28973
11475
16253
-29490
16451
11238
-28918
20862
5750
-27245
24522
-13
-24504
27265
-5832
-20771
28954
-11475
-16167
29489
-16706
-10856
28813
-21294
-5042
26920
-25025
1042
23856
-27712
7137
19723
-29207
12974
14675
-29410
18280
8917
-28275
22796
2695
-25818
26289
-3709
-22119
28564
-9993
-17324
29477
-15845
-11638
28946
-20964
-5324
26960
-25070
1315
23583
-27926
7943
18954
-29350
14210
13285
-29227
19771
6856
-27527
24306
0
-24302
27536
-6913
-19695
29248
-13491
-13933
29307
-19350
-7321
27666
-24127
-228
24384
-27514
6934
19615
-29272
13734
13617
-29254
19742
6731
-27419
24565
-630
-23841
27867
-8008
-18708
29400
-14923
-12320
29022
-20910
-5070
26715
-25546
2573
22591
-28486
10098
16891
-29490
16981
9977
-28444
22723
2311
-25377
26889
-5576
-20465
29145
-13115
-14026
29282
-19742
-6505
27245
-24942
1556
23141
-28290
9555
17240
-29489
16873
9962
-28400
22920
1852
-25062
27191
-6461
-19695
29304
-14308
-12693
29042
-21036
-4601
26379
-26063
3929
21489
-28929
12183
14742
-29348
19447
6684
-27234
25070
-2009
-22723
28526
-10580
-16167
29462
-18260
-8116
27746
-24333
724
23482
-28210
9552
17018
-29489
17544
8917
-27998
23926
-80
-23828
28056
-9125
-17331
29490
-17337
-9101
28038
-23888
80
23790
-28095
9309
17122
-29489
17647
8671
-27874
24223
-724
-23365
28320
-10098
-16381
29462
-18461
-7620
27475
-24899
2009
22516
-28682
11475
15075
-29348
19735
5930
-26769
25849
-3929
-21178
29091
-13400
-13156
29042
-21394
-3581
25653
-26962
6461
19260
-29411
15802
10565
-28400
23320
566
-23992
28083
-9555
-16661
29466
-18569
-7256
27245
-25346
3095
21636
-29006
13115
13285
-29037
21533
3207
-25377
27247
-7334
-18436
29476
-16981
-9064
27874
-24456
1547
22591
-28735
12007
14272
-29196
20910
3990
-25716
27024
-6888
-18708
29468
-16873
-9085
27846
-24565
1852
22322
-28849
12583
13617
-29064
21577
2926
-25118
27514
-8240
-17518
29487
-18260
-7321
27145
-25642
4005
20771
-29248
14790
11259
-28482
23398
0
-23394
28489
-11312
-14701
29227
-20935
-3693
25436
-27344
7943
17642
-29487
18381
7022
-26960
25941
-4769
-20103
29367
-15845
-9962
28043
-24393
1852
22119
-28970
13414
12510
-28762
22796
769
-23737
28391
-11155
-14675
29196
-21234
-3070
25007
-27712
9116
16480
-29416
19771
5042
-25984
27004
-7334
-17950
29489
-18461
-6684
26715
-26328
5832
19113
-29469
17344
8002
-27245
25732
-4626
-19997
29403
-16451
-9003
27613
-25252
3725
20624
-29329
15802
9695
-27846
24915
-3134
-21014
29272
-15411
-10086
27965
-24740
2855
21178
-29248
15288
10180
-27983
24734
-2891
-21122
29264
-15433
-9977
27899
-24899
3239
20844
-29315
15845
9476
-27707
25227
-3900
-20335
29388
-16515
-8671
27390
-25699
4870
19579
-29458
17428
7555
-26920
26289
-6144
-18556
29490
-18561
-6119
26263
-26962
7710
17240
-29441
19885
4356
-25377
27669
-9552
-15603
29256
-21358
-2262
24214
-28351
11644
13617
-28872
22926
-158
-22723
28939
-13947
-11259
28217
-24522
2891
20851
-29350
16408
8511
-27215
26063
-5908
-18549
29489
-18956
-5371
25787
-27449
9162
15777
-29256
21500
1852
-23856
28567
-12583
-12510
28544
-23926
2009
21356
-29289
16072
8742
-27245
26100
-6144
-18235
29479
-19505
-4499
25263
-27867
10451
14466
-28996
22723
-158
-22516
29056
-14790
-10059
27707
-25541
5121
18954
-29490
18978
5070
-25499
27751
-10234
-14566
28996
-22796
389
22290
-29132
15288
9403
-27419
25991
-6144
-18052
29462
-20020
-3581
24646
-28290
11951
12824
-28544
24127
-2702
-20624
29419
-17500
-6731
26223
-27276
9162
15384
-29125
22427
0
-22423
29129
-15433
-9064
27215
-26328
7038
17167
-29378
21079
1926
-23583
28798
-13947
-10613
27782
-25618
5640
18255
-29462
20209
3070
-24214
28564
-13115
-11416
28038
-25252
4997
18708
-29480
19885
3437
-24384
28506
-12974
-11496
28043
-25280
5121
18556
-29472
20134
3031
-24111
28642
-13529
-10856
27798
-25699
6009
17789
-29416
20935
1849
-23365
28929
-14756
-9476
27245
-26450
7645
16360
-29231
22225
-116
-22068
29264
-16600
-7321
26275
-27419
9993
14196
-28774
23888
-2855
-20103
29480
-18956
-4356
24726
-28425
12974
11211
-27846
25744
-6333
-17331
29348
-21658
-566
22406
-29219
16451
7334
-26204
27536
-10451
-13617
28582
-24456
4005
19113
-29481
20197
2541
-23583
28924
-15023
-8865
26856
-27004
9223
14675
-28835
23875
-3095
-19730
29490
-19735
-3070
23841
-28857
14815
9003
-26876
27024
-9360
-14466
28762
-24127
3623
19260
-29481
20337
2157
-23231
29065
-15845
-7754
26270
-27588
10856
12971
-28316
25160
-5576
-17642
29348
-21918
206
21636
-29388
18016
5070
-24856
28489
-13620
-10086
27244
-26733
8896
14701
-28774
24223
-4005
-18798
29450
-21079
-897
22290
-29304
17428
5674
-25118
28391
-13400
-10204
27245
-26783
9125
14384
-28663
24565
-4728
-18133
29383
-21831
322
21389
-29432
18681
3990
-24111
28857
-15213
-8116
26275
-27712
11526
11983
-27874
26063
-7710
-15529
28918
-23979
3852
18708
-29427
21533
-29
-21489
29432
-18798
-3693
23851
-28973
15845
7256
-25787
28095
-12742
-10613
27299
-26847
9552
13728
-28400
25280
-6333
-16573
29109
-23445
3134
19130
-29449
21394
0
-21389
29451
-19174
-3031
23347
-29145
16833
5930
-25007
28567
-14412
-8671
26379
-27751
11951
11238
-27475
26733
-9482
-13617
28311
-25546
7038
15802
-28908
24223
-4642
-17789
29286
-22796
2317
19579
-29466
21294
-80
-21178
29473
-19742
-2054
22591
-29329
18166
4076
-23828
29056
-16587
-5977
24899
-28676
15023
7754
-25818
28210
-13491
-9403
26595
-27678
12007
10925
-27245
27097
-10580
-12320
27782
-26485
9223
13591
-28217
25856
-7943
-14742
28564
-25227
6747
15777
-28835
24608
-5640
-16701
29042
-24010
4626
17518
-29196
23445
-3709
-18235
29307
-22920
2891
18855
-29383
22443
-2173
-19384
29432
-22021
1556
19826
-29462
21658
-1042
-20185
29479
-21358
630
20465
-29487
21126
-322
-20668
29490
-20964
116
20796
-29490
20873
-13
-20851
29490
-20855
13
20832
-29490
20910
-116
-20741
29490
-21036
322
20576
-29487
21234
-630
-20335
29479
-21500
1042
20016
-29462
21831
-1556
-19615
29432
-22225
2173
19130
-29383
22675
-2891
-18556
29307
-23177
3709
17889
-29196
23723
-4626
-17122
29042
-24306
5640
16253
-28835
24915
-6747
-15274
28564
-25541
7943
14182
-28217
26172
-9223
-12971
27782
-26794
10580
11638
-27245
27392
-12007
-10180
26595
-27951
13491
8594
-25818
28453
-15023
-6881
24899
-28878
16587
5042
-23828
29207
-18166
-3079
22591
-29419
19742
1000
-21178
29490
-21294
1187
19579
-29399
22796
-3469
-17789
29123
-24223
5832
15802
-28638
25546
-8255
-13617
27924
-26733
10715
11238
-26960
27751
-13184
-8671
25729
-28567
15630
5930
-24214
29145
-18016
-3031
22406
-29451
20302
0
-20297
29449
-22443
3134
17889
-29109
24393
-6333
-15186
28400
-26100
9552
12203
-27299
27514
-12742
-8963
25787
-28584
15845
5497
-23851
29258
-18798
-1849
21489
-29490
21533
-1932
-18708
29238
-23979
5782
15529
-28465
26063
-9628
-11983
27145
-27712
13391
8116
-25263
28857
-16981
-3990
22819
-29432
20302
-322
-19826
29383
-23256
4728
16317
-28663
25744
-9125
-12343
27245
-27669
13400
7977
-25118
28939
-17428
-3310
22290
-29477
21079
-1547
-18798
29217
-24223
6461
14701
-28117
26733
-11288
-10086
26157
-28489
15870
5070
-23347
29388
-20039
206
19730
-29348
23631
-5576
-15384
28316
-26485
10856
10421
-26270
28453
-15845
-4991
23231
-29411
20337
-724
-19260
29267
-24127
6512
14466
-27965
27024
-12139
-9003
25499
-28857
17357
3070
-21913
29490
-21918
3095
17311
-28835
25579
-9223
-11851
26856
-28126
15023
5750
-23583
29381
-20197
724
19113
-29217
24456
-7262
-13617
27576
-27536
13529
7334
-24476
29219
-19174
-566
20016
-29348
23860
-6333
-14384
27846
-27276
12974
7853
-24726
29167
-18956
-769
20103
-29352
23888
-6461
-14196
27746
-27419
13391
7321
-24375
29264
-19563
116
19384
-29231
24536
-7645
-13040
27245
-27926
14756
5725
-23365
29432
-20935
2086
17789
-28872
25699
-9847
-10856
26204
-28642
16981
3031
-21548
29472
-22920
5121
15186
-28043
27157
-12974
-7555
24384
-29289
19885
-775
-18708
29064
-25252
9141
11416
-26413
28564
-16833
-3070
21478
-29462
23161
-5640
-14608
27782
-27514
13947
6355
-23583
29427
-21079
2573
17167
-28638
26328
-11360
-9064
25129
-29129
19155
0
-19150
29125
-25160
9162
11211
-26223
28712
-17500
-2054
20624
-29366
24127
-7412
-12824
26960
-28290
16194
3581
-21653
29462
-23320
6144
13933
-27419
27951
-15288
-4585
22290
-29488
22796
-5377
-14566
27658
-27751
14815
5070
-22572
29490
-22593
5121
14742
-27707
27722
-14790
-5042
22516
-29490
22723
-5377
-14466
27576
-27867
15213
4499
-22119
29479
-23177
6144
13728
-27245
28165
-16072
-3437
21356
-29422
23926
-7412
-12510
26671
-28567
17337
1852
-20185
29256
-24915
9162
10781
-25787
28997
-18956
261
18549
-28892
26063
-11360
-8511
24504
-29350
20855
-2891
-16381
28217
-27257
13947
5674
-22723
29490
-22926
6009
13617
-27094
28351
-16833
-2262
20335
-29256
25025
-9552
-10204
25377
-29167
19885
-1701
-17240
28465
-26962
13414
6119
-22916
29490
-22920
6144
13363
-26920
28506
-17428
-1386
19579
-29085
25699
-10931
-8671
24432
-29388
21358
-3900
-15274
27707
-27926
15845
3207
-20844
29312
-24899
9555
9977
-25129
29264
-20580
2891
16059
-27983
27678
-15288
-3770
21178
-29352
24740
-9360
-10086
25143
-29272
20691
-3134
-15777
27846
-27851
15802
3079
-20624
29254
-25252
10355
9003
-24476
29403
-21675
4626
14407
-27245
28384
-17344
-1129
19113
-28908
26328
-12489
-6684
22997
-29489
23398
-7334
-11851
25984
-29056
19771
-2086
-16480
28046
-27712
15630
3070
-20465
29196
-25579
11155
7977
-23737
29480
-22796
6512
12510
-26263
28970
-19505
1852
16573
-28043
27757
-15845
-2695
20103
-29102
25941
-11951
-7022
23061
-29487
23631
-7943
-11044
25436
-29258
20935
-3929
-14701
27234
-28489
17955
0
-17950
28482
-27257
14790
3770
-20771
29217
-25642
11526
7321
-23157
29487
-23723
8240
10613
-25118
29345
-21577
4997
13617
-26671
28849
-19272
1852
16317
-27846
28056
-16873
-1155
18708
-28675
27024
-14435
-3990
20796
-29196
25807
-12007
-6631
22591
-29450
24456
-9628
-9064
24111
-29476
23017
-7334
-11282
25377
-29315
21533
-5149
-13285
26413
-29006
20039
-3095
-15075
27245
-28584
18569
-1187
-16661
27899
-28083
17149
566
-18052
28400
-27533
15802
2157
-19260
28774
-26962
14547
3581
-20297
29042
-26393
13400
4839
-21178
29227
-25849
12373
5930
-21913
29348
-25346
11475
6856
-22516
29422
-24899
10715
7620
-22997
29462
-24522
10098
8224
-23365
29481
-24223
9628
8671
-23627
29489
-24010
9309
8963
-23790
29490
-23888
9141
9101
-23856
29490
-23860
9125
9085
-23828
29490
-23926
9263
8917
-23704
29489
-24085
9552
8594
-23482
29481
-24333
9993
8116
-23157
29462
-24664
10580
7480
-22723
29422
-25070
11312
6684
-22170
29348
-25541
12183
5725
-21489
29227
-26063
13184
4601
-20668
29042
-26619
14308
3310
-19695
28774
-27191
15543
1852
-18556
28400
-27757
16873
228
-17240
27899
-28290
18280
-1556
-15734
27245
-28764
19742
-3495
-14026
26413
-29145
21234
-5576
-12109
25377
-29400
22723
-7785
-9977
24111
-29490
24174
-10098
-7630
22591
-29378
25546
-12489
-5070
20796
-29022
26794
-14923
-2311
18708
-28382
27867
-17357
630
16317
-27419
28712
-19742
3725
13617
-26097
29272
-22021
6934
10613
-24384
29489
-24127
10210
7321
-22255
29307
-25991
13491
3770
-19695
28669
-27536
16706
0
-16701
27527
-28682
19771
-3929
-13285
25841
-29350
22593
-7943
-9476
23583
-29461
25070
-11951
-5324
20741
-28946
27097
-15845
-897
17324
-27746
28564
-19505
3709
13363
-25818
29367
-22796
8379
8917
-23141
29410
-25579
12974
4076
-19723
28614
-27712
17337
-1042
-15603
26920
-29056
21294
-6285
-10856
24302
-29489
24664
-11475
-5599
20771
-28908
27265
-16408
13
16381
-27245
28924
-20862
5782
11238
-24476
29490
-24608
11475
5497
-20624
28845
-27419
16833
-630
-15777
26920
-29091
21577
-6888
-10086
23704
-29449
25424
-12974
-3770
19260
-28375
28110
-18561
2891
13728
-25818
29402
-23310
9555
7334
-21810
29125
-26889
15845
383
-16480
27185
-29006
21358
-6747
-10059
23583
-29427
25699
-13620
-2878
18436
-28011
28506
-19771
4642
11983
-24731
29490
-24734
12007
4585
-19695
28465
-28083
18681
-3287
-13156
25377
-29468
24127
-11074
-5513
20335
-28663
27851
-18166
2702
13617
-25602
29451
-23950
10856
5674
-20402
28669
-27867
18260
-2891
-13385
25436
-29469
24223
-11360
-5070
19902
-28482
28126
-18956
3852
12451
-24856
29490
-24915
12568
3693
-18798
28046
-28567
20209
-5576
-10781
23790
-29422
25941
-14435
-1531
17018
-27245
29065
-21924
8033
8326
-22119
29109
-27157
16873
-1418
-14466
25915
-29432
23950
-11155
-5042
19695
-28340
28351
-19735
5121
11044
-23851
29416
-26063
14815
913
-16360
26856
-29238
22796
-9482
-6684
20832
-28708
27951
-18798
4005
11983
-24375
29462
-25732
14308
1386
-16661
26960
-29219
22774
-9552
-6505
20624
-28614
28110
-19272
4728
11211
-23828
29397
-26282
15411
0
-15406
26270
-29402
23888
-11360
-4499
19032
-27983
28735
-21079
7262
8671
-22068
29022
-27514
17993
-3239
-12451
24519
-29462
25856
-14756
-614
15802
-26413
29388
-23875
11475
4228
-18708
27798
-28888
21675
-8240
-7555
21178
-28728
28051
-19350
5121
10565
-23231
29267
-26962
16981
-2173
-13248
24899
-29480
25699
-14636
-566
15603
-26223
29432
-24333
12373
3070
-17642
27245
-29186
22926
-10234
-5324
19384
-28011
28798
-21533
8255
7321
-20851
28564
-28320
20197
-6461
-9064
22068
-28946
27800
-18956
4870
10556
-23061
29196
-27276
17840
-3495
-11806
23856
-29348
26783
-16873
2343
12824
-24476
29432
-26347
16072
-1418
-13617
24939
-29472
25991
-15453
724
14196
-25263
29487
-25732
15023
-261
-14566
25460
-29490
25579
-14790
29
14734
-25538
29490
-25541
14756
-29
-14701
25499
-29490
25618
-14923
261
14466
-25343
29487
-25807
15288
-724
-14026
25062
-29472
26100
-15845
1418
13377
-24646
29432
-26485
16587
-2343
-12510
24081
-29348
26942
-17500
3495
11416
-23347
29196
-27449
18569
-4870
-10086
22423
-28946
27976
-19771
6461
8511
-21283
28564
-28486
21079
-8255
-6684
19902
-28011
28939
-22458
10234
4601
-18255
27245
-29286
23866
-12373
-2262
16317
-26223
29473
-25252
14636
-322
-14069
24899
-29441
26556
-16981
3134
11496
-23231
29127
-27712
19350
-6144
-8594
21178
-28465
28642
-21675
9309
5371
-18708
27390
-29264
23875
-12568
-1849
15802
-25841
29490
-25856
15845
-1932
-12451
23765
-29231
27514
-19045
5908
8671
-21122
28400
-28735
22053
-9993
-4499
17889
-26920
29402
-24740
14074
0
-14069
24726
-29397
26962
-18016
4728
9695
-21777
28614
-28567
21658
-9552
-4839
18065
-26960
29403
-24818
14308
-389
-13617
24375
-29327
27305
-18798
5832
8511
-20832
28217
-28924
22796
-11288
-2878
16360
-25984
29490
-26063
16515
-3095
-11044
22591
-28845
28351
-21234
9162
5042
-18065
26876
-29432
25146
-15023
1418
12510
-23535
29109
-27951
20337
-8033
-6119
18855
-27245
29367
-24740
14435
-823
-12971
23790
-29162
27867
-20209
7943
6128
-18798
27185
-29388
24915
-14790
1315
12451
-23394
29042
-28126
20862
-8896
-5070
17889
-26678
29469
-25642
16064
-2891
-10925
22290
-28669
28642
-22225
10856
2926
-16051
25602
-29462
26783
-18166
5529
8326
-20335
27846
-29207
24127
-13734
322
13156
-23737
29102
-28083
20910
-9162
-4585
17324
-26275
29490
-26278
17344
-4642
-9064
20796
-28011
29151
-23979
13620
-322
-13040
23583
-29037
28235
-21358
9893
3693
-16480
25729
-29462
26889
-18569
6285
7334
-19384
27299
-29402
25252
-15739
2891
10565
-21777
28375
-28970
23445
-12974
-228
13377
-23704
29042
-28277
21577
-10355
-3031
15777
-25218
29387
-27419
19735
-7943
-5497
17789
-26379
29490
-26485
17993
-5782
-7620
19442
-27245
29427
-25546
16408
-3900
-9403
20771
-27874
29264
-24664
15023
-2317
-10856
21810
-28316
29056
-23888
13870
-1042
-11992
22591
-28614
28849
-23256
12974
-80
-12824
23141
-28802
28676
-22796
12349
566
-13363
23482
-28908
28564
-22527
12007
897
-13617
23627
-28946
28526
-22458
11951
913
-13591
23583
-28923
28567
-22593
12183
614
-13285
23347
-28835
28682
-22926
12699
0
-12693
22910
-28669
28857
-23445
13491
-930
-11806
22255
-28400
29065
-24127
14547
-2173
-10613
21356
-27998
29272
-24942
15845
-3725
-9101
20185
-27419
29432
-25849
17357
-5576
-7256
18708
-26616
29490
-26794
19045
-7710
-5070
16891
-25533
29378
-27712
20855
-10098
-2541
14701
-24111
29022
-28526
22723
-12699
322
12109
-22290
28340
-29145
24565
-15453
3495
9101
-20016
27245
-29468
26282
-18280
6934
5674
-17240
25653
-29383
27757
-21079
10571
1852
-13933
23482
-28774
28857
-23723
14308
-2317
-10086
20668
-27527
29437
-26063
18016
-6747
-5725
17167
-25538
29348
-27926
21533
-11312
-913
12971
-22723
28444
-29129
24664
-15845
4235
8116
-19032
26595
-29481
27191
-20134
9552
2695
-14466
23704
-28802
28878
-23926
14815
-3134
-9085
19723
-26939
29490
-26942
19742
-9141
-3031
14675
-23790
28813
-28888
24010
-15023
3469
8671
-19326
26678
-29481
27265
-20414
10098
1926
-13617
22997
-28482
29151
-24899
16451
-5235
-6856
17789
-25729
29348
-28048
22053
-12373
630
11211
-21178
27613
-29451
26393
-18956
8379
3581
-14943
23828
-28774
28970
-24393
15802
-4616
-7321
18052
-25818
29352
-28083
22225
-12742
1187
10556
-20576
27245
-29488
26946
-20039
9893
1849
-13285
22572
-28217
29315
-25699
17955
-7334
-4458
15529
-24111
28835
-28954
24456
-16064
5121
6631
-17324
25263
-29196
28506
-23310
14435
-3287
-8373
18708
-26097
29383
-28056
22332
-13115
1852
9695
-19723
26671
-29462
27669
-21577
12139
-823
-10613
20402
-27033
29487
-27392
21079
-11526
206
11140
-20771
27215
-29490
27257
-20862
11288
0
-11282
20844
-27234
29490
-27276
20935
-11431
206
11044
-20624
27094
-29487
27449
-21294
11951
-823
-10421
20103
-26780
29462
-27757
21924
-12838
1852
9403
-19260
26263
-29383
28165
-22796
14074
-3287
-7977
18065
-25499
29196
-28621
23866
-15630
5121
6128
-16480
24432
-28835
29056
-25070
17461
-7334
-3846
14466
-22997
28217
-29381
26328
-19505
9893
1129
-11983
21122
-27245
29488
-27536
21675
-12742
2009
9003
-18736
25818
-29254
28567
-23860
15802
-5529
-5513
15777
-23828
28544
-29272
25918
-18956
9360
1531
-12203
21178
-27215
29484
-27678
22053
-13391
2891
8002
-17789
25129
-29022
28939
-24899
17461
-7645
-3207
13617
-22170
27707
-29484
27265
-21358
12568
-2086
-8671
18255
-25377
29085
-28888
24818
-17428
7710
3031
-13363
21907
-27530
29490
-27533
21924
-13414
3134
7555
-17240
24646
-28802
29167
-25699
18860
-9552
-1000
11416
-20335
26595
-29387
28351
-23631
15845
-6009
-4601
14608
-22723
27899
-29476
27257
-21533
13046
-2891
-7630
17167
-24504
28708
-29248
26063
-19563
10580
-261
-10086
19150
-25787
29162
-28857
24915
-17840
8527
1852
-11992
20624
-26671
29383
-28425
23926
-16451
6934
3437
-13377
21653
-27245
29467
-28051
23177
-15453
5832
4499
-14272
22290
-27576
29489
-27800
22723
-14881
5235
5042
-14701
22572
-27707
29490
-27712
22593
-14756
5149
5070
-14675
22516
-27658
29490
-27800
22796
-15081
5576
4585
-14196
22119
-27419
29476
-28051
23320
-15845
6512
3581
-13248
21356
-26960
29410
-28425
24127
-17023
7943
2054
-11806
20185
-26223
29227
-28857
25160
-18569
9847
0
-9841
18549
-25129
28835
-29248
26328
-20414
12183
-2573
-7321
16381
-23583
28117
-29476
27514
-22458
14881
-5640
-4228
13617
-21478
26935
-29387
28564
-24565
17840
-9141
-566
10204
-18708
25143
-28802
29289
-26556
20910
-12974
3623
6119
-15186
22591
-27530
29472
-28210
23888
-16981
8240
1386
-10856
19150
-25377
28872
-29264
26518
-20935
13115
-3900
-5725
14734
-22170
27245
-29427
28489
-24536
17993
-9555
116
9330
-17789
24375
-28400
29450
-27419
22527
-15288
6461
3031
-12203
20103
-25915
29042
-29167
26282
-20691
12974
-3929
-5513
14384
-21777
26939
-29348
28764
-25252
19174
-11155
2009
7334
-15929
22910
-27576
29462
-28384
24456
-18077
9893
-724
-8511
16891
-23583
27924
-29489
28126
-23979
17461
-9223
80
9064
-17311
23851
-28046
29490
-28048
23866
-17357
9162
-80
-9003
17206
-23737
27965
-29489
28165
-24127
17771
-9711
724
8326
-16573
23231
-27666
29462
-28453
24740
-18681
10856
-2009
-7022
15384
-22290
27094
-29348
28847
-25642
20039
-12568
3929
5070
-13591
20844
-26157
29042
-29238
26733
-21762
14790
-6461
-2455
11140
-18798
24731
-28400
29477
-27867
23723
-17428
9555
-823
-7977
16051
-22671
27245
-29366
28849
-25744
20337
-13115
4728
4076
-12510
19826
-25377
28675
-29432
27588
-23310
16981
-9162
544
8116
-16059
22591
-27145
29327
-28954
26063
-20910
13947
-5782
-2878
11282
-18708
24519
-28217
29490
-28235
24565
-18798
11431
-3095
-5497
13617
-20576
25787
-28813
29403
-27514
23310
-17149
9552
-1161
-7321
15186
-21777
26549
-29109
29248
-26962
22443
-16072
8379
0
-8373
16051
-22406
26920
-29227
29145
-26685
22053
-15630
7943
383
-8671
16253
-22516
26960
-29231
29151
-26733
22174
-15845
8255
-13
-8224
15802
-22119
26678
-29123
29264
-27097
22796
-16706
9309
-1187
-7022
14675
-21178
26025
-28843
29419
-27712
23860
-18166
11074
-3134
-5042
12824
-19615
24899
-28275
29489
-28453
25252
-20134
13491
-5832
-2262
10180
-17324
23157
-27245
29286
-29129
26794
-22458
16451
-9223
1315
6684
-14182
20624
-25538
28564
-29484
28235
-24915
19771
-13184
5640
2311
-10086
17122
-22910
27033
-29196
29248
-27191
23177
-17500
10571
-2891
-4991
12510
-19130
24384
-27899
29432
-28878
26282
-21831
15845
-8748
1042
6731
-14026
20335
-25218
28340
-29487
28584
-25699
21036
-14923
7785
-116
-7555
14701
-20832
25533
-28485
29490
-28486
25546
-20873
14790
-7710
116
7480
-14566
20668
-25377
28382
-29487
28621
-25849
21358
-15453
8527
-1042
-6505
13617
-19826
24726
-27998
29432
-28939
26556
-22443
16873
-10210
2891
4610
-11806
18235
-23482
27215
-29196
29304
-27536
24010
-18956
12699
-5640
-1771
9064
-15777
21489
-25841
28564
-29490
28567
-25856
21533
-15870
9223
-2009
-5324
12320
-18549
23627
-27245
29185
-29330
27678
-24333
19505
-13491
6662
566
-7754
14466
-20297
24899
-27998
29410
-29056
26962
-23256
18166
-11998
5121
2054
-9101
15603
-21178
25499
-28316
29466
-28888
26619
-22796
17647
-11475
4642
2455
-9403
15802
-21283
25533
-28311
29462
-28924
26733
-23017
17993
-11951
5235
1771
-8671
15075
-20624
25007
-27983
29387
-29145
27276
-23888
19174
-13400
6888
0
-6881
13377
-19130
23828
-27215
29109
-29411
28110
-25280
21079
-15739
9552
-2855
-3990
10613
-16661
21810
-25787
28382
-29462
28973
-26946
23492
-18798
13115
-6747
29
6684
-13040
18708
-23394
26856
-28918
29476
-28506
26063
-22276
17344
-11526
5121
1540
-8116
14272
-19695
24111
-27299
29102
-29432
28277
-25699
21831
-16873
11074
-4728
-1849
8326
-14384
19723
-24081
27245
-29064
29451
-28391
25941
-22225
17428
-11786
5576
897
-7321
13385
-18798
23300
-26678
28774
-29490
28798
-26733
23398
-18956
13620
-7645
1315
5070
-11211
16820
-21636
25436
-28046
29348
-29286
27867
-25160
21294
-16451
10856
-4769
-1531
7754
-13617
18855
-23231
26549
-28663
29481
-28970
27157
-24127
20020
-15023
9360
-3287
-2926
9003
-14675
19695
-23841
26935
-28845
29490
-28847
26946
-23875
19771
-14815
9223
-3239
-2878
8865
-14466
19442
-23583
26715
-28708
29481
-29006
27305
-24456
20580
-15845
10451
-4626
-1386
7334
-12971
18065
-22406
25818
-28163
29348
-29329
28110
-25744
22332
-18016
12974
-7412
1556
4356
-10086
15406
-20103
23992
-26920
28774
-29484
29025
-27419
24734
-21079
16600
-11475
5908
-116
-5674
11238
-16360
20844
-24519
27245
-28923
29490
-28929
27265
-24565
20935
-16515
11475
-6009
322
5371
-10856
15929
-20402
24111
-26920
28728
-29472
29128
-27712
25280
-21924
17771
-12974
7710
-2173
-3437
8917
-14069
18708
-22671
25818
-28038
29256
-29432
28564
-26685
23866
-20209
15845
-10931
5640
-158
-5324
10613
-15529
19902
-23583
26448
-28400
29378
-29350
28320
-26328
23445
-19771
15433
-10580
5377
0
-5371
10556
-15384
19695
-23347
26223
-28231
29307
-29419
28567
-26783
24127
-20691
16587
-11951
6934
-1701
-3581
8742
-13617
18052
-21907
25062
-27419
28908
-29484
29132
-27867
25732
-22796
19155
-14923
10234
-5235
80
5070
-10059
14734
-18954
22591
-25538
27707
-29037
29490
-29056
27751
-25618
22723
-19155
15023
-10451
5576
-544
-4499
9403
-14026
18235
-21907
24939
-27245
28762
-29449
29289
-28290
26485
-23926
20691
-16873
12583
-7943
3086
1852
-6731
11416
-15777
19695
-23061
25787
-27798
29042
-29489
29129
-27976
26063
-23445
20197
-16408
12183
-7636
2891
1926
-6684
11259
-15529
19384
-22723
25460
-27527
28872
-29462
29286
-28351
26685
-24333
21358
-17840
13870
-9552
4997
-322
-4356
8917
-13248
17240
-20796
23828
-26263
28043
-29127
29490
-29128
28051
-26289
23888
-20910
17428
-13529
9309
-4870
322
4228
-8671
12902
-16820
20335
-23365
25841
-27707
28923
-29462
29315
-28489
27004
-24899
22225
-19045
15433
-11475
7262
-2891
-1540
5930
-10180
14196
-17889
21178
-23992
26270
-27965
29042
-29480
29272
-28425
26962
-24915
22332
-19272
15802
-11998
7943
-3725
-566
4839
-9003
12971
-16661
19997
-22910
25343
-27245
28582
-29327
29469
-29006
27951
-26328
24174
-21533
18461
-15023
11288
-7334
3239
913
-5042
9064
-12902
16480
-19730
22591
-25007
26935
-28340
29196
-29490
29219
-28391
27024
-25146
22796
-20020
16873
-13414
9711
-5832
1852
2157
-6119
9962
-13617
17018
-20103
22819
-25118
26960
-28316
29162
-29487
29286
-28567
27344
-25642
23492
-20935
18016
-14790
11312
-7645
3852
0
-3846
7620
-11259
14701
-17889
20771
-23300
25436
-27145
28400
-29185
29487
-29304
28642
-27514
25941
-23950
21577
-18860
15845
-12583
9125
-5529
1852
1849
-5513
9085
-12510
15734
-18708
21389
-23737
25716
-27299
28465
-29196
29485
-29330
28735
-27712
26278
-24456
22276
-19771
16981
-13947
10715
-7334
3852
-322
-3207
6684
-10059
13285
-16317
19113
-21636
23851
-25729
27245
-28382
29125
-29466
29403
-28939
28083
-26847
25252
-23320
21079
-18561
15802
-12838
9711
-6461
3134
228
-3581
6881
-10086
13156
-16051
18736
-21178
23347
-25218
26769
-27983
28845
-29348
29488
-29264
28682
-27751
26485
-24899
23017
-20862
18461
-15845
13046
-10098
7038
-3900
724
2455
-5599
8671
-11638
14466
-17122
19579
-21810
23790
-25499
26920
-28038
28843
-29328
29490
-29329
28849
-28056
26962
-25579
23926
-22021
19885
-17544
15023
-12349
9552
-6662
3709
-724
-2262
5219
-8116
10925
-13617
16167
-18549
20741
-22723
24476
-25984
27234
-28217
28923
-29348
29490
-29350
28929
-28235
27276
-26063
24608
-22926
21036
-18956
16706
-14308
11786
-9162
6461
-3709
930
1852
-4610
7321
-9962
12510
-14943
17240
-19384
21356
-23141
24726
-26097
27245
-28163
28843
-29282
29479
-29432
29145
-28621
27867
-26889
25699
-24306
22723
-20964
19045
-16981
14790
-12489
10098
-7636
5121
-2573
13
2541
-5070
7555
-9977
12320
-14566
16701
-18708
20576
-22290
23841
-25218
26413
-27419
28231
-28843
29254
-29462
29468
-29272
28878
-28290
27514
-26556
25424
-24127
22675
-21079
19350
-17500
15543
-13491
11360
-9162
6913
-4626
2317
0
-2311
4601
-6856
9064
-11211
13285
-15274
17167
-18954
20624
-22170
23583
-24856
25984
-26960
27782
-28444
28946
-29286
29462
-29477
29330
-29025
28564
-27951
27191
-26289
25252
-24085
22796
-21394
19885
-18280
16587
-14815
12974
-11074
9125
-7137
5121
-3086
1042
1000
-3031
5042
-7022
8963
-10856
12693
-14466
16167
-17789
19326
-20771
22119
-23365
24504
-25533
26448
-27245
27924
-28482
28918
-29231
29422
-29490
29437
-29264
28973
-28567
28048
-27419
26685
-25849
24915
-23888
22774
-21577
20302
-18956
17544
-16072
14547
-12974
11360
-9711
8033
-6333
4616
-2891
1161
566
-2285
3990
-5674
7334
-8963
10556
-12109
13617
-15075
16480
-17827
19113
-20335
21489
-22572
23583
-24519
25377
-26157
26856
-27475
28011
-28465
28835
-29123
29327
-29450
29490
-29450
29330
-29132
28857
-28506
28083
-27588
27024
-26393
25699
-24942
24127
-23256
22332
-21358
20337
-19272
18166
-17023
15845
-14636
13400
-12139
10856
-9555
8240
-6913
5576
-4235
2891
-1547
206
1129
-2455
3770
-5070
6355
-7620
8865
-10086
11282
-12451
13591
-14701
15777
-16820
17827
-18798
19730
-20624
21478
-22290
23061
-23790
24476
-25118
25716
-26270
26780
-27245
27666
-28043
28375
-28663
28908
-29109
29267
-29383
29456
-29489
29480
-29432
29345
-29219
29056
-28857
28621
-28351
28048
-27712
27344
-26946
26518
-26063
25579
-25070
24536
-23979
23398
-22796
22174
-21533
20873
-20197
19505
-18798
18077
-17344
16600
-15845
15081
-14308
13529
-12742
11951
-11155
10355
-9552
8748
-7943
7137
-6333
5529
-4728
3929
-3134
2343
-1556
775
0
-769
1531
-2285
3031
-3770
4499
-5219
5930
-6631
7321
-8002
8671
-9330
9977
-10613
11238
-11851
12451
-13040
13617
-14182
14734
-15274
15802
-16317
16820
-17311
17789
-18255
18708
-19150
19579
-19997
20402
-20796
21178
-21548
21907
-22255
22591
-22916
23231
-23535
23828
-24111
24384
-24646
24899
-25143
25377
-25602
25818
-26025
26223
-26413
26595
-26769
26935
-27094
27245
-27390
27527
-27658
27782
-27899
28011
-28117
28217
-28311
28400
-28485
28564
-28638
28708
-28774
28835
-28892
28946
-28996
29042
-29085
29125
-29162
29196
-29227
29256
-29282
29307
-29328
29348
-29366
29383
-29397
29410
-29422
29432
-29441
29449
-29456
29462
-29467
29472
-29476
29479
-29481
29484
-29485
29487
-29488
29489
-29489
29490
-29490
29490
-29490
29490
-29490
29490
-29490
0
14540
14410
5893
6232
17610
23732
14105
0
-1631
7459
10159
0
-8831
-2371
12271
17026
9016
4072
12522
23258
19795
4580
-4450
0
4450
-4580
-19795
-23258
-12522
-4072
-9016
-17026
-12271
2371
8831
0
-10159
-7459
1631
0
-14105
-23732
-17610
-6232
-5893
-14410
-14540
0
14540
14410
5893
6232
17610
23732
14105
0
-1631
7459
10159
0
-8831
-2371
12271
17026
9016
4072
12522
23258
19795
4580
-4450
0
4450
-4580
-19795
-23258
-12522
-4072
-9016
-17026
-12271
2371
8831
0
-10159
-7459
1631
0
-14105
-23732
-17610
-6232
-5893
-14410
-14540
0
14540
14410
5893
6232
17610
23732
14105
0
-1631
7459
10159
0
-8831
-2371
12271
17026
9016
4072
12522
23258
19795
4580
-4450
0
4450
-4580
-19795
-23258
-12522
-4072
-9016
-17026
-12271
2371
8831
0
-10159
-7459
1631
0
-14105
-23732
-17610
-6232
-5893
-14410
-14540
0
14540
14410
5893
6232
17610
23732
14105
0
-1631
7459
10159
0
-8831
-2371
12271
17026
9016
4072
12522
23258
19795
4580
-4450
0
4450
-4580
-19795
-23258
-12522
-4072
-9016
-17026
-12271
2371
8831
0
-10159
-7459
1631
0
-14105
-23732
-17610
-6232
-5893
-14410
-14540
0
14540
14410
5893
6232
17610
23732
14105
0
-1631
7459
10159
0
-8831
-2371
12271
17026
9016
4072
12522
23258
19795
4580
-4450
0
4450
-4580
-19795
-23258
-12522
-4072
-9016
-17026
-12271
2371
8831
0
-10159
-7459
1631
0
-14105
-23732
-17610
-6232
-5893
-14410
-14540
0
14540
14410
5893
6232
17610
23732
14105
0
-1631
7459
10159
0
-8831
-2371
12271
17026
9016
4072
12522
23258
19795
4580
-4450
0
4450
-4580
-19795
-23258
-12522
-4072
-9016
-17026
-12271
2371
8831
0
-10159
-7459
1631
0
-14105
-23732
-17610
-6232
-5893
-14410
-14540
0
14540
14410
5893
6232
17610
23732
14105
0
-1631
7459
10159
0
-8831
-2371
12271
17026
9016
4072
12522
23258
19795
4580
-4450
0
4450
-4580
-19795
-23258
-12522
-4072
-9016
-17026
-12271
2371
8831
0
-10159
-7459
1631
0
-14105
-23732
-17610
-6232
-5893
-14410
-14540
0
14540
14410
5893
6232
17610
23732
14105
0
-1631
7459
10159
0
-8831
-2371
12271
17026
9016
4072
12522
23258
19795
4580
-4450
0
4450
-4580
-19795
-23258
-12522
-4072
-9016
-17026
-12271
2371
8831
0
-10159
-7459
1631
0
-14105
-23732
-17610
-6232
-5893
-14410
-14540
0
14540
14410
5893
6232
17610
23732
14105
0
-1631
7459
10159
0
-8831
-2371
12271
17026
9016
4072
12522
23258
19795
4580
-4450
0
4450
-4580
-19795
-23258
-12522
-4072
-9016
-17026
-12271
2371
8831
0
-10159
-7459
1631
0
-14105
-23732
-17610
-6232
-5893
-14410
-14540
0
14540
14410
5893
6232
17610
23732
14105
0
-1631
7459
10159
0
-8831
-2371
12271
17026
9016
4072
12522
23258
19795
4580
-4450
0
4450
-4580
-19795
-23258
-12522
-4072
-9016
-17026
-12271
2371
8831
0
-10159
-7459
1631
0
-14105
-23732
-17610
-6232
-5893
-14410
-14540
0
14540
14410
5893
6232
17610
23732
14105
0
-1631
7459
10159
0
-8831
-2371
12271
17026
9016
4072
12522
23258
19795
4580
-4450
0
4450
-4580
-19795
-23258
-12522
-4072
-9016
-17026
-12271
2371
8831
0
-10159
-7459
1631
0
-14105
-23732
-17610
-6232
-5893
-14410
-14540
0
14540
14410
5893
6232
17610
23732
14105
0
-1631
7459
10159
0
-8831
-2371
12271
17026
9016
4072
12522
23258
19795
4580
-4450
0
4450
-4580
-19795
-23258
-12522
-4072
-9016
-17026
-12271
2371
8831
0
-10159
-7459
1631
0
-14105
-23732
-17610
-6232
-5893
-14410
-14540
0
14540
14410
5893
6232
17610
23732
14105
0
-1631
7459
10159
0
-8831
-2371
12271
17026
9016
4072
12522
23258
19795
4580
-4450
0
4450
-4580
-19795
-23258
-12522
-4072
-9016
-17026
-12271
2371
8831
0
-10159
-7459
1631
0
-14105
-23732
-17610
-6232
-5893
-14410
-14540
0
14540
14410
5893
6232
17610
23732
14105
0
-1631
7459
10159
0
-8831
-2371
12271
17026
9016
4072
12522
23258
19795
4580
-4450
0
4450
-4580
-19795
-23258
-12522
-4072
-9016
-17026
-12271
2371
8831
0
-10159
-7459
1631
0
-14105
-23732
-17610
-6232
-5893
-14410
-14540
0
14540
14410
5893
6232
17610
23732
14105
0
-1631
7459
10159
0
-8831
-2371
12271
17026
9016
4072
12522
23258
19795
4580
-4450
0
4450
-4580
-19795
-23258
-12522
-4072
-9016
-17026
-12271
2371
8831
0
-10159
-7459
1631
0
-14105
-23732
-17610
-6232
-5893
-14410
-14540
0
14540
14410
5893
6232
17610
23732
14105
0
-1631
7459
10159
0
-8831
-2371
12271
17026
9016
4072
12522
23258
19795
4580
-4450
0
4450
-4580
-19795
-23258
-12522
-4072
-9016
-17026
-12271
2371
8831
0
-10159
-7459
1631
0
-14105
-23732
-17610
-6232
-5893
-14410
-14540
0
14540
14410
5893
6232
17610
23732
14105
0
-1631
7459
10159
0
-8831
-2371
12271
17026
9016
4072
12522
23258
19795
4580
-4450
0
4450
-4580
-19795
-23258
-12522
-4072
-9016
-17026
-12271
2371
8831
0
-10159
-7459
1631
0
-14105
-23732
-17610
-6232
-5893
-14410
-14540
0
14540
14410
5893
6232
17610
23732
14105
0
-1631
7459
10159
0
-8831
-2371
12271
17026
9016
4072
12522
23258
19795
4580
-4450
0
4450
-4580
-19795
-23258
-12522
-4072
-9016
-17026
-12271
2371
8831
0
-10159
-7459
1631
0
-14105
-23732
-17610
-6232
-5893
-14410
-14540
0
14540
14410
5893
6232
17610
23732
14105
0
-1631
7459
10159
0
-8831
-2371
12271
17026
9016
4072
12522
23258
19795
4580
-4450
0
4450
-4580
-19795
-23258
-12522
-4072
-9016
-17026
-12271
2371
8831
0
-10159
-7459
1631
0
-14105
-23732
-17610
-6232
-5893
-14410
-14540
0
14540
14410
5893
6232
17610
23732
14105
0
-1631
7459
10159
0
-8831
-2371
12271
17026
9016
4072
12522
23258
19795
4580
-4450
0
4450
-4580
-19795
-23258
-12522
-4072
-9016
-17026
-12271
2371
8831
0
-10159
-7459
1631
0
-14105
-23732
-17610
-6232
-5893
-14410
-14540
0
14540
14410
5893
6232
17610
23732
14105
0
-1631
7459
10159
0
-8831
-2371
12271
17026
9016
4072
12522
23258
19795
4580
-4450
0
4450
-4580
-19795
-23258
-12522
-4072
-9016
-17026
-12271
2371
8831
0
-10159
-7459
1631
0
-14105
-23732
-17610
-6232
-5893
-14410
-14540
0
14540
14410
5893
6232
17610
23732
14105
0
-1631
7459
10159
0
-8831
-2371
12271
17026
9016
4072
12522
23258
19795
4580
-4450
0
4450
-4580
-19795
-23258
-12522
-4072
-9016
-17026
-12271
2371
8831
0
-10159
-7459
1631
0
-14105
-23732
-17610
-6232
-5893
-14410
-14540
0
14540
14410
5893
6232
17610
23732
14105
0
-1631
7459
10159
0
-8831
-2371
12271
17026
9016
4072
12522
23258
19795
4580
-4450
0
4450
-4580
-19795
-23258
-12522
-4072
-9016
-17026
-12271
2371
8831
0
-10159
-7459
1631
0
-14105
-23732
-17610
-6232
-5893
-14410
-14540
0
14540
14410
5893
6232
17610
23732
14105
0
-1631
7459
10159
0
-8831
-2371
12271
17026
9016
4072
12522
23258
19795
4580
-4450
0
4450
-4580
-19795
-23258
-12522
-4072
-9016
-17026
-12271
2371
8831
0
-10159
-7459
1631
0
-14105
-23732
-17610
-6232
-5893
-14410
-14540
0
14540
14410
5893
6232
17610
23732
14105
0
-1631
7459
10159
0
-8831
-2371
12271
17026
9016
4072
12522
23258
19795
4580
-4450
0
4450
-4580
-19795
-23258
-12522
-4072
-9016
-17026
-12271
2371
8831
0
-10159
-7459
1631
0
-14105
-23732
-17610
-6232
-5893
-14410
-14540
0
14540
14410
5893
6232
17610
23732
14105
0
-1631
7459
10159
0
-8831
-2371
12271
17026
9016
4072
12522
23258
19795
4580
-4450
0
4450
-4580
-19795
-23258
-12522
-4072
-9016
-17026
-12271
2371
8831
0
-10159
-7459
1631
0
-14105
-23732
-17610
-6232
-5893
-14410
-14540
0
14540
14410
5893
6232
17610
23732
14105
0
-1631
7459
10159
0
-8831
-2371
12271
17026
9016
4072
12522
23258
19795
4580
-4450
0
4450
-4580
-19795
-23258
-12522
-4072
-9016
-17026
-12271
2371
8831
0
-10159
-7459
1631
0
-14105
-23732
-17610
-6232
-5893
-14410
-14540
0
14540
14410
5893
6232
17610
23732
14105
0
-1631
7459
10159
0
-8831
-2371
12271
17026
9016
4072
12522
23258
19795
4580
-4450
0
4450
-4580
-19795
-23258
-12522
-4072
-9016
-17026
-12271
2371
8831
0
-10159
-7459
1631
0
-14105
-23732
-17610
-6232
-5893
-14410
-14540
0
14540
14410
5893
6232
17610
23732
14105
0
-1631
7459
10159
0
-8831
-2371
12271
17026
9016
4072
12522
23258
19795
4580
-4450
0
4450
-4580
-19795
-23258
-12522
-4072
-9016
-17026
-12271
2371
8831
0
-10159
-7459
1631
0
-14105
-23732
-17610
-6232
-5893
-14410
-14540
0
14540
14410
5893
6232
17610
23732
14105
0
-1631
7459
10159
0
-8831
-2371
12271
17026
9016
4072
12522
23258
19795
4580
-4450
0
4450
-4580
-19795
-23258
-12522
-4072
-9016
-17026
-12271
2371
8831
0
-10159
-7459
1631
0
-14105
-23732
-17610
-6232
-5893
-14410
-14540
0
14540
14410
5893
6232
17610
23732
14105
0
-1631
7459
10159
0
-8831
-2371
12271
17026
9016
4072
12522
23258
19795
4580
-4450
0
4450
-4580
-19795
-23258
-12522
-4072
-9016
-17026
-12271
2371
8831
0
-10159
-7459
1631
0
-14105
-23732
-17610
-6232
-5893
-14410
-14540
0
14540
14410
5893
6232
17610
23732
14105
0
-1631
7459
10159
0
-8831
-2371
12271
17026
9016
4072
12522
23258
19795
4580
-4450
0
4450
-4580
-19795
-23258
-12522
-4072
-9016
-17026
-12271
2371
8831
0
-10159
-7459
1631
0
-14105
-23732
-17610
-6232
-5893
-14410
-14540
0
14540
14410
5893
6232
17610
23732
14105
0
-1631
7459
10159
0
-8831
-2371
12271
17026
9016
4072
12522
23258
19795
4580
-4450
0
4450
-4580
-19795
-23258
-12522
-4072
-9016
-17026
-12271
2371
8831
0
-10159
-7459
1631
0
-14105
-23732
-17610
-6232
-5893
-14410
-14540
0
14540
14410
5893
6232
17610
23732
14105
0
-1631
7459
10159
0
-8831
-2371
12271
17026
9016
4072
12522
23258
19795
4580
-4450
0
4450
-4580
-19795
-23258
-12522
-4072
-9016
-17026
-12271
2371
8831
0
-10159
-7459
1631
0
-14105
-23732
-17610
-6232
-5893
-14410
-14540
0
14540
14410
5893
6232
17610
23732
14105
0
-1631
7459
10159
0
-8831
-2371
12271
17026
9016
4072
12522
23258
19795
4580
-4450
0
4450
-4580
-19795
-23258
-12522
-4072
-9016
-17026
-12271
2371
8831
0
-10159
-7459
1631
0
-14105
-23732
-17610
-6232
-5893
-14410
-14540
0
14540
14410
5893
6232
17610
23732
14105
0
-1631
7459
10159
0
-8831
-2371
12271
17026
9016
4072
12522
23258
19795
4580
-4450
0
4450
-4580
-19795
-23258
-12522
-4072
-9016
-17026
-12271
2371
8831
0
-10159
-7459
1631
0
-14105
-23732
-17610
-6232
-5893
-14410
-14540
0
14540
14410
5893
6232
17610
23732
14105
0
-1631
7459
10159
0
-8831
-2371
12271
17026
9016
4072
12522
23258
19795
4580
-4450
0
4450
-4580
-19795
-23258
-12522
-4072
-9016
-17026
-12271
2371
8831
0
-10159
-7459
1631
0
-14105
-23732
-17610
-6232
-5893
-14410
-14540
0
14540
14410
5893
6232
17610
23732
14105
0
-1631
7459
10159
0
-8831
-2371
12271
17026
9016
4072
12522
23258
19795
4580
-4450
0
4450
-4580
-19795
-23258
-12522
-4072
-9016
-17026
-12271
2371
8831
0
-10159
-7459
1631
0
-14105
-23732
-17610
-6232
-5893
-14410
-14540
0
14540
14410
5893
6232
17610
23732
14105
0
-1631
7459
10159
0
-8831
-2371
12271
17026
9016
4072
12522
23258
19795
4580
-4450
0
4450
-4580
-19795
-23258
-12522
-4072
-9016
-17026
-12271
2371
8831
0
-10159
-7459
1631
0
-14105
-23732
-17610
-6232
-5893
-14410
-14540
0
14540
14410
5893
6232
17610
23732
14105
0
-1631
7459
10159
0
-8831
-2371
12271
17026
9016
4072
12522
23258
19795
4580
-4450
0
4450
-4580
-19795
-23258
-12522
-4072
-9016
-17026
-12271
2371
8831
0
-10159
-7459
1631
0
-14105
-23732
-17610
-6232
-5893
-14410
-14540
0
14540
14410
5893
6232
17610
23732
14105
0
-1631
7459
10159
0
-8831
-2371
12271
17026
9016
4072
12522
23258
19795
4580
-4450
0
4450
-4580
-19795
-23258
-12522
-4072
-9016
-17026
-12271
2371
8831
0
-10159
-7459
1631
0
-14105
-23732
-17610
-6232
-5893
-14410
-14540
0
14540
14410
5893
6232
17610
23732
14105
0
-1631
7459
10159
0
-8831
-2371
12271
17026
9016
4072
12522
23258
19795
4580
-4450
0
4450
-4580
-19795
-23258
-12522
-4072
-9016
-17026
-12271
2371
8831
0
-10159
-7459
1631
0
-14105
-23732
-17610
-6232
-5893
-14410
-14540
0
14540
14410
5893
6232
17610
23732
14105
0
-1631
7459
10159
0
-8831
-2371
12271
17026
9016
4072
12522
23258
19795
4580
-4450
0
4450
-4580
-19795
-23258
-12522
-4072
-9016
-17026
-12271
2371
8831
0
-10159
-7459
1631
0
-14105
-23732
-17610
-6232
-5893
-14410
-14540
0
14540
14410
5893
6232
17610
23732
14105
0
-1631
7459
10159
0
-8831
-2371
12271
17026
9016
4072
12522
23258
19795
4580
-4450
0
4450
-4580
-19795
-23258
-12522
-4072
-9016
-17026
-12271
2371
8831
0
-10159
-7459
1631
0
-14105
-23732
-17610
-6232
-5893
-14410
-14540
0
14540
14410
5893
6232
17610
23732
14105
0
-1631
7459
10159
0
-8831
-2371
12271
17026
9016
4072
12522
23258
19795
4580
-4450
0
4450
-4580
-19795
-23258
-12522
-4072
-9016
-17026
-12271
2371
8831
0
-10159
-7459
1631
0
-14105
-23732
-17610
-6232
-5893
-14410
-14540
0
14540
14410
5893
6232
17610
23732
14105
0
-1631
7459
10159
0
-8831
-2371
12271
17026
9016
4072
12522
23258
19795
4580
-4450
0
4450
-4580
-19795
-23258
-12522
-4072
-9016
-17026
-12271
2371
8831
0
-10159
-7459
1631
0
-14105
-23732
-17610
-6232
-5893
-14410
-14540
0
14540
14410
5893
6232
17610
23732
14105
0
-1631
7459
10159
0
-8831
-2371
12271
17026
9016
4072
12522
23258
19795
4580
-4450
0
4450
-4580
-19795
-23258
-12522
-4072
-9016
-17026
-12271
2371
8831
0
-10159
-7459
1631
0
-14105
-23732
-17610
-6232
-5893
-14410
-14540
0
14540
14410
5893
6232
17610
23732
14105
0
-1631
7459
10159
0
-8831
-2371
12271
17026
9016
4072
12522
23258
19795
4580
-4450
0
4450
-4580
-19795
-23258
-12522
-4072
-9016
-17026
-12271
2371
8831
0
-10159
-7459
1631
0
-14105
-23732
-17610
-6232
-5893
-14410
-14540
0
14540
14410
5893
6232
17610
23732
14105
0
-1631
7459
10159
0
-8831
-2371
12271
17026
9016
4072
12522
23258
19795
4580
-4450
0
4450
-4580
-19795
-23258
-12522
-4072
-9016
-17026
-12271
2371
8831
0
-10159
-7459
1631
0
-14105
-23732
-17610
-6232
-5893
-14410
-14540
0
14540
14410
5893
6232
17610
23732
14105
0
-1631
7459
10159
0
-8831
-2371
12271
17026
9016
4072
12522
23258
19795
4580
-4450
0
4450
-4580
-19795
-23258
-12522
-4072
-9016
-17026
-12271
2371
8831
0
-10159
-7459
1631
0
-14105
-23732
-17610
-6232
-5893
-14410
-14540
0
14540
14410
5893
6232
17610
23732
14105
0
-1631
7459
10159
0
-8831
-2371
12271
17026
9016
4072
12522
23258
19795
4580
-4450
0
4450
-4580
-19795
-23258
-12522
-4072
-9016
-17026
-12271
2371
8831
0
-10159
-7459
1631
0
-14105
-23732
-17610
-6232
-5893
-14410
-14540
0
14540
14410
5893
6232
17610
23732
14105
0
-1631
7459
10159
0
-8831
-2371
12271
17026
9016
4072
12522
23258
19795
4580
-4450
0
4450
-4580
-19795
-23258
-12522
-4072
-9016
-17026
-12271
2371
8831
0
-10159
-7459
1631
0
-14105
-23732
-17610
-6232
-5893
-14410
-14540
0
14540
14410
5893
6232
17610
23732
14105
0
-1631
7459
10159
0
-8831
-2371
12271
17026
9016
4072
12522
23258
19795
4580
-4450
0
4450
-4580
-19795
-23258
-12522
-4072
-9016
-17026
-12271
2371
8831
0
-10159
-7459
1631
0
-14105
-23732
-17610
-6232
-5893
-14410
-14540
0
14540
14410
5893
6232
17610
23732
14105
0
-1631
7459
10159
0
-8831
-2371
12271
17026
9016
4072
12522
23258
19795
4580
-4450
0
4450
-4580
-19795
-23258
-12522
-4072
-9016
-17026
-12271
2371
8831
0
-10159
-7459
1631
0
-14105
-23732
-17610
-6232
-5893
-14410
-14540
0
14540
14410
5893
6232
17610
23732
14105
0
-1631
7459
10159
0
-8831
-2371
12271
17026
9016
4072
12522
23258
19795
4580
-4450
0
4450
-4580
-19795
-23258
-12522
-4072
-9016
-17026
-12271
2371
8831
0
-10159
-7459
1631
0
-14105
-23732
-17610
-6232
-5893
-14410
-14540
0
14540
14410
5893
6232
17610
23732
14105
0
-1631
7459
10159
0
-8831
-2371
12271
17026
9016
4072
12522
23258
19795
4580
-4450
0
4450
-4580
-19795
-23258
-12522
-4072
-9016
-17026
-12271
2371
8831
0
-10159
-7459
1631
0
-14105
-23732
-17610
-6232
-5893
-14410
-14540
0
14540
14410
5893
6232
17610
23732
14105
0
-1631
7459
10159
0
-8831
-2371
12271
17026
9016
4072
12522
23258
19795
4580
-4450
0
4450
-4580
-19795
-23258
-12522
-4072
-9016
-17026
-12271
2371
8831
0
-10159
-7459
1631
0
-14105
-23732
-17610
-6232
-5893
-14410
-14540
0
14540
14410
5893
6232
17610
23732
14105
0
-1631
7459
10159
0
-8831
-2371
12271
17026
9016
4072
12522
23258
19795
4580
-4450
0
4450
-4580
-19795
-23258
-12522
-4072
-9016
-17026
-12271
2371
8831
0
-10159
-7459
1631
0
-14105
-23732
-17610
-6232
-5893
-14410
-14540
0
14540
14410
5893
6232
17610
23732
14105
0
-1631
7459
10159
0
-8831
-2371
12271
17026
9016
4072
12522
23258
19795
4580
-4450
0
4450
-4580
-19795
-23258
-12522
-4072
-9016
-17026
-12271
2371
8831
0
-10159
-7459
1631
0
-14105
-23732
-17610
-6232
-5893
-14410
-14540
0
14540
14410
5893
6232
17610
23732
14105
0
-1631
7459
10159
0
-8831
-2371
12271
17026
9016
4072
12522
23258
19795
4580
-4450
0
4450
-4580
-19795
-23258
-12522
-4072
-9016
-17026
-12271
2371
8831
0
-10159
-7459
1631
0
-14105
-23732
-17610
-6232
-5893
-14410
-14540
0
14540
14410
5893
6232
17610
23732
14105
0
-1631
7459
10159
0
-8831
-2371
12271
17026
9016
4072
12522
23258
19795
4580
-4450
0
4450
-4580
-19795
-23258
-12522
-4072
-9016
-17026
-12271
2371
8831
0
-10159
-7459
1631
0
-14105
-23732
-17610
-6232
-5893
-14410
-14540
0
14540
14410
5893
6232
17610
23732
14105
0
-1631
7459
10159
0
-8831
-2371
12271
17026
9016
4072
12522
23258
19795
4580
-4450
0
4450
-4580
-19795
-23258
-12522
-4072
-9016
-17026
-12271
2371
8831
0
-10159
-7459
1631
0
-14105
-23732
-17610
-6232
-5893
-14410
-14540
0
14540
14410
5893
6232
17610
23732
14105
0
-1631
7459
10159
0
-8831
-2371
12271
17026
9016
4072
12522
23258
19795
4580
-4450
0
4450
-4580
-19795
-23258
-12522
-4072
-9016
-17026
-12271
2371
8831
0
-10159
-7459
1631
0
-14105
-23732
-17610
-6232
-5893
-14410
-14540
0
14540
14410
5893
6232
17610
23732
14105
0
-1631
7459
10159
0
-8831
-2371
12271
17026
9016
4072
12522
23258
19795
4580
-4450
0
4450
-4580
-19795
-23258
-12522
-4072
-9016
-17026
-12271
2371
8831
0
-10159
-7459
1631
0
-14105
-23732
-17610
-6232
-5893
-14410
-14540
0
14540
14410
5893
6232
17610
23732
14105
0
-1631
7459
10159
0
-8831
-2371
12271
17026
9016
4072
12522
23258
19795
4580
-4450
0
4450
-4580
-19795
-23258
-12522
-4072
-9016
-17026
-12271
2371
8831
0
-10159
-7459
1631
0
-14105
-23732
-17610
-6232
-5893
-14410
-14540
0
14540
14410
5893
6232
17610
23732
14105
0
-1631
7459
10159
0
-8831
-2371
12271
17026
9016
4072
12522
23258
19795
4580
-4450
0
4450
-4580
-19795
-23258
-12522
-4072
-9016
-17026
-12271
2371
8831
0
-10159
-7459
1631
0
-14105
-23732
-17610
-6232
-5893
-14410
-14540
0
14540
14410
5893
6232
17610
23732
14105
0
-1631
7459
10159
0
-8831
-2371
12271
17026
9016
4072
12522
23258
19795
4580
-4450
0
4450
-4580
-19795
-23258
-12522
-4072
-9016
-17026
-12271
2371
8831
0
-10159
-7459
1631
0
-14105
-23732
-17610
-6232
-5893
-14410
-14540
0
14540
14410
5893
6232
17610
23732
14105
0
-1631
7459
10159
0
-8831
-2371
12271
17026
9016
4072
12522
23258
19795
4580
-4450
0
4450
-4580
-19795
-23258
-12522
-4072
-9016
-17026
-12271
2371
8831
0
-10159
-7459
1631
0
-14105
-23732
-17610
-6232
-5893
-14410
-14540
0
14540
14410
5893
6232
17610
23732
14105
0
-1631
7459
10159
0
-8831
-2371
12271
17026
9016
4072
12522
23258
19795
4580
-4450
0
4450
-4580
-19795
-23258
-12522
-4072
-9016
-17026
-12271
2371
8831
0
-10159
-7459
1631
0
-14105
-23732
-17610
-6232
-5893
-14410
-14540
0
14540
14410
5893
6232
17610
23732
14105
0
-1631
7459
10159
0
-8831
-2371
12271
17026
9016
4072
12522
23258
19795
4580
-4450
0
4450
-4580
-19795
-23258
-12522
-4072
-9016
-17026
-12271
2371
8831
0
-10159
-7459
1631
0
-14105
-23732
-17610
-6232
-5893
-14410
-14540
0
14540
14410
5893
6232
17610
23732
14105
0
-1631
7459
10159
0
-8831
-2371
12271
17026
9016
4072
12522
23258
19795
4580
-4450
0
4450
-4580
-19795
-23258
-12522
-4072
-9016
-17026
-12271
2371
8831
0
-10159
-7459
1631
0
-14105
-23732
-17610
-6232
-5893
-14410
-14540
0
14540
14410
5893
6232
17610
23732
14105
0
-1631
7459
10159
0
-8831
-2371
12271
17026
9016
4072
12522
23258
19795
4580
-4450
0
4450
-4580
-19795
-23258
-12522
-4072
-9016
-17026
-12271
2371
8831
0
-10159
-7459
1631
0
-14105
-23732
-17610
-6232
-5893
-14410
-14540
0
14540
14410
5893
6232
17610
23732
14105
0
-1631
7459
10159
0
-8831
-2371
12271
17026
9016
4072
12522
23258
19795
4580
-4450
0
4450
-4580
-19795
-23258
-12522
-4072
-9016
-17026
-12271
2371
8831
0
-10159
-7459
1631
0
-14105
-23732
-17610
-6232
-5893
-14410
-14540
0
14540
14410
5893
6232
17610
23732
14105
0
-1631
7459
10159
0
-8831
-2371
12271
17026
9016
4072
12522
23258
19795
4580
-4450
0
4450
-4580
-19795
-23258
-12522
-4072
-9016
-17026
-12271
2371
8831
0
-10159
-7459
1631
0
-14105
-23732
-17610
-6232
-5893
-14410
-14540
0
14540
14410
5893
6232
17610
23732
14105
0
-1631
7459
10159
0
-8831
-2371
12271
17026
9016
4072
12522
23258
19795
4580
-4450
0
4450
-4580
-19795
-23258
-12522
-4072
-9016
-17026
-12271
2371
8831
0
-10159
-7459
1631
0
-14105
-23732
-17610
-6232
-5893
-14410
-14540
0
14540
14410
5893
6232
17610
23732
14105
0
-1631
7459
10159
0
-8831
-2371
12271
17026
9016
4072
12522
23258
19795
4580
-4450
0
4450
-4580
-19795
-23258
-12522
-4072
-9016
-17026
-12271
2371
8831
0
-10159
-7459
1631
0
-14105
-23732
-17610
-6232
-5893
-14410
-14540
0
14540
14410
5893
6232
17610
23732
14105
0
-1631
7459
10159
0
-8831
-2371
12271
17026
9016
4072
12522
23258
19795
4580
-4450
0
4450
-4580
-19795
-23258
-12522
-4072
-9016
-17026
-12271
2371
8831
0
-10159
-7459
1631
0
-14105
-23732
-17610
-6232
-5893
-14410
-14540
0
14540
14410
5893
6232
17610
23732
14105
0
-1631
7459
10159
0
-8831
-2371
12271
17026
9016
4072
12522
23258
19795
4580
-4450
0
4450
-4580
-19795
-23258
-12522
-4072
-9016
-17026
-12271
2371
8831
0
-10159
-7459
1631
0
-14105
-23732
-17610
-6232
-5893
-14410
-14540
0
14540
14410
5893
6232
17610
23732
14105
0
-1631
7459
10159
0
-8831
-2371
12271
17026
9016
4072
12522
23258
19795
4580
-4450
0
4450
-4580
-19795
-23258
-12522
-4072
-9016
-17026
-12271
2371
8831
0
-10159
-7459
1631
0
-14105
-23732
-17610
-6232
-5893
-14410
-14540
0
14540
14410
5893
6232
17610
23732
14105
0
-1631
7459
10159
0
-8831
-2371
12271
17026
9016
4072
12522
23258
19795
4580
-4450
0
4450
-4580
-19795
-23258
-12522
-4072
-9016
-17026
-12271
2371
8831
0
-10159
-7459
1631
0
-14105
-23732
-17610
-6232
-5893
-14410
-14540
0
14540
14410
5893
6232
17610
23732
14105
0
-1631
7459
10159
0
-8831
-2371
12271
17026
9016
4072
12522
23258
19795
4580
-4450
0
4450
-4580
-19795
-23258
-12522
-4072
-9016
-17026
-12271
2371
8831
0
-10159
-7459
1631
0
-14105
-23732
-17610
-6232
-5893
-14410
-14540
0
14540
14410
5893
6232
17610
23732
14105
0
-1631
7459
10159
0
-8831
-2371
12271
17026
9016
4072
12522
23258
19795
4580
-4450
0
4450
-4580
-19795
-23258
-12522
-4072
-9016
-17026
-12271
2371
8831
0
-10159
-7459
1631
0
-14105
-23732
-17610
-6232
-5893
-14410
-14540
0
14540
14410
5893
6232
17610
23732
14105
0
-1631
7459
10159
0
-8831
-2371
12271
17026
9016
4072
12522
23258
19795
4580
-4450
0
4450
-4580
-19795
-23258
-12522
-4072
-9016
-17026
-12271
2371
8831
0
-10159
-7459
1631
0
-14105
-23732
-17610
-6232
-5893
-14410
-14540
0
14540
14410
5893
6232
17610
23732
14105
0
-1631
7459
10159
0
-8831
-2371
12271
17026
9016
4072
12522
23258
19795
4580
-4450
0
4450
-4580
-19795
-23258
-12522
-4072
-9016
-17026
-12271
2371
8831
0
-10159
-7459
1631
0
-14105
-23732
-17610
-6232
-5893
-14410
-14540
0
14540
14410
5893
6232
17610
23732
14105
0
-1631
7459
10159
0
-8831
-2371
12271
17026
9016
4072
12522
23258
19795
4580
-4450
0
4450
-4580
-19795
-23258
-12522
-4072
-9016
-17026
-12271
2371
8831
0
-10159
-7459
1631
0
-14105
-23732
-17610
-6232
-5893
-14410
-14540
0
14540
14410
5893
6232
17610
23732
14105
0
-1631
7459
10159
0
-8831
-2371
12271
17026
9016
4072
12522
23258
19795
4580
-4450
0
4450
-4580
-19795
-23258
-12522
-4072
-9016
-17026
-12271
2371
8831
0
-10159
-7459
1631
0
-14105
-23732
-17610
-6232
-5893
-14410
-14540
0
14540
14410
5893
6232
17610
23732
14105
0
-1631
7459
10159
0
-8831
-2371
12271
17026
9016
4072
12522
23258
19795
4580
-4450
0
4450
-4580
-19795
-23258
-12522
-4072
-9016
-17026
-12271
2371
8831
0
-10159
-7459
1631
0
-14105
-23732
-17610
-6232
-5893
-14410
-14540
0
14540
14410
5893
6232
17610
23732
14105
0
-1631
7459
10159
0
-8831
-2371
12271
17026
9016
4072
12522
23258
19795
4580
-4450
0
4450
-4580
-19795
-23258
-12522
-4072
-9016
-17026
-12271
2371
8831
0
-10159
-7459
1631
0
-14105
-23732
-17610
-6232
-5893
-14410
-14540
0
14540
14410
5893
6232
17610
23732
14105
0
-1631
7459
10159
0
-8831
-2371
12271
17026
9016
4072
12522
23258
19795
4580
-4450
0
4450
-4580
-19795
-23258
-12522
-4072
-9016
-17026
-12271
2371
8831
0
-10159
-7459
1631
0
-14105
-23732
-17610
-6232
-5893
-14410
-14540
0
14540
14410
5893
6232
17610
23732
14105
0
-1631
7459
10159
0
-8831
-2371
12271
17026
9016
4072
12522
23258
19795
4580
-4450
0
4450
-4580
-19795
-23258
-12522
-4072
-9016
-17026
-12271
2371
8831
0
-10159
-7459
1631
0
-14105
-23732
-17610
-6232
-5893
-14410
-14540
0
14540
14410
5893
6232
17610
23732
14105
0
-1631
7459
10159
0
-8831
-2371
12271
17026
9016
4072
12522
23258
19795
4580
-4450
0
4450
-4580
-19795
-23258
-12522
-4072
-9016
-17026
-12271
2371
8831
0
-10159
-7459
1631
0
-14105
-23732
-17610
-6232
-5893
-14410
-14540
0
14540
14410
5893
6232
17610
23732
14105
0
-1631
7459
10159
0
-8831
-2371
12271
17026
9016
4072
12522
23258
19795
4580
-4450
0
4450
-4580
-19795
-23258
-12522
-4072
-9016
-17026
-12271
2371
8831
0
-10159
-7459
1631
0
-14105
-23732
-17610
-6232
-5893
-14410
-14540
0
14540
14410
5893
6232
17610
23732
14105
0
-1631
7459
10159
0
-8831
-2371
12271
17026
9016
4072
12522
23258
19795
4580
-4450
0
4450
-4580
-19795
-23258
-12522
-4072
-9016
-17026
-12271
2371
8831
0
-10159
-7459
1631
0
-14105
-23732
-17610
-6232
-5893
-14410
-14540
0
14540
14410
5893
6232
17610
23732
14105
0
-1631
7459
10159
0
-8831
-2371
12271
17026
9016
4072
12522
23258
19795
4580
-4450
0
4450
-4580
-19795
-23258
-12522
-4072
-9016
-17026
-12271
2371
8831
0
-10159
-7459
1631
0
-14105
-23732
-17610
-6232
-5893
-14410
-14540
0
14540
14410
5893
6232
17610
23732
14105
0
-1631
7459
10159
0
-8831
-2371
12271
17026
9016
4072
12522
23258
19795
4580
-4450
0
4450
-4580
-19795
-23258
-12522
-4072
-9016
-17026
-12271
2371
8831
0
-10159
-7459
1631
0
-14105
-23732
-17610
-6232
-5893
-14410
-14540
0
14540
14410
5893
6232
17610
23732
14105
0
-1631
7459
10159
0
-8831
-2371
12271
17026
9016
4072
12522
23258
19795
4580
-4450
0
4450
-4580
-19795
-23258
-12522
-4072
-9016
-17026
-12271
2371
8831
0
-10159
-7459
1631
0
-14105
-23732
-17610
-6232
-5893
-14410
-14540
0
14540
14410
5893
6232
17610
23732
14105
0
-1631
7459
10159
0
-8831
-2371
12271
17026
9016
4072
12522
23258
19795
4580
-4450
0
4450
-4580
-19795
-23258
-12522
-4072
-9016
-17026
-12271
2371
8831
0
-10159
-7459
1631
0
-14105
-23732
-17610
-6232
-5893
-14410
-14540
0
14540
14410
5893
6232
17610
23732
14105
0
-1631
7459
10159
0
-8831
-2371
12271
17026
9016
4072
12522
23258
19795
4580
-4450
0
4450
-4580
-19795
-23258
-12522
-4072
-9016
-17026
-12271
2371
8831
0
-10159
-7459
1631
0
-14105
-23732
-17610
-6232
-5893
-14410
-14540
0
14540
14410
5893
6232
17610
23732
14105
0
-1631
7459
10159
0
-8831
-2371
12271
17026
9016
4072
12522
23258
19795
4580
-4450
0
4450
-4580
-19795
-23258
-12522
-4072
-9016
-17026
-12271
2371
8831
0
-10159
-7459
1631
0
-14105
-23732
-17610
-6232
-5893
-14410
-14540
0
14540
14410
5893
6232
17610
23732
14105
0
-1631
7459
10159
0
-8831
-2371
12271
17026
9016
4072
12522
23258
19795
4580
-4450
0
4450
-4580
-19795
-23258
-12522
-4072
-9016
-17026
-12271
2371
8831
0
-10159
-7459
1631
0
-14105
-23732
-17610
-6232
-5893
-14410
-14540
0
14540
14410
5893
6232
17610
23732
14105
0
-1631
7459
10159
0
-8831
-2371
12271
17026
9016
4072
12522
23258
19795
4580
-4450
0
4450
-4580
-19795
-23258
-12522
-4072
-9016
-17026
-12271
2371
8831
0
-10159
-7459
1631
0
-14105
-23732
-17610
-6232
-5893
-14410
-14540
0
14540
14410
5893
6232
17610
23732
14105
0
-1631
7459
10159
0
-8831
-2371
12271
17026
9016
4072
12522
23258
19795
4580
-4450
0
4450
-4580
-19795
-23258
-12522
-4072
-9016
-17026
-12271
2371
8831
0
-10159
-7459
1631
0
-14105
-23732
-17610
-6232
-5893
-14410
-14540
0
14540
14410
5893
6232
17610
23732
14105
0
-1631
7459
10159
0
-8831
-2371
12271
17026
9016
4072
12522
23258
19795
4580
-4450
0
4450
-4580
-19795
-23258
-12522
-4072
-9016
-17026
-12271
2371
8831
0
-10159
-7459
1631
0
-14105
-23732
-17610
-6232
-5893
-14410
-14540
0
14540
14410
5893
6232
17610
23732
14105
0
-1631
7459
10159
0
-8831
-2371
12271
17026
9016
4072
12522
23258
19795
4580
-4450
0
4450
-4580
-19795
-23258
-12522
-4072
-9016
-17026
-12271
2371
8831
0
-10159
-7459
1631
0
-14105
-23732
-17610
-6232
-5893
-14410
-14540
0
14540
14410
5893
6232
17610
23732
14105
0
-1631
7459
10159
0
-8831
-2371
12271
17026
9016
4072
12522
23258
19795
4580
-4450
0
4450
-4580
-19795
-23258
-12522
-4072
-9016
-17026
-12271
2371
8831
0
-10159
-7459
1631
0
-14105
-23732
-17610
-6232
-5893
-14410
-14540
0
14540
14410
5893
6232
17610
23732
14105
0
-1631
7459
10159
0
-8831
-2371
12271
17026
9016
4072
12522
23258
19795
4580
-4450
0
4450
-4580
-19795
-23258
-12522
-4072
-9016
-17026
-12271
2371
8831
0
-10159
-7459
1631
0
-14105
-23732
-17610
-6232
-5893
-14410
-14540
0
14540
14410
5893
6232
17610
23732
14105
0
-1631
7459
10159
0
-8831
-2371
12271
17026
9016
4072
12522
23258
19795
4580
-4450
0
4450
-4580
-19795
-23258
-12522
-4072
-9016
-17026
-12271
2371
8831
0
-10159
-7459
1631
0
-14105
-23732
-17610
-6232
-5893
-14410
-14540
0
14540
14410
5893
6232
17610
23732
14105
0
-1631
7459
10159
0
-8831
-2371
12271
17026
9016
4072
12522
23258
19795
4580
-4450
0
4450
-4580
-19795
-23258
-12522
-4072
-9016
-17026
-12271
2371
8831
0
-10159
-7459
1631
0
-14105
-23732
-17610
-6232
-5893
-14410
-14540
0
14540
14410
5893
6232
17610
23732
14105
0
-1631
7459
10159
0
-8831
-2371
12271
17026
9016
4072
12522
23258
19795
4580
-4450
0
4450
-4580
-19795
-23258
-12522
-4072
-9016
-17026
-12271
2371
8831
0
-10159
-7459
1631
0
-14105
-23732
-17610
-6232
-5893
-14410
-14540
0
14540
14410
5893
6232
17610
23732
14105
0
-1631
7459
10159
0
-8831
-2371
12271
17026
9016
4072
12522
23258
19795
4580
-4450
0
4450
-4580
-19795
-23258
-12522
-4072
-9016
-17026
-12271
2371
8831
0
-10159
-7459
1631
0
-14105
-23732
-17610
-6232
-5893
-14410
-14540
0
14540
14410
5893
6232
17610
23732
14105
0
-1631
7459
10159
0
-8831
-2371
12271
17026
9016
4072
12522
23258
19795
4580
-4450
0
4450
-4580
-19795
-23258
-12522
-4072
-9016
-17026
-12271
2371
8831
0
-10159
-7459
1631
0
-14105
-23732
-17610
-6232
-5893
-14410
-14540
0
14540
14410
5893
6232
17610
23732
14105
0
-1631
7459
10159
0
-8831
-2371
12271
17026
9016
4072
12522
23258
19795
4580
-4450
0
4450
-4580
-19795
-23258
-12522
-4072
-9016
-17026
-12271
2371
8831
0
-10159
-7459
1631
0
-14105
-23732
-17610
-6232
-5893
-14410
-14540
0
14540
14410
5893
6232
17610
23732
14105
0
-1631
7459
10159
0
-8831
-2371
12271
17026
9016
4072
12522
23258
19795
4580
-4450
0
4450
-4580
-19795
-23258
-12522
-4072
-9016
-17026
-12271
2371
8831
0
-10159
-7459
1631
0
-14105
-23732
-17610
-6232
-5893
-14410
-14540
0
14540
14410
5893
6232
17610
23732
14105
0
-1631
7459
10159
0
-8831
-2371
12271
17026
9016
4072
12522
23258
19795
4580
-4450
0
4450
-4580
-19795
-23258
-12522
-4072
-9016
-17026
-12271
2371
8831
0
-10159
-7459
1631
0
-14105
-23732
-17610
-6232
-5893
-14410
-14540
0
14540
14410
5893
6232
17610
23732
14105
0
-1631
7459
10159
0
-8831
-2371
12271
17026
9016
4072
12522
23258
19795
4580
-4450
0
4450
-4580
-19795
-23258
-12522
-4072
-9016
-17026
-12271
2371
8831
0
-10159
-7459
1631
0
-14105
-23732
-17610
-6232
-5893
-14410
-14540
0
14540
14410
5893
6232
17610
23732
14105
0
-1631
7459
10159
0
-8831
-2371
12271
17026
9016
4072
12522
23258
19795
4580
-4450
0
4450
-4580
-19795
-23258
-12522
-4072
-9016
-17026
-12271
2371
8831
0
-10159
-7459
1631
0
-14105
-23732
-17610
-6232
-5893
-14410
-14540
0
14540
14410
5893
6232
17610
23732
14105
0
-1631
7459
10159
0
-8831
-2371
12271
17026
9016
4072
12522
23258
19795
4580
-4450
0
4450
-4580
-19795
-23258
-12522
-4072
-9016
-17026
-12271
2371
8831
0
-10159
-7459
1631
0
-14105
-23732
-17610
-6232
-5893
-14410
-14540
0
14540
14410
5893
6232
17610
23732
14105
0
-1631
7459
10159
0
-8831
-2371
12271
17026
9016
4072
12522
23258
19795
4580
-4450
0
4450
-4580
-19795
-23258
-12522
-4072
-9016
-17026
-12271
2371
8831
0
-10159
-7459
1631
0
-14105
-23732
-17610
-6232
-5893
-14410
-14540
0
14540
14410
5893
6232
17610
23732
14105
0
-1631
7459
10159
0
-8831
-2371
12271
17026
9016
4072
12522
23258
19795
4580
-4450
0
4450
-4580
-19795
-23258
-12522
-4072
-9016
-17026
-12271
2371
8831
0
-10159
-7459
1631
0
-14105
-23732
-17610
-6232
-5893
-14410
-14540
0
14540
14410
5893
6232
17610
23732
14105
0
-1631
7459
10159
0
-8831
-2371
12271
17026
9016
4072
12522
23258
19795
4580
-4450
0
4450
-4580
-19795
-23258
-12522
-4072
-9016
-17026
-12271
2371
8831
0
-10159
-7459
1631
0
-14105
-23732
-17610
-6232
-5893
-14410
-14540
0
14540
14410
5893
6232
17610
23732
14105
0
-1631
7459
10159
0
-8831
-2371
12271
17026
9016
4072
12522
23258
19795
4580
-4450
0
4450
-4580
-19795
-23258
-12522
-4072
-9016
-17026
-12271
2371
8831
0
-10159
-7459
1631
0
-14105
-23732
-17610
-6232
-5893
-14410
-14540
0
14540
14410
5893
6232
17610
23732
14105
0
-1631
7459
10159
0
-8831
-2371
12271
17026
9016
4072
12522
23258
19795
4580
-4450
0
4450
-4580
-19795
-23258
-12522
-4072
-9016
-17026
-12271
2371
8831
0
-10159
-7459
1631
0
-14105
-23732
-17610
-6232
-5893
-14410
-14540
0
14540
14410
5893
6232
17610
23732
14105
0
-1631
7459
10159
0
-8831
-2371
12271
17026
9016
4072
12522
23258
19795
4580
-4450
0
4450
-4580
-19795
-23258
-12522
-4072
-9016
-17026
-12271
2371
8831
0
-10159
-7459
1631
0
-14105
-23732
-17610
-6232
-5893
-14410
-14540
0
14540
14410
5893
6232
17610
23732
14105
0
-1631
7459
10159
0
-8831
-2371
12271
17026
9016
4072
12522
23258
19795
4580
-4450
0
4450
-4580
-19795
-23258
-12522
-4072
-9016
-17026
-12271
2371
8831
0
-10159
-7459
1631
0
-14105
-23732
-17610
-6232
-5893
-14410
-14540
0
14540
14410
5893
6232
17610
23732
14105
0
-1631
7459
10159
0
-8831
-2371
12271
17026
9016
4072
12522
23258
19795
4580
-4450
0
4450
-4580
-19795
-23258
-12522
-4072
-9016
-17026
-12271
2371
8831
0
-10159
-7459
1631
0
-14105
-23732
-17610
-6232
-5893
-14410
-14540
0
14540
14410
5893
6232
17610
23732
14105
0
-1631
7459
10159
0
-8831
-2371
12271
17026
9016
4072
12522
23258
19795
4580
-4450
0
4450
-4580
-19795
-23258
-12522
-4072
-9016
-17026
-12271
2371
8831
0
-10159
-7459
1631
0
-14105
-23732
-17610
-6232
-5893
-14410
-14540
0
14540
14410
5893
6232
17610
23732
14105
0
-1631
7459
10159
0
-8831
-2371
12271
17026
9016
4072
12522
23258
19795
4580
-4450
0
4450
-4580
-19795
-23258
-12522
-4072
-9016
-17026
-12271
2371
8831
0
-10159
-7459
1631
0
-14105
-23732
-17610
-6232
-5893
-14410
-14540
0
14540
14410
5893
6232
17610
23732
14105
0
-1631
7459
10159
0
-8831
-2371
12271
17026
9016
4072
12522
23258
19795
4580
-4450
0
4450
-4580
-19795
-23258
-12522
-4072
-9016
-17026
-12271
2371
8831
0
-10159
-7459
1631
0
-14105
-23732
-17610
-6232
-5893
-14410
-14540
0
14540
14410
5893
6232
17610
23732
14105
0
-1631
7459
10159
0
-8831
-2371
12271
17026
9016
4072
12522
23258
19795
4580
-4450
0
4450
-4580
-19795
-23258
-12522
-4072
-9016
-17026
-12271
2371
8831
0
-10159
-7459
1631
0
-14105
-23732
-17610
-6232
-5893
-14410
-14540
0
14540
14410
5893
6232
17610
23732
14105
0
-1631
7459
10159
0
-8831
-2371
12271
17026
9016
4072
12522
23258
19795
4580
-4450
0
4450
-4580
-19795
-23258
-12522
-4072
-9016
-17026
-12271
2371
8831
0
-10159
-7459
1631
0
-14105
-23732
-17610
-6232
-5893
-14410
-14540
0
14540
14410
5893
6232
17610
23732
14105
0
-1631
7459
10159
0
-8831
-2371
12271
17026
9016
4072
12522
23258
19795
4580
-4450
0
4450
-4580
-19795
-23258
-12522
-4072
-9016
-17026
-12271
2371
8831
0
-10159
-7459
1631
0
-14105
-23732
-17610
-6232
-5893
-14410
-14540
0
14540
14410
5893
6232
17610
23732
14105
0
-1631
7459
10159
0
-8831
-2371
12271
17026
9016
4072
12522
23258
19795
4580
-4450
0
4450
-4580
-19795
-23258
-12522
-4072
-9016
-17026
-12271
2371
8831
0
-10159
-7459
1631
0
-14105
-23732
-17610
-6232
-5893
-14410
-14540
0
14540
14410
5893
6232
17610
23732
14105
0
-1631
7459
10159
0
-8831
-2371
12271
17026
9016
4072
12522
23258
19795
4580
-4450
0
4450
-4580
-19795
-23258
-12522
-4072
-9016
-17026
-12271
2371
8831
0
-10159
-7459
1631
0
-14105
-23732
-17610
-6232
-5893
-14410
-14540
0
14540
14410
5893
6232
17610
23732
14105
0
-1631
7459
10159
0
-8831
-2371
12271
17026
9016
4072
12522
23258
19795
4580
-4450
0
4450
-4580
-19795
-23258
-12522
-4072
-9016
-17026
-12271
2371
8831
0
-10159
-7459
1631
0
-14105
-23732
-17610
-6232
-5893
-14410
-14540
0
14540
14410
5893
6232
17610
23732
14105
0
-1631
7459
10159
0
-8831
-2371
12271
17026
9016
4072
12522
23258
19795
4580
-4450
0
4450
-4580
-19795
-23258
-12522
-4072
-9016
-17026
-12271
2371
8831
0
-10159
-7459
1631
0
-14105
-23732
-17610
-6232
-5893
-14410
-14540
0
14540
14410
5893
6232
17610
23732
14105
0
-1631
7459
10159
0
-8831
-2371
12271
17026
9016
4072
12522
23258
19795
4580
-4450
0
4450
-4580
-19795
-23258
-12522
-4072
-9016
-17026
-12271
2371
8831
0
-10159
-7459
1631
0
-14105
-23732
-17610
-6232
-5893
-14410
-14540
0
14540
14410
5893
6232
17610
23732
14105
0
-1631
7459
10159
0
-8831
-2371
12271
17026
9016
4072
12522
23258
19795
4580
-4450
0
4450
-4580
-19795
-23258
-12522
-4072
-9016
-17026
-12271
2371
8831
0
-10159
-7459
1631
0
-14105
-23732
-17610
-6232
-5893
-14410
-14540
0
14540
14410
5893
6232
17610
23732
14105
0
-1631
7459
10159
0
-8831
-2371
12271
17026
9016
4072
12522
23258
19795
4580
-4450
0
4450
-4580
-19795
-23258
-12522
-4072
-9016
-17026
-12271
2371
8831
0
-10159
-7459
1631
0
-14105
-23732
-17610
-6232
-5893
-14410
-14540
0
14540
14410
5893
6232
17610
23732
14105
0
-1631
7459
10159
0
-8831
-2371
12271
17026
9016
4072
12522
23258
19795
4580
-4450
0
4450
-4580
-19795
-23258
-12522
-4072
-9016
-17026
-12271
2371
8831
0
-10159
-7459
1631
0
-14105
-23732
-17610
-6232
-5893
-14410
-14540
0
14540
14410
5893
6232
17610
23732
14105
0
-1631
7459
10159
0
-8831
-2371
12271
17026
9016
4072
12522
23258
19795
4580
-4450
0
4450
-4580
-19795
-23258
-12522
-4072
-9016
-17026
-12271
2371
8831
0
-10159
-7459
1631
0
-14105
-23732
-17610
-6232
-5893
-14410
-14540
0
14540
14410
5893
6232
17610
23732
14105
0
-1631
7459
10159
0
-8831
-2371
12271
17026
9016
4072
12522
23258
19795
4580
-4450
0
4450
-4580
-19795
-23258
-12522
-4072
-9016
-17026
-12271
2371
8831
0
-10159
-7459
1631
0
-14105
-23732
-17610
-6232
-5893
-14410
-14540
0
14540
14410
5893
6232
17610
23732
14105
0
-1631
7459
10159
0
-8831
-2371
12271
17026
9016
4072
12522
23258
19795
4580
-4450
0
4450
-4580
-19795
-23258
-12522
-4072
-9016
-17026
-12271
2371
8831
0
-10159
-7459
1631
0
-14105
-23732
-17610
-6232
-5893
-14410
-14540
0
14540
14410
5893
6232
17610
23732
14105
0
-1631
7459
10159
0
-8831
-2371
12271
17026
9016
4072
12522
23258
19795
4580
-4450
0
4450
-4580
-19795
-23258
-12522
-4072
-9016
-17026
-12271
2371
8831
0
-10159
-7459
1631
0
-14105
-23732
-17610
-6232
-5893
-14410
-14540
0
14540
14410
5893
6232
17610
23732
14105
0
-1631
7459
10159
0
-8831
-2371
12271
17026
9016
4072
12522
23258
19795
4580
-4450
0
4450
-4580
-19795
-23258
-12522
-4072
-9016
-17026
-12271
2371
8831
0
-10159
-7459
1631
0
-14105
-23732
-17610
-6232
-5893
-14410
-14540
0
14540
14410
5893
6232
17610
23732
14105
0
-1631
7459
10159
0
-8831
-2371
12271
17026
9016
4072
12522
23258
19795
4580
-4450
0
4450
-4580
-19795
-23258
-12522
-4072
-9016
-17026
-12271
2371
8831
0
-10159
-7459
1631
0
-14105
-23732
-17610
-6232
-5893
-14410
-14540
0
14540
14410
5893
6232
17610
23732
14105
0
-1631
7459
10159
0
-8831
-2371
12271
17026
9016
4072
12522
23258
19795
4580
-4450
0
4450
-4580
-19795
-23258
-12522
-4072
-9016
-17026
-12271
2371
8831
0
-10159
-7459
1631
0
-14105
-23732
-17610
-6232
-5893
-14410
-14540
0
14540
14410
5893
6232
17610
23732
14105
0
-1631
7459
10159
0
-8831
-2371
12271
17026
9016
4072
12522
23258
19795
4580
-4450
0
4450
-4580
-19795
-23258
-12522
-4072
-9016
-17026
-12271
2371
8831
0
-10159
-7459
1631
0
-14105
-23732
-17610
-6232
-5893
-14410
-14540
0
14540
14410
5893
6232
17610
23732
14105
0
-1631
7459
10159
0
-8831
-2371
12271
17026
9016
4072
12522
23258
19795
4580
-4450
0
4450
-4580
-19795
-23258
-12522
-4072
-9016
-17026
-12271
2371
8831
0
-10159
-7459
1631
0
-14105
-23732
-17610
-6232
-5893
-14410
-14540
0
14540
14410
5893
6232
17610
23732
14105
0
-1631
7459
10159
0
-8831
-2371
12271
17026
9016
4072
12522
23258
19795
4580
-4450
0
4450
-4580
-19795
-23258
-12522
-4072
-9016
-17026
-12271
2371
8831
0
-10159
-7459
1631
0
-14105
-23732
-17610
-6232
-5893
-14410
-14540
0
14540
14410
5893
6232
17610
23732
14105
0
-1631
7459
10159
0
-8831
-2371
12271
17026
9016
4072
12522
23258
19795
4580
-4450
0
4450
-4580
-19795
-23258
-12522
-4072
-9016
-17026
-12271
2371
8831
0
-10159
-7459
1631
0
-14105
-23732
-17610
-6232
-5893
-14410
-14540
0
14540
14410
5893
6232
17610
23732
14105
0
-1631
7459
10159
0
-8831
-2371
12271
17026
9016
4072
12522
23258
19795
4580
-4450
0
4450
-4580
-19795
-23258
-12522
-4072
-9016
-17026
-12271
2371
8831
0
-10159
-7459
1631
0
-14105
-23732
-17610
-6232
-5893
-14410
-14540
0
14540
14410
5893
6232
17610
23732
14105
0
-1631
7459
10159
0
-8831
-2371
12271
17026
9016
4072
12522
23258
19795
4580
-4450
0
4450
-4580
-19795
-23258
-12522
-4072
-9016
-17026
-12271
2371
8831
0
-10159
-7459
1631
0
-14105
-23732
-17610
-6232
-5893
-14410
-14540
0
14540
14410
5893
6232
17610
23732
14105
0
-1631
7459
10159
0
-8831
-2371
12271
17026
9016
4072
12522
23258
19795
4580
-4450
0
4450
-4580
-19795
-23258
-12522
-4072
-9016
-17026
-12271
2371
8831
0
-10159
-7459
1631
0
-14105
-23732
-17610
-6232
-5893
-14410
-14540
0
14540
14410
5893
6232
17610
23732
14105
0
-1631
7459
10159
0
-8831
-2371
12271
17026
9016
4072
12522
23258
19795
4580
-4450
0
4450
-4580
-19795
-23258
-12522
-4072
-9016
-17026
-12271
2371
8831
0
-10159
-7459
1631
0
-14105
-23732
-17610
-6232
-5893
-14410
-14540
0
14540
14410
5893
6232
17610
23732
14105
0
-1631
7459
10159
0
-8831
-2371
12271
17026
9016
4072
12522
23258
19795
4580
-4450
0
4450
-4580
-19795
-23258
-12522
-4072
-9016
-17026
-12271
2371
8831
0
-10159
-7459
1631
0
-14105
-23732
-17610
-6232
-5893
-14410
-14540
0
14540
14410
5893
6232
17610
23732
14105
0
-1631
7459
10159
0
-8831
-2371
12271
17026
9016
4072
12522
23258
19795
4580
-4450
0
4450
-4580
-19795
-23258
-12522
-4072
-9016
-17026
-12271
2371
8831
0
-10159
-7459
1631
0
-14105
-23732
-17610
-6232
-5893
-14410
-14540
0
14540
14410
5893
6232
17610
23732
14105
0
-1631
7459
10159
0
-8831
-2371
12271
17026
9016
4072
12522
23258
19795
4580
-4450
0
4450
-4580
-19795
-23258
-12522
-4072
-9016
-17026
-12271
2371
8831
0
-10159
-7459
1631
0
-14105
-23732
-17610
-6232
-5893
-14410
-14540
0
14540
14410
5893
6232
17610
23732
14105
0
-1631
7459
10159
0
-8831
-2371
12271
17026
9016
4072
12522
23258
19795
4580
-4450
0
4450
-4580
-19795
-23258
-12522
-4072
-9016
-17026
-12271
2371
8831
0
-10159
-7459
1631
0
-14105
-23732
-17610
-6232
-5893
-14410
-14540
0
14540
14410
5893
6232
17610
23732
14105
0
-1631
7459
10159
0
-8831
-2371
12271
17026
9016
4072
12522
23258
19795
4580
-4450
0
4450
-4580
-19795
-23258
-12522
-4072
-9016
-17026
-12271
2371
8831
0
-10159
-7459
1631
0
-14105
-23732
-17610
-6232
-5893
-14410
-14540
0
14540
14410
5893
6232
17610
23732
14105
0
-1631
7459
10159
0
-8831
-2371
12271
17026
9016
4072
12522
23258
19795
4580
-4450
0
4450
-4580
-19795
-23258
-12522
-4072
-9016
-17026
-12271
2371
8831
0
-10159
-7459
1631
0
-14105
-23732
-17610
-6232
-5893
-14410
-14540
0
14540
14410
5893
6232
17610
23732
14105
0
-1631
7459
10159
0
-8831
-2371
12271
17026
9016
4072
12522
23258
19795
4580
-4450
0
4450
-4580
-19795
-23258
-12522
-4072
-9016
-17026
-12271
2371
8831
0
-10159
-7459
1631
0
-14105
-23732
-17610
-6232
-5893
-14410
-14540
0
14540
14410
5893
6232
17610
23732
14105
0
-1631
7459
10159
0
-8831
-2371
12271
17026
9016
4072
12522
23258
19795
4580
-4450
0
4450
-4580
-19795
-23258
-12522
-4072
-9016
-17026
-12271
2371
8831
0
-10159
-7459
1631
0
-14105
-23732
-17610
-6232
-5893
-14410
-14540
0
14540
14410
5893
6232
17610
23732
14105
0
-1631
7459
10159
0
-8831
-2371
12271
17026
9016
4072
12522
23258
19795
4580
-4450
0
4450
-4580
-19795
-23258
-12522
-4072
-9016
-17026
-12271
2371
8831
0
-10159
-7459
1631
0
-14105
-23732
-17610
-6232
-5893
-14410
-14540
0
14540
14410
5893
6232
17610
23732
14105
0
-1631
7459
10159
0
-8831
-2371
12271
17026
9016
4072
12522
23258
19795
4580
-4450
0
4450
-4580
-19795
-23258
-12522
-4072
-9016
-17026
-12271
2371
8831
0
-10159
-7459
1631
0
-14105
-23732
-17610
-6232
-5893
-14410
-14540
0
14540
14410
5893
6232
17610
23732
14105
0
-1631
7459
10159
0
-8831
-2371
12271
17026
9016
4072
12522
23258
19795
4580
-4450
0
4450
-4580
-19795
-23258
-12522
-4072
-9016
-17026
-12271
2371
8831
0
-10159
-7459
1631
0
-14105
-23732
-17610
-6232
-5893
-14410
-14540
0
14540
14410
5893
6232
17610
23732
14105
0
-1631
7459
10159
0
-8831
-2371
12271
17026
9016
4072
12522
23258
19795
4580
-4450
0
4450
-4580
-19795
-23258
-12522
-4072
-9016
-17026
-12271
2371
8831
0
-10159
-7459
1631
0
-14105
-23732
-17610
-6232
-5893
-14410
-14540
0
14540
14410
5893
6232
17610
23732
14105
0
-1631
7459
10159
0
-8831
-2371
12271
17026
9016
4072
12522
23258
19795
4580
-4450
0
4450
-4580
-19795
-23258
-12522
-4072
-9016
-17026
-12271
2371
8831
0
-10159
-7459
1631
0
-14105
-23732
-17610
-6232
-5893
-14410
-14540
0
14540
14410
5893
6232
17610
23732
14105
0
-1631
7459
10159
0
-8831
-2371
12271
17026
9016
4072
12522
23258
19795
4580
-4450
0
4450
-4580
-19795
-23258
-12522
-4072
-9016
-17026
-12271
2371
8831
0
-10159
-7459
1631
0
-14105
-23732
-17610
-6232
-5893
-14410
-14540
0
14540
14410
5893
6232
17610
23732
14105
0
-1631
7459
10159
0
-8831
-2371
12271
17026
9016
4072
12522
23258
19795
4580
-4450
0
4450
-4580
-19795
-23258
-12522
-4072
-9016
-17026
-12271
2371
8831
0
-10159
-7459
1631
0
-14105
-23732
-17610
-6232
-5893
-14410
-14540
0
14540
14410
5893
6232
17610
23732
14105
0
-1631
7459
10159
0
-8831
-2371
12271
17026
9016
4072
12522
23258
19795
4580
-4450
0
4450
-4580
-19795
-23258
-12522
-4072
-9016
-17026
-12271
2371
8831
0
-10159
-7459
1631
0
-14105
-23732
-17610
-6232
-5893
-14410
-14540
0
14540
14410
5893
6232
17610
23732
14105
0
-1631
7459
10159
0
-8831
-2371
12271
17026
9016
4072
12522
23258
19795
4580
-4450
0
4450
-4580
-19795
-23258
-12522
-4072
-9016
-17026
-12271
2371
8831
0
-10159
-7459
1631
0
-14105
-23732
-17610
-6232
-5893
-14410
-14540
0
14540
14410
5893
6232
17610
23732
14105
0
-1631
7459
10159
0
-8831
-2371
12271
17026
9016
4072
12522
23258
19795
4580
-4450
0
4450
-4580
-19795
-23258
-12522
-4072
-9016
-17026
-12271
2371
8831
0
-10159
-7459
1631
0
-14105
-23732
-17610
-6232
-5893
-14410
-14540
0
14540
14410
5893
6232
17610
23732
14105
0
-1631
7459
10159
0
-8831
-2371
12271
17026
9016
4072
12522
23258
19795
4580
-4450
0
4450
-4580
-19795
-23258
-12522
-4072
-9016
-17026
-12271
2371
8831
0
-10159
-7459
1631
0
-14105
-23732
-17610
-6232
-5893
-14410
-14540
0
14540
14410
5893
6232
17610
23732
14105
0
-1631
7459
10159
0
-8831
-2371
12271
17026
9016
4072
12522
23258
19795
4580
-4450
0
4450
-4580
-19795
-23258
-12522
-4072
-9016
-17026
-12271
2371
8831
0
-10159
-7459
1631
0
-14105
-23732
-17610
-6232
-5893
-14410
-14540
0
14540
14410
5893
6232
17610
23732
14105
0
-1631
7459
10159
0
-8831
-2371
12271
17026
9016
4072
12522
23258
19795
4580
-4450
0
4450
-4580
-19795
-23258
-12522
-4072
-9016
-17026
-12271
2371
8831
0
-10159
-7459
1631
0
-14105
-23732
-17610
-6232
-5893
-14410
-14540
0
14540
14410
5893
6232
17610
23732
14105
0
-1631
7459
10159
0
-8831
-2371
12271
17026
9016
4072
12522
23258
19795
4580
-4450
0
4450
-4580
-19795
-23258
-12522
-4072
-9016
-17026
-12271
2371
8831
0
-10159
-7459
1631
0
-14105
-23732
-17610
-6232
-5893
-14410
-14540
0
14540
14410
5893
6232
17610
23732
14105
0
-1631
7459
10159
0
-8831
-2371
12271
17026
9016
4072
12522
23258
19795
4580
-4450
0
4450
-4580
-19795
-23258
-12522
-4072
-9016
-17026
-12271
2371
8831
0
-10159
-7459
1631
0
-14105
-23732
-17610
-6232
-5893
-14410
-14540
0
14540
14410
5893
6232
17610
23732
14105
0
-1631
7459
10159
0
-8831
-2371
12271
17026
9016
4072
12522
23258
19795
4580
-4450
0
4450
-4580
-19795
-23258
-12522
-4072
-9016
-17026
-12271
2371
8831
0
-10159
-7459
1631
0
-14105
-23732
-17610
-6232
-5893
-14410
-14540
0
14540
14410
5893
6232
17610
23732
14105
0
-1631
7459
10159
0
-8831
-2371
12271
17026
9016
4072
12522
23258
19795
4580
-4450
0
4450
-4580
-19795
-23258
-12522
-4072
-9016
-17026
-12271
2371
8831
0
-10159
-7459
1631
0
-14105
-23732
-17610
-6232
-5893
-14410
-14540
0
14540
14410
5893
6232
17610
23732
14105
0
-1631
7459
10159
0
-8831
-2371
12271
17026
9016
4072
12522
23258
19795
4580
-4450
0
4450
-4580
-19795
-23258
-12522
-4072
-9016
-17026
-12271
2371
8831
0
-10159
-7459
1631
0
-14105
-23732
-17610
-6232
-5893
-14410
-14540
0
14540
14410
5893
6232
17610
23732
14105
0
-1631
7459
10159
0
-8831
-2371
12271
17026
9016
4072
12522
23258
19795
4580
-4450
0
4450
-4580
-19795
-23258
-12522
-4072
-9016
-17026
-12271
2371
8831
0
-10159
-7459
1631
0
-14105
-23732
-17610
-6232
-5893
-14410
-14540
0
14540
14410
5893
6232
17610
23732
14105
0
-1631
7459
10159
0
-8831
-2371
12271
17026
9016
4072
12522
23258
19795
4580
-4450
0
4450
-4580
-19795
-23258
-12522
-4072
-9016
-17026
-12271
2371
8831
0
-10159
-7459
1631
0
-14105
-23732
-17610
-6232
-5893
-14410
-14540
0
14540
14410
5893
6232
17610
23732
14105
0
-1631
7459
10159
0
-8831
-2371
12271
17026
9016
4072
12522
23258
19795
4580
-4450
0
4450
-4580
-19795
-23258
-12522
-4072
-9016
-17026
-12271
2371
8831
0
-10159
-7459
1631
0
-14105
-23732
-17610
-6232
-5893
-14410
-14540
0
14540
14410
5893
6232
17610
23732
14105
0
-1631
7459
10159
0
-8831
-2371
12271
17026
9016
4072
12522
23258
19795
4580
-4450
0
4450
-4580
-19795
-23258
-12522
-4072
-9016
-17026
-12271
2371
8831
0
-10159
-7459
1631
0
-14105
-23732
-17610
-6232
-5893
-14410
-14540
0
14540
14410
5893
6232
17610
23732
14105
0
-1631
7459
10159
0
-8831
-2371
12271
17026
9016
4072
12522
23258
19795
4580
-4450
0
4450
-4580
-19795
-23258
-12522
-4072
-9016
-17026
-12271
2371
8831
0
-10159
-7459
1631
0
-14105
-23732
-17610
-6232
-5893
-14410
-14540
0
14540
14410
5893
6232
17610
23732
14105
0
-1631
7459
10159
0
-8831
-2371
12271
17026
9016
4072
12522
23258
19795
4580
-4450
0
4450
-4580
-19795
-23258
-12522
-4072
-9016
-17026
-12271
2371
8831
0
-10159
-7459
1631
0
-14105
-23732
-17610
-6232
-5893
-14410
-14540
0
14540
14410
5893
6232
17610
23732
14105
0
-1631
7459
10159
0
-8831
-2371
12271
17026
9016
4072
12522
23258
19795
4580
-4450
0
4450
-4580
-19795
-23258
-12522
-4072
-9016
-17026
-12271
2371
8831
0
-10159
-7459
1631
0
-14105
-23732
-17610
-6232
-5893
-14410
-14540
0
14540
14410
5893
6232
17610
23732
14105
0
-1631
7459
10159
0
-8831
-2371
12271
17026
9016
4072
12522
23258
19795
4580
-4450
0
4450
-4580
-19795
-23258
-12522
-4072
-9016
-17026
-12271
2371
8831
0
-10159
-7459
1631
0
-14105
-23732
-17610
-6232
-5893
-14410
-14540
0
14540
14410
5893
6232
17610
23732
14105
0
-1631
7459
10159
0
-8831
-2371
12271
17026
9016
4072
12522
23258
19795
4580
-4450
0
4450
-4580
-19795
-23258
-12522
-4072
-9016
-17026
-12271
2371
8831
0
-10159
-7459
1631
0
-14105
-23732
-17610
-6232
-5893
-14410
-14540
0
14540
14410
5893
6232
17610
23732
14105
0
-1631
7459
10159
0
-8831
-2371
12271
17026
9016
4072
12522
23258
19795
4580
-4450
0
4450
-4580
-19795
-23258
-12522
-4072
-9016
-17026
-12271
2371
8831
0
-10159
-7459
1631
0
-14105
-23732
-17610
-6232
-5893
-14410
-14540
0
14540
14410
5893
6232
17610
23732
14105
0
-1631
7459
10159
0
-8831
-2371
12271
17026
9016
4072
12522
23258
19795
4580
-4450
0
4450
-4580
-19795
-23258
-12522
-4072
-9016
-17026
-12271
2371
8831
0
-10159
-7459
1631
0
-14105
-23732
-17610
-6232
-5893
-14410
-14540
0
14540
14410
5893
6232
17610
23732
14105
0
-1631
7459
10159
0
-8831
-2371
12271
17026
9016
4072
12522
23258
19795
4580
-4450
0
4450
-4580
-19795
-23258
-12522
-4072
-9016
-17026
-12271
2371
8831
0
-10159
-7459
1631
0
-14105
-23732
-17610
-6232
-5893
-14410
-14540
0
14540
14410
5893
6232
17610
23732
14105
0
-1631
7459
10159
0
-8831
-2371
12271
17026
9016
4072
12522
23258
19795
4580
-4450
0
4450
-4580
-19795
-23258
-12522
-4072
-9016
-17026
-12271
2371
8831
0
-10159
-7459
1631
0
-14105
-23732
-17610
-6232
-5893
-14410
-14540
0
14540
14410
5893
6232
17610
23732
14105
0
-1631
7459
10159
0
-8831
-2371
12271
17026
9016
4072
12522
23258
19795
4580
-4450
0
4450
-4580
-19795
-23258
-12522
-4072
-9016
-17026
-12271
2371
8831
0
-10159
-7459
1631
0
-14105
-23732
-17610
-6232
-5893
-14410
-14540
0
14540
14410
5893
6232
17610
23732
14105
0
-1631
7459
10159
0
-8831
-2371
12271
17026
9016
4072
12522
23258
19795
4580
-4450
0
4450
-4580
-19795
-23258
-12522
-4072
-9016
-17026
-12271
2371
8831
0
-10159
-7459
1631
0
-14105
-23732
-17610
-6232
-5893
-14410
-14540
0
14540
14410
5893
6232
17610
23732
14105
0
-1631
7459
10159
0
-8831
-2371
12271
17026
9016
4072
12522
23258
19795
4580
-4450
0
4450
-4580
-19795
-23258
-12522
-4072
-9016
-17026
-12271
2371
8831
0
-10159
-7459
1631
0
-14105
-23732
-17610
-6232
-5893
-14410
-14540
0
14540
14410
5893
6232
17610
23732
14105
0
-1631
7459
10159
0
-8831
-2371
12271
17026
9016
4072
12522
23258
19795
4580
-4450
0
4450
-4580
-19795
-23258
-12522
-4072
-9016
-17026
-12271
2371
8831
0
-10159
-7459
1631
0
-14105
-23732
-17610
-6232
-5893
-14410
-14540
0
14540
14410
5893
6232
17610
23732
14105
0
-1631
7459
10159
0
-8831
-2371
12271
17026
9016
4072
12522
23258
19795
4580
-4450
0
4450
-4580
-19795
-23258
-12522
-4072
-9016
-17026
-12271
2371
8831
0
-10159
-7459
1631
0
-14105
-23732
-17610
-6232
-5893
-14410
-14540
0
14540
14410
5893
6232
17610
23732
14105
0
-1631
7459
10159
0
-8831
-2371
12271
17026
9016
4072
12522
23258
19795
4580
-4450
0
4450
-4580
-19795
-23258
-12522
-4072
-9016
-17026
-12271
2371
8831
0
-10159
-7459
1631
0
-14105
-23732
-17610
-6232
-5893
-14410
-14540
0
14540
14410
5893
6232
17610
23732
14105
0
-1631
7459
10159
0
-8831
-2371
12271
17026
9016
4072
12522
23258
19795
4580
-4450
0
4450
-4580
-19795
-23258
-12522
-4072
-9016
-17026
-12271
2371
8831
0
-10159
-7459
1631
0
-14105
-23732
-17610
-6232
-5893
-14410
-14540
0
14540
14410
5893
6232
17610
23732
14105
0
-1631
7459
10159
0
-8831
-2371
12271
17026
9016
4072
12522
23258
19795
4580
-4450
0
4450
-4580
-19795
-23258
-12522
-4072
-9016
-17026
-12271
2371
8831
0
-10159
-7459
1631
0
-14105
-23732
-17610
-6232
-5893
-14410
-14540
0
14540
14410
5893
6232
17610
23732
14105
0
-1631
7459
10159
0
-8831
-2371
12271
17026
9016
4072
12522
23258
19795
4580
-4450
0
4450
-4580
-19795
-23258
-12522
-4072
-9016
-17026
-12271
2371
8831
0
-10159
-7459
1631
0
-14105
-23732
-17610
-6232
-5893
-14410
-14540
0
14540
14410
5893
6232
17610
23732
14105
0
-1631
7459
10159
0
-8831
-2371
12271
17026
9016
4072
12522
23258
19795
4580
-4450
0
4450
-4580
-19795
-23258
-12522
-4072
-9016
-17026
-12271
2371
8831
0
-10159
-7459
1631
0
-14105
-23732
-17610
-6232
-5893
-14410
-14540
0
14540
14410
5893
6232
17610
23732
14105
0
-1631
7459
10159
0
-8831
-2371
12271
17026
9016
4072
12522
23258
19795
4580
-4450
0
4450
-4580
-19795
-23258
-12522
-4072
-9016
-17026
-12271
2371
8831
0
-10159
-7459
1631
0
-14105
-23732
-17610
-6232
-5893
-14410
-14540
0
14540
14410
5893
6232
17610
23732
14105
0
-1631
7459
10159
0
-8831
-2371
12271
17026
9016
4072
12522
23258
19795
4580
-4450
0
4450
-4580
-19795
-23258
-12522
-4072
-9016
-17026
-12271
2371
8831
0
-10159
-7459
1631
0
-14105
-23732
-17610
-6232
-5893
-14410
-14540
0
14540
14410
5893
6232
17610
23732
14105
0
-1631
7459
10159
0
-8831
-2371
12271
17026
9016
4072
12522
23258
19795
4580
-4450
0
4450
-4580
-19795
-23258
-12522
-4072
-9016
-17026
-12271
2371
8831
0
-10159
-7459
1631
0
-14105
-23732
-17610
-6232
-5893
-14410
-14540
0
14540
14410
5893
6232
17610
23732
14105
0
-1631
7459
10159
0
-8831
-2371
12271
17026
9016
4072
12522
23258
19795
4580
-4450
0
4450
-4580
-19795
-23258
-12522
-4072
-9016
-17026
-12271
2371
8831
0
-10159
-7459
1631
0
-14105
-23732
-17610
-6232
-5893
-14410
-14540
0
14540
14410
5893
6232
17610
23732
14105
0
-1631
7459
10159
0
-8831
-2371
12271
17026
9016
4072
12522
23258
19795
4580
-4450
0
4450
-4580
-19795
-23258
-12522
-4072
-9016
-17026
-12271
2371
8831
0
-10159
-7459
1631
0
-14105
-23732
-17610
-6232
-5893
-14410
-14540
0
14540
14410
5893
6232
17610
23732
14105
0
-1631
7459
10159
0
-8831
-2371
12271
17026
9016
4072
12522
23258
19795
4580
-4450
0
4450
-4580
-19795
-23258
-12522
-4072
-9016
-17026
-12271
2371
8831
0
-10159
-7459
1631
0
-14105
-23732
-17610
-6232
-5893
-14410
-14540
0
14540
14410
5893
6232
17610
23732
14105
0
-1631
7459
10159
0
-8831
-2371
12271
17026
9016
4072
12522
23258
19795
4580
-4450
0
4450
-4580
-19795
-23258
-12522
-4072
-9016
-17026
-12271
2371
8831
0
-10159
-7459
1631
0
-14105
-23732
-17610
-6232
-5893
-14410
-14540
0
14540
14410
5893
6232
17610
23732
14105
0
-1631
7459
10159
0
-8831
-2371
12271
17026
9016
4072
12522
23258
19795
4580
-4450
0
4450
-4580
-19795
-23258
-12522
-4072
-9016
-17026
-12271
2371
8831
0
-10159
-7459
1631
0
-14105
-23732
-17610
-6232
-5893
-14410
-14540
0
14540
14410
5893
6232
17610
23732
14105
0
-1631
7459
10159
0
-8831
-2371
12271
17026
9016
4072
12522
23258
19795
4580
-4450
0
4450
-4580
-19795
-23258
-12522
-4072
-9016
-17026
-12271
2371
8831
0
-10159
-7459
1631
0
-14105
-23732
-17610
-6232
-5893
-14410
-14540
0
14540
14410
5893
6232
17610
23732
14105
0
-1631
7459
10159
0
-8831
-2371
12271
17026
9016
4072
12522
23258
19795
4580
-4450
0
4450
-4580
-19795
-23258
-12522
-4072
-9016
-17026
-12271
2371
8831
0
-10159
-7459
1631
0
-14105
-23732
-17610
-6232
-5893
-14410
-14540
0
14540
14410
5893
6232
17610
23732
14105
0
-1631
7459
10159
0
-8831
-2371
12271
17026
9016
4072
12522
23258
19795
4580
-4450
0
4450
-4580
-19795
-23258
-12522
-4072
-9016
-17026
-12271
2371
8831
0
-10159
-7459
1631
0
-14105
-23732
-17610
-6232
-5893
-14410
-14540
0
14540
14410
5893
6232
17610
23732
14105
0
-1631
7459
10159
0
-8831
-2371
12271
17026
9016
4072
12522
23258
19795
4580
-4450
0
4450
-4580
-19795
-23258
-12522
-4072
-9016
-17026
-12271
2371
8831
0
-10159
-7459
1631
0
-14105
-23732
-17610
-6232
-5893
-14410
-14540
0
14540
14410
5893
6232
17610
23732
14105
0
-1631
7459
10159
0
-8831
-2371
12271
17026
9016
4072
12522
23258
19795
4580
-4450
0
4450
-4580
-19795
-23258
-12522
-4072
-9016
-17026
-12271
2371
8831
0
-10159
-7459
1631
0
-14105
-23732
-17610
-6232
-5893
-14410
-14540
0
14540
14410
5893
6232
17610
23732
14105
0
-1631
7459
10159
0
-8831
-2371
12271
17026
9016
4072
12522
23258
19795
4580
-4450
0
4450
-4580
-19795
-23258
-12522
-4072
-9016
-17026
-12271
2371
8831
0
-10159
-7459
1631
0
-14105
-23732
-17610
-6232
-5893
-14410
-14540
0
14540
14410
5893
6232
17610
23732
14105
0
-1631
7459
10159
0
-8831
-2371
12271
17026
9016
4072
12522
23258
19795
4580
-4450
0
4450
-4580
-19795
-23258
-12522
-4072
-9016
-17026
-12271
2371
8831
0
-10159
-7459
1631
0
-14105
-23732
-17610
-6232
-5893
-14410
-14540
0
14540
14410
5893
6232
17610
23732
14105
0
-1631
7459
10159
0
-8831
-2371
12271
17026
9016
4072
12522
23258
19795
4580
-4450
0
4450
-4580
-19795
-23258
-12522
-4072
-9016
-17026
-12271
2371
8831
0
-10159
-7459
1631
0
-14105
-23732
-17610
-6232
-5893
-14410
-14540
0
14540
14410
5893
6232
17610
23732
14105
0
-1631
7459
10159
0
-8831
-2371
12271
17026
9016
4072
12522
23258
19795
4580
-4450
0
4450
-4580
-19795
-23258
-12522
-4072
-9016
-17026
-12271
2371
8831
0
-10159
-7459
1631
0
-14105
-23732
-17610
-6232
-5893
-14410
-14540
0
14540
14410
5893
6232
17610
23732
14105
0
-1631
7459
10159
0
-8831
-2371
12271
17026
9016
4072
12522
23258
19795
4580
-4450
0
4450
-4580
-19795
-23258
-12522
-4072
-9016
-17026
-12271
2371
8831
0
-10159
-7459
1631
0
-14105
-23732
-17610
-6232
-5893
-14410
-14540
0
14540
14410
5893
6232
17610
23732
14105
0
-1631
7459
10159
0
-8831
-2371
12271
17026
9016
4072
12522
23258
19795
4580
-4450
0
4450
-4580
-19795
-23258
-12522
-4072
-9016
-17026
-12271
2371
8831
0
-10159
-7459
1631
0
-14105
-23732
-17610
-6232
-5893
-14410
-14540
0
14540
14410
5893
6232
17610
23732
14105
0
-1631
7459
10159
0
-8831
-2371
12271
17026
9016
4072
12522
23258
19795
4580
-4450
0
4450
-4580
-19795
-23258
-12522
-4072
-9016
-17026
-12271
2371
8831
0
-10159
-7459
1631
0
-14105
-23732
-17610
-6232
-5893
-14410
-14540
0
14540
14410
5893
6232
17610
23732
14105
0
-1631
7459
10159
0
-8831
-2371
12271
17026
9016
4072
12522
23258
19795
4580
-4450
0
4450
-4580
-19795
-23258
-12522
-4072
-9016
-17026
-12271
2371
8831
0
-10159
-7459
1631
0
-14105
-23732
-17610
-6232
-5893
-14410
-14540
0
14540
14410
5893
6232
17610
23732
14105
0
-1631
7459
10159
0
-8831
-2371
12271
17026
9016
4072
12522
23258
19795
4580
-4450
0
4450
-4580
-19795
-23258
-12522
-4072
-9016
-17026
-12271
2371
8831
0
-10159
-7459
1631
0
-14105
-23732
-17610
-6232
-5893
-14410
-14540
0
14540
14410
5893
6232
17610
23732
14105
0
-1631
7459
10159
0
-8831
-2371
12271
17026
9016
4072
12522
23258
19795
4580
-4450
0
4450
-4580
-19795
-23258
-12522
-4072
-9016
-17026
-12271
2371
8831
0
-10159
-7459
1631
0
-14105
-23732
-17610
-6232
-5893
-14410
-14540
0
14540
14410
5893
6232
17610
23732
14105
0
-1631
7459
10159
0
-8831
-2371
12271
17026
9016
4072
12522
23258
19795
4580
-4450
0
4450
-4580
-19795
-23258
-12522
-4072
-9016
-17026
-12271
2371
8831
0
-10159
-7459
1631
0
-14105
-23732
-17610
-6232
-5893
-14410
-14540
0
14540
14410
5893
6232
17610
23732
14105
0
-1631
7459
10159
0
-8831
-2371
12271
17026
9016
4072
12522
23258
19795
4580
-4450
0
4450
-4580
-19795
-23258
-12522
-4072
-9016
-17026
-12271
2371
8831
0
-10159
-7459
1631
0
-14105
-23732
-17610
-6232
-5893
-14410
-14540
0
14540
14410
5893
6232
17610
23732
14105
0
-1631
7459
10159
0
-8831
-2371
12271
17026
9016
4072
12522
23258
19795
4580
-4450
0
4450
-4580
-19795
-23258
-12522
-4072
-9016
-17026
-12271
2371
8831
0
-10159
-7459
1631
0
-14105
-23732
-17610
-6232
-5893
-14410
-14540
0
14540
14410
5893
6232
17610
23732
14105
0
-1631
7459
10159
0
-8831
-2371
12271
17026
9016
4072
12522
23258
19795
4580
-4450
0
4450
-4580
-19795
-23258
-12522
-4072
-9016
-17026
-12271
2371
8831
0
-10159
-7459
1631
0
-14105
-23732
-17610
-6232
-5893
-14410
-14540
0
14540
14410
5893
6232
17610
23732
14105
0
-1631
7459
10159
0
-8831
-2371
12271
17026
9016
4072
12522
23258
19795
4580
-4450
0
4450
-4580
-19795
-23258
-12522
-4072
-9016
-17026
-12271
2371
8831
0
-10159
-7459
1631
0
-14105
-23732
-17610
-6232
-5893
-14410
-14540
0
14540
14410
5893
6232
17610
23732
14105
0
-1631
7459
10159
0
-8831
-2371
12271
17026
9016
4072
12522
23258
19795
4580
-4450
0
4450
-4580
-19795
-23258
-12522
-4072
-9016
-17026
-12271
2371
8831
0
-10159
-7459
1631
0
-14105
-23732
-17610
-6232
-5893
-14410
-14540
0
14540
14410
5893
6232
17610
23732
14105
0
-1631
7459
10159
0
-8831
-2371
12271
17026
9016
4072
12522
23258
19795
4580
-4450
0
4450
-4580
-19795
-23258
-12522
-4072
-9016
-17026
-12271
2371
8831
0
-10159
-7459
1631
0
-14105
-23732
-17610
-6232
-5893
-14410
-14540
0
14540
14410
5893
6232
17610
23732
14105
0
-1631
7459
10159
0
-8831
-2371
12271
17026
9016
4072
12522
23258
19795
4580
-4450
0
4450
-4580
-19795
-23258
-12522
-4072
-9016
-17026
-12271
2371
8831
0
-10159
-7459
1631
0
-14105
-23732
-17610
-6232
-5893
-14410
-14540
0
14540
14410
5893
6232
17610
23732
14105
0
-1631
7459
10159
0
-8831
-2371
12271
17026
9016
4072
12522
23258
19795
4580
-4450
0
4450
-4580
-19795
-23258
-12522
-4072
-9016
-17026
-12271
2371
8831
0
-10159
-7459
1631
0
-14105
-23732
-17610
-6232
-5893
-14410
-14540
0
14540
14410
5893
6232
17610
23732
14105
0
-1631
7459
10159
0
-8831
-2371
12271
17026
9016
4072
12522
23258
19795
4580
-4450
0
4450
-4580
-19795
-23258
-12522
-4072
-9016
-17026
-12271
2371
8831
0
-10159
-7459
1631
0
-14105
-23732
-17610
-6232
-5893
-14410
-14540
0
14540
14410
5893
6232
17610
23732
14105
0
-1631
7459
10159
0
-8831
-2371
12271
17026
9016
4072
12522
23258
19795
4580
-4450
0
4450
-4580
-19795
-23258
-12522
-4072
-9016
-17026
-12271
2371
8831
0
-10159
-7459
1631
0
-14105
-23732
-17610
-6232
-5893
-14410
-14540
0
14540
14410
5893
6232
17610
23732
14105
0
-1631
7459
10159
0
-8831
-2371
12271
17026
9016
4072
12522
23258
19795
4580
-4450
0
4450
-4580
-19795
-23258
-12522
-4072
-9016
-17026
-12271
2371
8831
0
-10159
-7459
1631
0
-14105
-23732
-17610
-6232
-5893
-14410
-14540
0
14540
14410
5893
6232
17610
23732
14105
0
-1631
7459
10159
0
-8831
-2371
12271
17026
9016
4072
12522
23258
19795
4580
-4450
0
4450
-4580
-19795
-23258
-12522
-4072
-9016
-17026
-12271
2371
8831
0
-10159
-7459
1631
0
-14105
-23732
-17610
-6232
-5893
-14410
-14540
0
14540
14410
5893
6232
17610
23732
14105
0
-1631
7459
10159
0
-8831
-2371
12271
17026
9016
4072
12522
23258
19795
4580
-4450
0
4450
-4580
-19795
-23258
-12522
-4072
-9016
-17026
-12271
2371
8831
0
-10159
-7459
1631
0
-14105
-23732
-17610
-6232
-5893
-14410
-14540
0
14540
14410
5893
6232
17610
23732
14105
0
-1631
7459
10159
0
-8831
-2371
12271
17026
9016
4072
12522
23258
19795
4580
-4450
0
4450
-4580
-19795
-23258
-12522
-4072
-9016
-17026
-12271
2371
8831
0
-10159
-7459
1631
0
-14105
-23732
-17610
-6232
-5893
-14410
-14540
0
14540
14410
5893
6232
17610
23732
14105
0
-1631
7459
10159
0
-8831
-2371
12271
17026
9016
4072
12522
23258
19795
4580
-4450
0
4450
-4580
-19795
-23258
-12522
-4072
-9016
-17026
-12271
2371
8831
0
-10159
-7459
1631
0
-14105
-23732
-17610
-6232
-5893
-14410
-14540
0
14540
14410
5893
6232
17610
23732
14105
0
-1631
7459
10159
0
-8831
-2371
12271
17026
9016
4072
12522
23258
19795
4580
-4450
0
4450
-4580
-19795
-23258
-12522
-4072
-9016
-17026
-12271
2371
8831
0
-10159
-7459
1631
0
-14105
-23732
-17610
-6232
-5893
-14410
-14540
0
14540
14410
5893
6232
17610
23732
14105
0
-1631
7459
10159
0
-8831
-2371
12271
17026
9016
4072
12522
23258
19795
4580
-4450
0
4450
-4580
-19795
-23258
-12522
-4072
-9016
-17026
-12271
2371
8831
0
-10159
-7459
1631
0
-14105
-23732
-17610
-6232
-5893
-14410
-14540
0
14540
14410
5893
6232
17610
23732
14105
0
-1631
7459
10159
0
-8831
-2371
12271
17026
9016
4072
12522
23258
19795
4580
-4450
0
4450
-4580
-19795
-23258
-12522
-4072
-9016
-17026
-12271
2371
8831
0
-10159
-7459
1631
0
-14105
-23732
-17610
-6232
-5893
-14410
-14540
0
14540
14410
5893
6232
17610
23732
14105
0
-1631
7459
10159
0
-8831
-2371
12271
17026
9016
4072
12522
23258
19795
4580
-4450
0
4450
-4580
-19795
-23258
-12522
-4072
-9016
-17026
-12271
2371
8831
0
-10159
-7459
1631
0
-14105
-23732
-17610
-6232
-5893
-14410
-14540
0
14540
14410
5893
6232
17610
23732
14105
0
-1631
7459
10159
0
-8831
-2371
12271
17026
9016
4072
12522
23258
19795
4580
-4450
0
4450
-4580
-19795
-23258
-12522
-4072
-9016
-17026
-12271
2371
8831
0
-10159
-7459
1631
0
-14105
-23732
-17610
-6232
-5893
-14410
-14540
0
14540
14410
5893
6232
17610
23732
14105
0
-1631
7459
10159
0
-8831
-2371
12271
17026
9016
4072
12522
23258
19795
4580
-4450
0
4450
-4580
-19795
-23258
-12522
-4072
-9016
-17026
-12271
2371
8831
0
-10159
-7459
1631
0
-14105
-23732
-17610
-6232
-5893
-14410
-14540
0
14540
14410
5893
6232
17610
23732
14105
0
-1631
7459
10159
0
-8831
-2371
12271
17026
9016
4072
12522
23258
19795
4580
-4450
0
4450
-4580
-19795
-23258
-12522
-4072
-9016
-17026
-12271
2371
8831
0
-10159
-7459
1631
0
-14105
-23732
-17610
-6232
-5893
-14410
-14540
0
14540
14410
5893
6232
17610
23732
14105
0
-1631
7459
10159
0
-8831
-2371
12271
17026
9016
4072
12522
23258
19795
4580
-4450
0
4450
-4580
-19795
-23258
-12522
-4072
-9016
-17026
-12271
2371
8831
0
-10159
-7459
1631
0
-14105
-23732
-17610
-6232
-5893
-14410
-14540
0
14540
14410
5893
6232
17610
23732
14105
0
-1631
7459
10159
0
-8831
-2371
12271
17026
9016
4072
12522
23258
19795
4580
-4450
0
4450
-4580
-19795
-23258
-12522
-4072
-9016
-17026
-12271
2371
8831
0
-10159
-7459
1631
0
-14105
-23732
-17610
-6232
-5893
-14410
-14540
0
14540
14410
5893
6232
17610
23732
14105
0
-1631
7459
10159
0
-8831
-2371
12271
17026
9016
4072
12522
23258
19795
4580
-4450
0
4450
-4580
-19795
-23258
-12522
-4072
-9016
-17026
-12271
2371
8831
0
-10159
-7459
1631
0
-14105
-23732
-17610
-6232
-5893
-14410
-14540
0
14540
14410
5893
6232
17610
23732
14105
0
-1631
7459
10159
0
-8831
-2371
12271
17026
9016
4072
12522
23258
19795
4580
-4450
0
4450
-4580
-19795
-23258
-12522
-4072
-9016
-17026
-12271
2371
8831
0
-10159
-7459
1631
0
-14105
-23732
-17610
-6232
-5893
-14410
-14540
0
14540
14410
5893
6232
17610
23732
14105
0
-1631
7459
10159
0
-8831
-2371
12271
17026
9016
4072
12522
23258
19795
4580
-4450
0
4450
-4580
-19795
-23258
-12522
-4072
-9016
-17026
-12271
2371
8831
0
-10159
-7459
1631
0
-14105
-23732
-17610
-6232
-5893
-14410
-14540
0
14540
14410
5893
6232
17610
23732
14105
0
-1631
7459
10159
0
-8831
-2371
12271
17026
9016
4072
12522
23258
19795
4580
-4450
0
4450
-4580
-19795
-23258
-12522
-4072
-9016
-17026
-12271
2371
8831
0
-10159
-7459
1631
0
-14105
-23732
-17610
-6232
-5893
-14410
-14540
0
14540
14410
5893
6232
17610
23732
14105
0
-1631
7459
10159
0
-8831
-2371
12271
17026
9016
4072
12522
23258
19795
4580
-4450
0
4450
-4580
-19795
-23258
-12522
-4072
-9016
-17026
-12271
2371
8831
0
-10159
-7459
1631
0
-14105
-23732
-17610
-6232
-5893
-14410
-14540
0
14540
14410
5893
6232
17610
23732
14105
0
-1631
7459
10159
0
-8831
-2371
12271
17026
9016
4072
12522
23258
19795
4580
-4450
0
4450
-4580
-19795
-23258
-12522
-4072
-9016
-17026
-12271
2371
8831
0
-10159
-7459
1631
0
-14105
-23732
-17610
-6232
-5893
-14410
-14540
0
14540
14410
5893
6232
17610
23732
14105
0
-1631
7459
10159
0
-8831
-2371
12271
17026
9016
4072
12522
23258
19795
4580
-4450
0
4450
-4580
-19795
-23258
-12522
-4072
-9016
-17026
-12271
2371
8831
0
-10159
-7459
1631
0
-14105
-23732
-17610
-6232
-5893
-14410
-14540
0
14540
14410
5893
6232
17610
23732
14105
0
-1631
7459
10159
0
-8831
-2371
12271
17026
9016
4072
12522
23258
19795
4580
-4450
0
4450
-4580
-19795
-23258
-12522
-4072
-9016
-17026
-12271
2371
8831
0
-10159
-7459
1631
0
-14105
-23732
-17610
-6232
-5893
-14410
-14540
0
14540
14410
5893
6232
17610
23732
14105
0
-1631
7459
10159
0
-8831
-2371
12271
17026
9016
4072
12522
23258
19795
4580
-4450
0
4450
-4580
-19795
-23258
-12522
-4072
-9016
-17026
-12271
2371
8831
0
-10159
-7459
1631
0
-14105
-23732
-17610
-6232
-5893
-14410
-14540
0
14540
14410
5893
6232
17610
23732
14105
0
-1631
7459
10159
0
-8831
-2371
12271
17026
9016
4072
12522
23258
19795
4580
-4450
0
4450
-4580
-19795
-23258
-12522
-4072
-9016
-17026
-12271
2371
8831
0
-10159
-7459
1631
0
-14105
-23732
-17610
-6232
-5893
-14410
-14540
0
14540
14410
5893
6232
17610
23732
14105
0
-1631
7459
10159
0
-8831
-2371
12271
17026
9016
4072
12522
23258
19795
4580
-4450
0
4450
-4580
-19795
-23258
-12522
-4072
-9016
-17026
-12271
2371
8831
0
-10159
-7459
1631
0
-14105
-23732
-17610
-6232
-5893
-14410
-14540
0
14540
14410
5893
6232
17610
23732
14105
0
-1631
7459
10159
0
-8831
-2371
12271
17026
9016
4072
12522
23258
19795
4580
-4450
0
4450
-4580
-19795
-23258
-12522
-4072
-9016
-17026
-12271
2371
8831
0
-10159
-7459
1631
0
-14105
-23732
-17610
-6232
-5893
-14410
-14540
0
14540
14410
5893
6232
17610
23732
14105
0
-1631
7459
10159
0
-8831
-2371
12271
17026
9016
4072
12522
23258
19795
4580
-4450
0
4450
-4580
-19795
-23258
-12522
-4072
-9016
-17026
-12271
2371
8831
0
-10159
-7459
1631
0
-14105
-23732
-17610
-6232
-5893
-14410
-14540
0
14540
14410
5893
6232
17610
23732
14105
0
-1631
7459
10159
0
-8831
-2371
12271
17026
9016
4072
12522
23258
19795
4580
-4450
0
4450
-4580
-19795
-23258
-12522
-4072
-9016
-17026
-12271
2371
8831
0
-10159
-7459
1631
0
-14105
-23732
-17610
-6232
-5893
-14410
-14540
0
14540
14410
5893
6232
17610
23732
14105
0
-1631
7459
10159
0
-8831
-2371
12271
17026
9016
4072
12522
23258
19795
4580
-4450
0
4450
-4580
-19795
-23258
-12522
-4072
-9016
-17026
-12271
2371
8831
0
-10159
-7459
1631
0
-14105
-23732
-17610
-6232
-5893
-14410
-14540
0
14540
14410
5893
6232
17610
23732
14105
0
-1631
7459
10159
0
-8831
-2371
12271
17026
9016
4072
12522
23258
19795
4580
-4450
0
4450
-4580
-19795
-23258
-12522
-4072
-9016
-17026
-12271
2371
8831
0
-10159
-7459
1631
0
-14105
-23732
-17610
-6232
-5893
-14410
-14540
0
14540
14410
5893
6232
17610
23732
14105
0
-1631
7459
10159
0
-8831
-2371
12271
17026
9016
4072
12522
23258
19795
4580
-4450
0
4450
-4580
-19795
-23258
-12522
-4072
-9016
-17026
-12271
2371
8831
0
-10159
-7459
1631
0
-14105
-23732
-17610
-6232
-5893
-14410
-14540
0
14540
14410
5893
6232
17610
23732
14105
0
-1631
7459
10159
0
-8831
-2371
12271
17026
9016
4072
12522
23258
19795
4580
-4450
0
4450
-4580
-19795
-23258
-12522
-4072
-9016
-17026
-12271
2371
8831
0
-10159
-7459
1631
0
-14105
-23732
-17610
-6232
-5893
-14410
-14540
0
14540
14410
5893
6232
17610
23732
14105
0
-1631
7459
10159
0
-8831
-2371
12271
17026
9016
4072
12522
23258
19795
4580
-4450
0
4450
-4580
-19795
-23258
-12522
-4072
-9016
-17026
-12271
2371
8831
0
-10159
-7459
1631
0
-14105
-23732
-17610
-6232
-5893
-14410
-14540
0
14540
14410
5893
6232
17610
23732
14105
0
-1631
7459
10159
0
-8831
-2371
12271
17026
9016
4072
12522
23258
19795
4580
-4450
0
4450
-4580
-19795
-23258
-12522
-4072
-9016
-17026
-12271
2371
8831
0
-10159
-7459
1631
0
-14105
-23732
-17610
-6232
-5893
-14410
-14540
0
14540
14410
5893
6232
17610
23732
14105
0
-1631
7459
10159
0
-8831
-2371
12271
17026
9016
4072
12522
23258
19795
4580
-4450
0
4450
-4580
-19795
-23258
-12522
-4072
-9016
-17026
-12271
2371
8831
0
-10159
-7459
1631
0
-14105
-23732
-17610
-6232
-5893
-14410
-14540
0
14540
14410
5893
6232
17610
23732
14105
0
-1631
7459
10159
0
-8831
-2371
12271
17026
9016
4072
12522
23258
19795
4580
-4450
0
4450
-4580
-19795
-23258
-12522
-4072
-9016
-17026
-12271
2371
8831
0
-10159
-7459
1631
0
-14105
-23732
-17610
-6232
-5893
-14410
-14540
0
14540
14410
5893
6232
17610
23732
14105
0
-1631
7459
10159
0
-8831
-2371
12271
17026
9016
4072
12522
23258
19795
4580
-4450
0
4450
-4580
-19795
-23258
-12522
-4072
-9016
-17026
-12271
2371
8831
0
-10159
-7459
1631
0
-14105
-23732
-17610
-6232
-5893
-14410
-14540
0
14540
14410
5893
6232
17610
23732
14105
0
-1631
7459
10159
0
-8831
-2371
12271
17026
9016
4072
12522
23258
19795
4580
-4450
0
4450
-4580
-19795
-23258
-12522
-4072
-9016
-17026
-12271
2371
8831
0
-10159
-7459
1631
0
-14105
-23732
-17610
-6232
-5893
-14410
-14540
0
14540
14410
5893
6232
17610
23732
14105
0
-1631
7459
10159
0
-8831
-2371
12271
17026
9016
4072
12522
23258
19795
4580
-4450
0
4450
-4580
-19795
-23258
-12522
-4072
-9016
-17026
-12271
2371
8831
0
-10159
-7459
1631
0
-14105
-23732
-17610
-6232
-5893
-14410
-14540
0
14540
14410
5893
6232
17610
23732
14105
0
-1631
7459
10159
0
-8831
-2371
12271
17026
9016
4072
12522
23258
19795
4580
-4450
0
4450
-4580
-19795
-23258
-12522
-4072
-9016
-17026
-12271
2371
8831
0
-10159
-7459
1631
0
-14105
-23732
-17610
-6232
-5893
-14410
-14540
0
14540
14410
5893
6232
17610
23732
14105
0
-1631
7459
10159
0
-8831
-2371
12271
17026
9016
4072
12522
23258
19795
4580
-4450
0
4450
-4580
-19795
-23258
-12522
-4072
-9016
-17026
-12271
2371
8831
0
-10159
-7459
1631
0
-14105
-23732
-17610
-6232
-5893
-14410
-14540
0
14540
14410
5893
6232
17610
23732
14105
0
-1631
7459
10159
0
-8831
-2371
12271
17026
9016
4072
12522
23258
19795
4580
-4450
0
4450
-4580
-19795
-23258
-12522
-4072
-9016
-17026
-12271
2371
8831
0
-10159
-7459
1631
0
-14105
-23732
-17610
-6232
-5893
-14410
-14540
0
14540
14410
5893
6232
17610
23732
14105
0
-1631
7459
10159
0
-8831
-2371
12271
17026
9016
4072
12522
23258
19795
4580
-4450
0
4450
-4580
-19795
-23258
-12522
-4072
-9016
-17026
-12271
2371
8831
0
-10159
-7459
1631
0
-14105
-23732
-17610
-6232
-5893
-14410
-14540
0
14540
14410
5893
6232
17610
23732
14105
0
-1631
7459
10159
0
-8831
-2371
12271
17026
9016
4072
12522
23258
19795
4580
-4450
0
4450
-4580
-19795
-23258
-12522
-4072
-9016
-17026
-12271
2371
8831
0
-10159
-7459
1631
0
-14105
-23732
-17610
-6232
-5893
-14410
-14540
0
14540
14410
5893
6232
17610
23732
14105
0
-1631
7459
10159
0
-8831
-2371
12271
17026
9016
4072
12522
23258
19795
4580
-4450
0
4450
-4580
-19795
-23258
-12522
-4072
-9016
-17026
-12271
2371
8831
0
-10159
-7459
1631
0
-14105
-23732
-17610
-6232
-5893
-14410
-14540
0
14540
14410
5893
6232
17610
23732
14105
0
-1631
7459
10159
0
-8831
-2371
12271
17026
9016
4072
12522
23258
19795
4580
-4450
0
4450
-4580
-19795
-23258
-12522
-4072
-9016
-17026
-12271
2371
8831
0
-10159
-7459
1631
0
-14105
-23732
-17610
-6232
-5893
-14410
-14540
0
14540
14410
5893
6232
17610
23732
14105
0
-1631
7459
10159
0
-8831
-2371
12271
17026
9016
4072
12522
23258
19795
4580
-4450
0
4450
-4580
-19795
-23258
-12522
-4072
-9016
-17026
-12271
2371
8831
0
-10159
-7459
1631
0
-14105
-23732
-17610
-6232
-5893
-14410
-14540
0
14540
14410
5893
6232
17610
23732
14105
0
-1631
7459
10159
0
-8831
-2371
12271
17026
9016
4072
12522
23258
19795
4580
-4450
0
4450
-4580
-19795
-23258
-12522
-4072
-9016
-17026
-12271
2371
8831
0
-10159
-7459
1631
0
-14105
-23732
-17610
-6232
-5893
-14410
-14540
0
14540
14410
5893
6232
17610
23732
14105
0
-1631
7459
10159
0
-8831
-2371
12271
17026
9016
4072
12522
23258
19795
4580
-4450
0
4450
-4580
-19795
-23258
-12522
-4072
-9016
-17026
-12271
2371
8831
0
-10159
-7459
1631
0
-14105
-23732
-17610
-6232
-5893
-14410
-14540
0
14540
14410
5893
6232
17610
23732
14105
0
-1631
7459
10159
0
-8831
-2371
12271
17026
9016
4072
12522
23258
19795
4580
-4450
0
4450
-4580
-19795
-23258
-12522
-4072
-9016
-17026
-12271
2371
8831
0
-10159
-7459
1631
0
-14105
-23732
-17610
-6232
-5893
-14410
-14540
0
14540
14410
5893
6232
17610
23732
14105
0
-1631
7459
10159
0
-8831
-2371
12271
17026
9016
4072
12522
23258
19795
4580
-4450
0
4450
-4580
-19795
-23258
-12522
-4072
-9016
-17026
-12271
2371
8831
0
-10159
-7459
1631
0
-14105
-23732
-17610
-6232
-5893
-14410
-14540
0
14540
14410
5893
6232
17610
23732
14105
0
-1631
7459
10159
0
-8831
-2371
12271
17026
9016
4072
12522
23258
19795
4580
-4450
0
4450
-4580
-19795
-23258
-12522
-4072
-9016
-17026
-12271
2371
8831
0
-10159
-7459
1631
0
-14105
-23732
-17610
-6232
-5893
-14410
-14540
0
14540
14410
5893
6232
17610
23732
14105
0
-1631
7459
10159
0
-8831
-2371
12271
17026
9016
4072
12522
23258
19795
4580
-4450
0
4450
-4580
-19795
-23258
-12522
-4072
-9016
-17026
-12271
2371
8831
0
-10159
-7459
1631
0
-14105
-23732
-17610
-6232
-5893
-14410
-14540
0
14540
14410
5893
6232
17610
23732
14105
0
-1631
7459
10159
0
-8831
-2371
12271
17026
9016
4072
12522
23258
19795
4580
-4450
0
4450
-4580
-19795
-23258
-12522
-4072
-9016
-17026
-12271
2371
8831
0
-10159
-7459
1631
0
-14105
-23732
-17610
-6232
-5893
-14410
-14540
0
14540
14410
5893
6232
17610
23732
14105
0
-1631
7459
10159
0
-8831
-2371
12271
17026
9016
4072
12522
23258
19795
4580
-4450
0
4450
-4580
-19795
-23258
-12522
-4072
-9016
-17026
-12271
2371
8831
0
-10159
-7459
1631
0
-14105
-23732
-17610
-6232
-5893
-14410
-14540
0
14540
14410
5893
6232
17610
23732
14105
0
-1631
7459
10159
0
-8831
-2371
12271
17026
9016
4072
12522
23258
19795
4580
-4450
0
4450
-4580
-19795
-23258
-12522
-4072
-9016
-17026
-12271
2371
8831
0
-10159
-7459
1631
0
-14105
-23732
-17610
-6232
-5893
-14410
-14540
0
14540
14410
5893
6232
17610
23732
14105
0
-1631
7459
10159
0
-8831
-2371
12271
17026
9016
4072
12522
23258
19795
4580
-4450
0
4450
-4580
-19795
-23258
-12522
-4072
-9016
-17026
-12271
2371
8831
0
-10159
-7459
1631
0
-14105
-23732
-17610
-6232
-5893
-14410
-14540
0
14540
14410
5893
6232
17610
23732
14105
0
-1631
7459
10159
0
-8831
-2371
12271
17026
9016
4072
12522
23258
19795
4580
-4450
0
4450
-4580
-19795
-23258
-12522
-4072
-9016
-17026
-12271
2371
8831
0
-10159
-7459
1631
0
-14105
-23732
-17610
-6232
-5893
-14410
-14540
0
14540
14410
5893
6232
17610
23732
14105
0
-1631
7459
10159
0
-8831
-2371
12271
17026
9016
4072
12522
23258
19795
4580
-4450
0
4450
-4580
-19795
-23258
-12522
-4072
-9016
-17026
-12271
2371
8831
0
-10159
-7459
1631
0
-14105
-23732
-17610
-6232
-5893
-14410
-14540
0
14540
14410
5893
6232
17610
23732
14105
0
-1631
7459
10159
0
-8831
-2371
12271
17026
9016
4072
12522
23258
19795
4580
-4450
0
4450
-4580
-19795
-23258
-12522
-4072
-9016
-17026
-12271
2371
8831
0
-10159
-7459
1631
0
-14105
-23732
-17610
-6232
-5893
-14410
-14540
0
14540
14410
5893
6232
17610
23732
14105
0
-1631
7459
10159
0
-8831
-2371
12271
17026
9016
4072
12522
23258
19795
4580
-4450
0
4450
-4580
-19795
-23258
-12522
-4072
-9016
-17026
-12271
2371
8831
0
-10159
-7459
1631
0
-14105
-23732
-17610
-6232
-5893
-14410
-14540
0
14540
14410
5893
6232
17610
23732
14105
0
-1631
7459
10159
0
-8831
-2371
12271
17026
9016
4072
12522
23258
19795
4580
-4450
0
4450
-4580
-19795
-23258
-12522
-4072
-9016
-17026
-12271
2371
8831
0
-10159
-7459
1631
0
-14105
-23732
-17610
-6232
-5893
-14410
-14540
0
14540
14410
5893
6232
17610
23732
14105
0
-1631
7459
10159
0
-8831
-2371
12271
17026
9016
4072
12522
23258
19795
4580
-4450
0
4450
-4580
-19795
-23258
-12522
-4072
-9016
-17026
-12271
2371
8831
0
-10159
-7459
1631
0
-14105
-23732
-17610
-6232
-5893
-14410
-14540
2879
12692
6061
2647
-4503
8605
-3681
23107
27347
-6875
17206
1704
4013
25102
-25301
-24351
-28298
19618
16406
21824
28229
17645
-2272
16546
-22514
8253
-21035
26227
1289
-5033
-13887
16174
-2586
4036
-28382
6938
6611
6897
26173
10724
-8286
-3714
11656
-25938
9836
10064
-17082
-21886
-10886
-8038
4140
-3621
28805
-23472
-17171
-19976
9030
-14551
-1987
-15074
-20114
-22980
9220
-21340
-17896
-7743
18932
-23763
19932
-23822
28102
-1849
28120
6184
14112
-27179
-12810
-22401
-12024
-22488
-10735
-5057
-25707
11352
3928
-13837
1371
-23950
4479
25320
-10701
9874
-21717
12759
-12421
-18686
5103
-28304
19401
-29213
10488
-13565
13872
27260
-14819
4492
5429
4261
-16333
26703
-3119
20431
11765
-11947
18508
-6104
22478
4794
22515
11356
13286
78
26900
8493
-4491
6275
-28358
-11703
9447
-12381
6961
-4201
-21500
-11897
4127
5360
4384
9036
8971
-4045
23389
-7811
-3783
23116
18060
12025
-23579
24741
12636
29422
-20676
21712
-19906
6816
-22187
20526
18126
4076
-5474
-25411
11644
-2740
13097
21609
28047
20985
-28799
-8259
13565
-19367
1241
-26285
-17694
-28398
17322
-16283
-9121
25248
12056
-27612
-19777
7165
4555
-15459
25610
6722
2102
5303
13573
-11092
-6003
-17114
-18509
26209
14129
-563
-16077
-14488
-26068
-3868
-11100
11580
-7210
-18897
-28035
-25524
10581
-2731
2157
23396
28920
-16698
9618
-13959
-28272
15239
-10615
-6873
5209
19525
7607
21979
-13357
17579
-18541
26706
11058
-16780
26386
13616
-14513
-16909
1073
-27977
-17254
-4442
-7422
-2148
-13116
5119
21460
-22558
1025
-21701
12791
-6130
3859
-18680
-20947
-704
-8516
25977
15649
14666
23812
-24570
3078
4982
27245
-12259
-15286
-23575
-28521
25334
10022
16818
-12874
5097
-25718
-848
28163
22207
-9545
27224
-15824
26501
26033
17647
7694
22076
-12208
20581
6952
-28710
-9010
-20753
28419
-1276
-154
8226
-7751
-21416
18999
-18293
668
-16260
-23719
21362
27893
27180
23979
16163
-9841
-24707
-5471
-15793
-21676
-26339
13306
-28816
15959
-20823
-24800
-24205
10147
-15018
-4687
3384
21266
13391
-13546
-21735
-26224
-11702
-14030
-2587
10810
11538
-12768
-7082
-18806
17019
-26137
11619
16438
16362
-14189
-7443
5167
-13399
-7617
-17868
-2368
-26859
17682
-24951
1111
-11394
4574
27098
8586
-27405
-4105
591
2134
10699
-13118
-21890
-6330
26919
-18453
23827
2584
-2541
22533
-2442
13222
-5956
23831
11208
11774
-10161
15145
8025
-15334
-20022
17481
27082
-2469
5366
21099
-2523
26652
4468
18919
24114
18610
-20088
7603
-5990
-25791
-4481
-14233
20586
-27526
27071
-8530
-8452
-28527
-18565
-5824
25320
-23615
26264
21793
-2704
-10221
-15763
6751
-27540
-28570
-4200
-25475
-14631
-16446
-14557
-21761
-28780
-22679
6988
27972
28921
-5364
-19879
8184
-572
28866
-25639
16705
-12480
-15251
9585
-14977
9782
1021
-4477
3226
-12560
12184
-5022
-8225
19384
25065
-26777
-15770
-8934
18577
28635
27660
23884
-11999
29019
-14779
-23244
26597
-15723
11193
-26048
13607
22514
-13422
-7133
-7414
14674
-15464
-19354
-2991
-11533
20006
-15468
141
26104
7903
21663
25964
14790
11771
27601
29160
-2842
-25310
-12221
-20504
-4867
-21747
6141
-6912
23320
27591
2765
-13281
5440
23401
-5501
3072
-13468
-2628
-5797
-14839
346
-11184
-7488
1473
14780
-9820
25017
21370
-26619
-14530
-3177
-23319
-8937
14161
10647
7218
12417
-17404
-9337
10395
22367
2576
-12817
-27707
12406
-29025
-7509
1801
24896
-24212
-5548
-28056
-9283
7209
-13031
-17119
-22666
4550
11517
10142
26474
-29331
8682
5921
5234
27294
-28495
11589
18501
578
-9793
17154
-23755
-3419
1177
11440
-24130
-16057
-5290
7272
22823
7008
-21619
28345
21928
160
24910
2441
24967
19458
27620
24759
-27365
-19182
-6539
26668
-11794
-20026
22784
-3162
24057
-20040
9503
-3523
-24979
11588
-14899
-27154
-25955
-25888
24048
14148
23478
10179
1707
-11534
29370
-8128
-1731
-7181
28283
-19189
-10145
10637
-25762
6326
-1318
-12740
-15429
856
-7790
-2564
-9586
27750
-21620
-23781
-9237
5369
9388
-6060
29448
-8735
13059
8115
18464
28088
22990
15604
11693
-9702
-20780
-25796
-15223
-3994
1297
16107
27057
-22571
-23179
5290
14474
20534
25706
28513
-5910
-7058
-20772
10908
9246
21355
-23754
-131
4782
-15243
-19521
21208
-26038
-1733
-22658
-2533
28308
-4500
21063
-22571
-13492
-5674
-5909
10108
-9159
12608
8209
-5948
-4025
6755
-25359
19016
9049
13350
2178
-22974
-5601
-5581
-10555
-27724
13993
-23015
6270
11986
7950
27080
-23398
21656
-27769
2059
-5648
1426
-7956
-18251
-28362
1070
20217
-7478
-16346
-24740
-24459
-16432
-23591
-13858
-25589
-25621
21013
-19928
3520
16129
-2571
-20445
-17718
-3953
1665
-8880
16602
14805
25197
-27783
23338
-6336
22317
11253
28744
15293
-7989
63
-7291
-7968
-14102
-238
10719
-13133
1438
-22567
-20063
-26730
27764
-29263
-18958
6657
-24691
22524
12953
27508
450
-11772
2920
25410
1225
-13730
22259
-7554
-29409
-14882
-10721
21161
-2448
-3268
-9667
22453
26248
29012
-7270
27494
17215
10362
-15047
-16724
-19697
24934
-12145
-2767
-356
16407
20303
-21288
-4311
20222
18758
-23450
-20267
-11548
-25046
-4443
-23143
4024
-14948
5688
-22559
28068
25513
-6382
-15206
-14722
-979
-27132
8240
-5408
-7231
18247
12329
26797
-8733
23447
15923
-8409
7176
-12470
22082
-22859
-16961
-18695
-5720
14464
1587
-727
-29458
-4400
-25742
-17207
25503
-16786
21135
17865
-20104
6235
-22668
13441
8108
18398
-1216
24469
-26580
-12216
12684
-4830
-19290
-23167
18717
-1584
22547
13760
-5324
-7460
922
22947
13995
-29186
11452
24743
12413
-19050
-972
-21214
-8317
25781
24967
-12808
-9459
5911
27320
-20773
-14337
22033
-478
23531
-18548
1927
-10247
-10820
-3133
-3947
-8414
24475
13668
13421
-12391
4583
16466
17434
-9170
15976
13913
-21144
21584
-3461
-802
-3045
4002
7147
-107
21633
7534
-5814
-4914
18333
-8954
-17019
-25988
22178
24686
-22406
-9763
-19147
-22655
23584
-26136
28339
-23802
21438
3923
-7790
-9299
15179
-10937
9279
1022
-887
23661
3223
19278
13304
-27216
16108
-16699
23778
-26959
-9846
-23608
-1440
18875
-11903
-20588
-10011
18513
-21210
-16080
-25429
12133
-6179
-11157
12895
-9674
13434
18591
-16652
27946
-19914
-12336
-18886
-9112
-1176
1308
20856
22970
-16508
7248
-22914
-2420
-10479
-10823
-1027
13555
-25410
22364
13849
-19080
25902
372
29479
-17856
2059
-12371
-11550
5371
24873
18005
13208
3490
24907
-451
22049
19698
-16878
15997
-28772
-10450
-15950
405
13970
-23729
880
25858
-16005
10448
5478
-28897
-1426
12313
-26897
22384
1184
-27682
-16254
26758
4855
-23152
-12531
-2554
-28255
-5213
-622
-15118
5228
14936
-15581
7107
8235
26455
16413
20546
-565
-18558
29243
-21861
-1683
-25474
26179
27422
12940
-8848
-14487
-13843
-21982
1522
-21126
-10809
7473
13421
-28059
-4122
8972
20835
-1455
27674
-13823
-28694
-958
-14385
19093
-15761
-11169
17177
12689
3424
12088
-4799
-29177
-28821
662
-24578
-26478
27456
21174
-20524
-29451
26050
-13075
-18526
11295
-23067
-13881
28021
8226
1220
-6021
16190
-21177
27564
21299
6939
-26960
11847
24376
1450
-8598
-22396
15034
22709
-23577
15275
-28484
27547
6786
3093
-12035
25320
-13807
19354
28612
16715
1120
-25593
-1627
-3642
-17529
-4507
-8390
-19836
-3458
-13990
1301
-27417
23960
18659
3101
20750
27272
-22972
7717
29372
28776
6094
-21940
4907
-29369
-17758
26902
-10001
8162
-12925
26413
13481
-10047
17208
-23111
-6351
-16443
10836
-23448
-6073
-13173
374
-8853
12174
-28041
7903
-15891
-13642
17709
26870
-10820
19275
-23357
7902
14806
-20291
-4364
23162
-23381
-28423
5343
-3802
17617
24976
-11846
-6582
-810
5199
28538
11639
-6514
-13933
26224
-21496
12991
25090
9712
-4538
-17754
-7816
12201
8820
25242
21638
18647
24268
-13192
-7696
-7084
3565
9922
-12580
-28342
-5944
-11293
26080
22900
21251
9024
-9184
2881
18592
-23674
17758
-27061
18663
18140
-26482
7500
145
-19474
-20739
16117
3993
28488
28443
29058
-22494
25849
-15065
-2465
15182
-17481
3911
-18531
-23313
-22616
-8397
-29216
-4432
9684
-5798
-24430
-25793
-13087
-19504
27432
-20571
18016
5079
4087
713
27825
-8031
16981
3261
-6156
26864
5799
-22477
-4864
16608
11427
24556
-14192
15228
-2367
4342
26839
28269
21327
-8311
22867
8175
-4129
-27382
15932
124
16880
14629
17315
-11758
17741
2881
-1573
10329
-28231
-23456
-12258
28487
-21248
-9992
-26479
-9952
-10597
26353
20357
-6915
-28029
19524
9469
-20504
29259
-23578
21653
-12134
-3813
17426
10470
25826
7145
-23721
22670
15875
12496
-26321
-6121
-19615
18986
11827
22594
27519
16205
29150
6769
-27300
-28650
-9313
19079
21595
27179
-25649
-26861
24376
-11498
3420
28455
-5872
9783
-5846
15818
1635
-15481
-13489
-14270
1906
11984
26499
11447
16585
-19527
-7428
-5085
10993
-12038
-11602
-8500
18302
4576
-25050
-24875
-7592
15724
11129
12267
15760
-12554
2846
2557
14134
26947
-13094
17298
9435
4732
16213
26189
-27326
-20797
15116
-24548
951
-16523
-13312
11905
-27710
22019
-3275
141
2362
8584
-9150
-23527
-10712
-19573
3311
-10733
27017
27469
7085
6930
28628
22842
15634
-10995
-7931
-17619
-758
28922
24309
-22510
-28005
23512
2192
-17683
10242
8506
-22290
-14179
-25947
-17113
-21687
-18093
10939
-26571
-23483
-21577
-10821
-11870
-14446
14777
29374
2004
26199
-6098
-23198
-5381
-12025
-389
9263
-2297
25666
22694
11913
-608
-21723
-6074
12056
-12688
-23357
24058
12330
6799
17252
19797
-976
22483
24561
-13474
6343
1568
2238
25814
-11490
28513
23718
-2435
18724
15869
10492
-10626
-17904
10117
20229
-28532
8423
-3369
23479
-10530
-1523
871
-21207
12557
19492
-26075
-12304
-27246
26927
9860
27379
1858
17816
-7407
-8622
-7180
9311
-8290
23614
28504
-27696
-18070
-22870
-26992
-16058
-3138
19876
-16407
-357
25339
9862
17581
3008
28338
5229
-26806
-17813
-5617
5973
16039
-5126
12389
17097
-10778
28268
8827
22471
3299
14250
15957
24079
-20623
3438
-4224
24958
-23292
28462
22144
-25136
-533
12832
14046
23975
17686
-11151
-92
11901
-21325
-18049
-1118
-11900
21384
5089
-8926
20574
17982
29393
20484
-5045
-21970
20091
-25966
-8831
24756
27176
8291
11127
-26986
854
2764
-9431
-25444
-15989
-8376
-3825
5363
13117
-10756
-10088
-28329
-27079
-14284
14170
7568
15912
15861
21031
12995
28252
23523
5115
5200
-27469
29403
-21730
14176
18934
-7487
-17880
-23665
14663
-2793
12605
24501
-20845
24723
-5212
-11485
26132
28939
-17760
9250
-23209
8901
19305
10882
-4876
-6897
-6304
5291
22505
25307
-26333
-18778
-22871
-18087
-9047
385
7636
13692
23009
28847
9605
20370
16399
-11352
22159
-26968
-29469
-13345
-2236
8161
-23488
10204
17801
-18560
-5006
1179
-2842
17684
27162
17632
-24890
17985
-25562
-15573
-20461
-17841
1670
10126
-1750
27113
-15318
15520
21834
3661
-2582
5673
-4199
3255
-4899
-5870
11522
-24014
-19668
20714
15988
-12890
-7239
25127
18760
6744
-16427
-26880
-4054
10182
19374
20802
-27557
-15090
-9490
-18359
17870
15775
993
28483
-20994
23572
-22621
-19866
11573
-23028
3884
-4705
13476
23632
15917
20625
-27547
-11195
910
-4957
-15851
-11332
26272
-12139
-8617
-29271
20353
-20358
-17450
-14435
22685
-17314
17548
18169
25186
-22674
-16675
14326
-17930
-12602
-19656
-19305
-1088
-23021
-10516
-4330
-28042
-6586
-23939
-379
19212
18781
-24745
5970
19734
-15455
15449
23048
18055
-23162
-28956
-18182
-13537
6853
-6826
11997
-8666
-20382
-11048
22668
27045
-17251
17014
-13368
22833
-19726
9788
-24523
27951
11833
20160
3932
-1368
7189
1695
-1806
15303
-18980
-19394
-4020
-10572
-25118
20317
16019
2591
28271
-25208
15728
-13780
-7750
-16557
17048
-20983
20054
9530
-26009
18342
7535
23886
14670
3605
19850
-13091
2769
-12173
27615
-16149
-28562
-10271
148
-27817
3495
22075
12075
7253
26893
27030
19125
6355
-722
-28705
6267
28847
18762
-9401
-20522
16754
14388
27547
22108
3283
-23516
-973
-10988
732
-11696
21341
20309
-10884
5873
-4118
24129
-18440
11662
27743
-19152
-17578
11426
16465
-557
6469
-16946
-1379
-22880
-10533
-12694
-3266
25369
-18799
-5816
6818
26338
-21637
24647
-24710
-1136
-2678
-17128
-8997
-2703
21540
26840
1116
21829
6380
-8901
-18037
-5123
1346
-26869
-20889
5909
-16220
19896
-10207
-23307
-24564
25782
-22529
-21179
21390
-14492
9788
18681
6322
26983
12320
-22840
3445
12869
17810
-27938
12910
19209
14558
728
-2476
2915
12070
24944
6903
22875
11870
-25460
49
-12593
-12671
-8497
-10927
4636
10829
-13639
-21837
-26022
4468
-18512
-28945
25229
2191
-24038
20226
28500
-3032
-26984
-22557
-6980
22738
-20759
19109
-28607
-2513
8517
-25929
6769
26211
-20038
13543
6434
-18572
-29124
-28943
1893
26115
8511
12640
-362
4830
-22037
22225
15382
29384
-11930
-16101
-22108
27379
16567
-19680
3107
-5086
-20556
-19931
27336
-11503
26036
-25031
-2312
-21845
-29208
3171
-22773
13095
11685
-19090
26054
13037
-11916
12341
13679
-9306
-7338
-8310
6878
23616
-19275
22129
-27859
9457
-5046
17180
13046
-1173
8485
105
18374
-1411
1366
-14714
6196
-11625
4558
-19483
-20085
-4894
-4316
-13677
-21729
-27178
-28002
-13474
-2250
13344
-1482
23831
-27413
-18835
-9525
4571
20805
-8835
-13684
-25840
18951
-7097
4220
28520
-29396
-20912
16462
17997
15880
2182
28243
-6123
6013
-25753
-5317
13123
-15409
26177
11017
-12529
15866
-24585
28002
-26583
25565
-14577
15207
-29486
-14495
14692
1907
-22710
-6274
-7340
4020
9907
20102
-163
-6369
-20998
17979
12585
-5386
1087
9743
-19770
-27886
-10764
5638
-790
11357
18855
-682
-21571
20680
4423
14152
12071
27615
-12073
12109
-7922
-6169
-15890
-9200
26441
-12234
-14982
4904
-14271
-1570
19710
-15901
-4324
6517
2691
27999
10638
14152
27541
-5046
-8530
-26903
-18626
-15501
-18667
15027
2116
9887
18901
-15879
-10267
12289
-6325
-27764
-3836
24080
-5366
-9894
28872
8518
-7904
-23473
16978
12272
24885
-16675
-22712
13216
-17494
-19104
-10628
18687
2332
-26786
-2130
10851
2263
4273
-16233
20510
3621
12577
28421
-4235
22476
-29061
-27520
5325
-11121
-14847
-13098
-10711
13503
4081
17048
19475
20227
-5034
-4643
25141
9541
-24744
2488
-8493
28749
-28685
6616
13189
-12450
27936
21206
24515
-28356
4121
-12112
20586
7836
2293
-22732
2372
7780
26890
5016
27568
27226
8859
348
-2004
23025
-27824
-22778
-23470
15154
-9457
8137
6121
-6734
1862
8560
26008
4461
6745
-25488
26672
1656
17769
-26524
-4665
-14334
-13744
17190
7306
-3554
-28866
27422
27250
-16659
-27052
1781
26624
24205
4993
-11587
-10029
23469
-485
-21757
-14838
-13165
-22203
-2180
24539
9955
-25216
-29166
-13197
-8098
16323
27544
-6631
11011
29190
14490
8033
-24885
-10427
24382
-17635
20265
11579
-7884
1721
2525
12625
976
-21641
16129
-5528
27314
-12768
-13974
-9820
4265
23290
-19093
-12995
4818
-2693
-3107
18917
25001
-1103
11050
17757
1083
-12131
8144
5020
23684
-26399
24190
2031
-28566
-9160
13231
-682
28320
-4565
-10225
18972
2826
10754
18031
10111
-4576
-22130
4733
23441
-4784
24225
208
7127
19640
3810
-24125
28368
-14990
12416
302
-1252
-15103
13103
-22838
28927
20370
2035
-4450
-12594
94
22378
-13270
32
-15656
-9605
-18269
28932
4217
13732
-23695
-7896
23158
-24510
-19730
7397
7242
19949
25686
-21116
-14192
-4278
-29437
-25373
-16132
-1115
-14655
22217
-10364
25045
28003
-2957
-16094
-12288
16298
-13368
-7043
-1264
4430
29260
-15794
-8645
-13985
-8192
-23545
-8269
22877
-11879
-7553
26215
13470
987
16349
-22225
-2094
-22517
-15711
-21123
-8151
-6981
26383
-13912
-1626
18365
18615
14765
-12514
-297
-18507
-18378
-3784
14072
1568
22807
19517
-27626
4035
6438
27224
-28120
1835
-17412
-26325
5160
16078
16212
-27704
-5488
-26865
-14873
-18114
-16799
-9489
-13128
27266
-8705
23249
-18812
15556
-25872
-2196
-29165
18301
26570
-27420
25589
16152
-8324
24116
-12017
-5350
-23786
9256
-27744
-890
10805
18947
-20647
14986
12921
3514
4992
-24107
5926
-6988
21680
-11024
4518
-4331
22192
-14514
-24842
14666
-5137
5255
-27934
26666
22272
7306
-28486
-7197
28240
10695
-19995
-2324
27528
2047
-28039
7064
-13494
-23660
-5727
3452
-28485
3483
661
17335
-4509
3153
14274
23424
-7076
5994
11478
-26938
17739
-7229
10041
-1671
11934
13231
-18191
9565
20721
-15596
15228
7893
26844
-14141
-20391
-11081
-14276
15148
13749
10008
-16728
21340
26929
1864
8810
41
-12766
-12613
-11005
-18234
23706
21139
-2263
-7830
25897
-16375
3158
-26276
-18213
6136
9566
4777
21799
29101
15563
-2059
19696
-22390
10809
1082
-18988
27894
-9529
6808
22330
395
-22699
18799
-8658
28492
22638
20847
-8478
15166
28684
1552
-1726
-28625
11808
21143
-14895
-10910
40
-25239
-24203
-4653
-14083
-5542
-2690
28091
26203
-21249
22565
-24760
450
-19823
-7910
14352
-4453
18104
12906
26119
2015
17821
-10445
-9098
-5868
-5254
-23400
1126
-23781
22988
-25843
-2967
-12699
-20356
16741
12677
-20882
7831
17255
16121
-24048
10942
12741
21361
474
-2295
27433
17488
3464
-9990
20362
-2628
-24024
-2660
21939
-3050
-28644
6575
29244
18712
6915
24441
18495
-80
5380
13642
20432
-26059
16208
-3096
9484
15608
2330
-20141
-5336
-24956
11165
26760
17414
-6500
4972
-11548
2421
-11753
14057
-14194
27368
9552
-25434
-28855
29316
-16485
-11055
-17198
25250
8966
259
3400
-10742
6734
-4742
-17740
9237
-7441
16813
-4990
488
16955
-3074
27498
17283
19253
26773
-6556
4723
11418
10231
26714
-12483
-12306
24654
17653
-17496
4131
14495
-8668
-3870
4447
-1940
14925
-29140
-3855
-9580
6439
16276
-24999
-20168
9737
14061
5202
28476
-32
-21452
10988
6020
5333
2704
25898
-21873
-25173
-20400
-15041
5482
6631
-15771
-635
-1058
-2766
17903
-1670
15239
-19671
1885
19116
-19008
-2069
6434
-18592
15144
-24831
26330
-1874
-9666
-22601
-3975
9425
-23917
-11426
19819
8622
-17318
-20000
23857
-12562
-18903
29488
-11254
-22133
-2256
-3872
25173
-21575
-24115
-24006
23845
-2986
-20607
5534
2219
-17788
6077
-9423
-15431
613
-12289
-16388
22396
-20303
-12941
-6716
-13351
-17062
15992
-10085
-22854
2412
-22089
-8404
22520
-7717
7815
863
-21367
8792
20999
-23993
14962
11219
21626
-23351
-11460
11459
-28192
13806
21114
-2754
-3873
-13066
-29192
-18502
28303
21663
-13772
27352
-7802
-11939
-20478
23687
28723
-10179
11998
-9714
-23298
-6329
3042
-22235
18772
-156
-15666
5471
17297
-10167
11883
-4255
27370
15980
-8473
-28444
9291
-17820
-22302
25466
29487
-13572
-11692
-19759
-2496
21578
11885
20427
-16014
13592
24685
-12892
11245
-5859
-12373
27699
-8928
-23129
-6571
-3086
14876
26536
18700
25417
-1471
12935
-11262
-25386
-7934
11673
-13293
21316
17150
-18046
-9977
19187
-15103
-9932
-9256
17756
-27306
-25138
4627
-6068
7838
-13774
24157
15391
-25495
16745
27696
26095
13889
-22201
4487
-12726
27733
12827
6533
11506
-3658
-7506
25704
-9913
-27046
-5849
17124
8757
27259
-23226
24273
-7735
-1533
-4218
-22622
-14875
14289
-28133
-21594
-28003
21079
6920
-19468
15852
27532
25631
24863
-29030
5250
-14354
3813
-10733
-20427
-3274
-289
28887
-26990
-11728
20755
9419
19268
9454
15308
-417
-17406
18284
4000
-21262
17983
27048
-9073
-12179
-24667
9702
27070
-21469
-875
-23696
-27478
9702
21686
-9580
22163
-22586
-15455
23687
502
6381
-27248
-21918
-26200
23887
-21540
20624
-8786
17729
-7960
-13702
-23966
-12934
-1682
18727
-2801
27806
2456
-28019
-4992
11141
-15672
11715
218
-27972
16182
3561
-24625
-1462
-12546
22394
-12685
26051
2721
-10403
18493
11643
-5075
7645
16431
20735
18662
-19695
19369
-26032
-17684
7250
-22726
6096
-11326
-4160
-10902
-25351
45
27343
6593
-11794
26904
-6533
11650
7910
26713
24454
-20761
-24436
18263
23884
-414
11251
-25374
-16526
-20680
5967
-17839
-25961
-11666
10452
4592
-9984
19669
-13196
-14123
3536
-1285
-3187
-20302
274
-14213
-6359
13776
25766
16153
-5566
5487
14539
-5059
-8243
-21514
13935
19965
-10818
16721
6500
16755
-5229
14602
-5396
-24255
2983
-2694
-14575
23127
-6909
-27183
-6952
-4452
21330
17646
-17696
19996
-14867
-9323
-24960
-26225
10667
24969
-412
20295
17326
9713
28206
17823
-13280
17046
11363
-5926
-24961
-16847
17531
-14834
29364
11442
-1343
4154
6539
27659
-19951
-13424
12362
-15343
21899
-9052
-18824
-26682
5638
19185
-13342
24627
15201
-25875
4284
3978
-17554
-9759
-2461
-26655
-20656
-19817
-7123
14589
19540
-19885
14858
10069
23043
27650
-22150
-24732
17678
-19925
-18014
22533
25890
-10707
20181
21166
6216
3898
4473
-11720
7011
-15124
-19013
-5134
12137
7162
27419
8638
-21156
-19982
-24001
-18215
5777
19952
23231
-5895
3455
18237
-11084
5643
-19223
-1384
-19282
-2216
-6086
-3936
-15116
-21466
-13231
-15360
13819
12797
4983
-24103
3908
-24817
-28418
-8694
-15303
5582
25282
12967
15769
26594
7909
4585
6008
21575
-6600
17419
8980
-11526
-28683
-17109
11795
4700
-13295
-3875
9505
-21995
-3994
-4918
2513
1292
-7802
15496
-25525
-27394
-4703
23397
-13119
-19327
25256
-19568
-7382
13507
-14101
-15934
-6036
16949
24240
-27645
-19752
27049
5473
3032
18493
-27144
-28674
27573
19379
14591
-20307
-1380
25792
25574
-28945
14892
-29122
28564
-4897
27928
-7800
-12198
-10835
13606
-17713
21472
5342
27716
28729
-18568
26882
-26745
-27847
26179
27272
-20806
-3396
-348
21250
7545
16194
-879
8754
13885
14030
-29388
-23598
-8041
-25881
-6901
-6513
24786
3956
12171
22837
-3413
-29375
-12661
18529
23701
-8758
-12151
25038
-8784
8980
-12957
-23715
73
24962
6998
-17174
10760
15828
-10572
3492
10732
-20033
27373
-2875
28291
-18309
-957
-19708
-28890
-15460
-5710
-4062
22796
8002
-3867
28782
6737
-10459
11284
-254
22481
23386
-7824
3677
-13815
7469
29039
19616
-7879
-23865
27525
-6512
-12187
-10833
-594
26939
28701
-12025
-8760
696
-29007
-19178
25719
-27754
-23535
-4680
13651
-13632
-11444
-11473
21976
-16155
3680
29486
13475
-9652
15657
26772
-7459
12269
-25019
23315
-23813
-7495
2507
-13944
8804
3210
12810
-8603
2714
18413
18325
12636
2473
10219
-24366
-1692
21241
6332
26051
-14027
-23810
7468
-24127
16641
-14347
2286
18365
16988
-237
28066
-140
-13047
-11653
14370
-3709
-4790
-28282
-11485
21256
17901
14539
-28126
-27898
-11120
-1507
24167
-6805
-12473
4197
24459
14075
21036
-18744
-22079
2599
11641
26835
-7577
-9050
935
10908
3894
13154
-7059
21363
-18698
-10858
16142
-9692
9918
-12516
-18455
-11753
22825
-2307
-16195
-10532
-29327
15088
-16180
5775
-28009
19729
-18435
-29209
-11726
24801
-14001
205
-5472
-12135
25206
17045
15448
1540
19161
-2452
-2053
-367
-15517
24987
-14229
-17803
-15114
18718
15839
-4299
-28677
28059
-21674
20727
16616
25838
16125
-9946
-15812
-7214
-17512
12951
19258
8637
-18514
-27285
4742
-2202
-17712
-7780
2446
7840
-1378
27803
-26764
9331
24156
-15538
-16886
15467
-804
29029
5257
24975
-28770
-20375
10877
-4927
19815
-4194
12563
3902
-22418
12855
12172
-22665
3652
-9693
-2427
-4556
-23311
-20170
-24370
-18140
20787
-28044
-4033
17749
-23577
-16060
13415
8703
3717
-19367
17372
-21150
-21540
17401
-7713
-11052
-13054
-10323
-9402
11582
-15319
-10302
16291
24368
6655
-23290
2453
7536
-10967
19346
16637
4442
-20937
11642
23318
-14739
27054
16002
-11777
6890
-11333
-23624
19118
9779
6724
-21105
-7232
22214
-19859
-26665
-18216
-14735
16729
8737
-28467
-28471
3946
7862
-22093
6515
-15314
-9630
-5377
-22637
27314
27943
-3244
-14305
27048
18759
13225
-2252
-5274
16476
1157
9471
3904
12515
-23940
-7218
-19635
-15214
-17646
196
-28370
27365
1118
-26390
10738
-13631
-23193
19482
-17818
-23312
-26134
13480
9158
-29007
-16427
12072
-20517
4527
-16918
-2994
21671
-11643
10969
-3640
-23819
-8220
20129
27901
20353
-19922
-9112
19534
3179
16290
16384
-25297
-9295
-1237
26260
23488
-4540
-23848
-5630
2118
23852
-12098
-11273
7501
306
-17938
-20954
-619
16479
16446
28063
-6917
-6371
-29383
19459
8648
15920
-1733
24783
-27773
-22691
-7313
-24471
-24307
3944
-16743
7463
25326
19103
-14838
-24202
26553
29166
-7402
-2319
-20918
12397
-4610
17872
4559
-26967
-9734
18201
11095
7817
10174
6195
8324
7103
1972
15202
-7697
-1460
-5813
-17151
-10505
-26245
-10290
-6453
-23982
-16488
-14772
-16074
-8834
-20945
13654
-9280
-22273
5521
-18895
-26066
-19859
-4719
11413
8346
-29183
17298
-9691
10600
-27563
-6264
-28334
18658
-18463
10295
-13149
-21507
25379
5605
23040
-11407
19454
26051
-6182
23836
-9727
-10345
29239
26683
-16006
19888
-9292
28266
20632
23882
4345
-12141
-17840
1644
10116
14261
-19441
2117
-3768
-17209
3124
-13217
2068
-17688
23589
-9549
6508
-22299
7668
-13445
26927
-6243
6335
-16761
21320
17950
-15003
24244
-27122
14897
-2485
19786
-2036
-25622
-16129
29159
-9780
-20035
18038
-26832
-25573
-11942
-26695
29237
11273
1155
17999
9584
-19271
-16536
21687
-9616
-3088
-6421
-26422
12066
2364
10389
-13080
-5490
-18128
-4737
9053
26228
9641
1484
-4933
-23265
-1352
-20342
4847
13580
26335
-11982
-6081
-18700
22291
19114
16217
-26111
3345
-15629
-22431
16610
-17011
48
1539
-16911
-456
-26375
-29486
22432
-4979
24030
-218
-4063
-12037
-24672
-11224
6398
15499
2408
15232
-20186
4910
22566
-16635
-16062
14653
18405
-14860
-9934
7772
-5991
7314
-211
16140
20401
21459
6578
6640
-2970
-27862
-11844
-25733
-3669
20613
5709
10353
-18401
-14040
-19869
20212
-12957
3676
-21166
-22177
-8990
-10006
-10094
5953
-10853
15850
-24142
-10334
9979
6071
-22441
-3570
-11252
7778
-21830
10060
-2133
-13277
14594
-18407
-20511
-28585
21310
-450
986
-22722
-23134
-9804
957
11848
-43
19556
-7231
-27834
-4356
-24477
-10495
28615
21077
-15544
-7316
-4060
15563
-27517
-27212
-22583
7569
-5040
20580
-12736
-634
12196
2666
-10805
-20493
2395
-21106
25910
2353
-19174
13014
-23383
16022
-2519
-21666
-27296
29100
-13308
26674
108
178
-24119
26583
13736
1105
-22397
-19129
-4001
-8124
3429
-24987
-27111
655
-27809
-25978
-7293
-25847
-6755
-15232
-18415
-5622
-22418
-8868
-3841
19464
25527
-11304
-12230
3923
-21386
-8864
-26352
-7133
-22758
3646
8351
28729
-17981
-17269
26389
21507
6845
20136
-17123
22060
21664
-14856
494
25348
10566
9468
3525
-13634
28217
-3096
-11121
13482
6352
-9305
-11572
-16839
-24861
7415
336
-15639
-26239
-28376
14067
-18387
-13763
-28658
-20606
22085
-15213
26775
-19797
-14553
21688
-4329
-13694
11372
-26469
23038
20146
-24430
17613
27200
-468
4020
10605
-13759
8827
-1482
-5571
23757
17571
25633
19856
-27024
6283
11657
9723
-13450
-4386
-27188
-23941
3569
4861
-17622
-3055
-1647
-28822
-21084
7331
29067
8870
-22400
18959
-4038
-24554
5888
-16040
-4908
-10717
8426
-4068
-23357
-16770
26
17056
-28916
6631
-22656
6137
19865
-16014
-265
16164
-19135
-20492
23890
11480
13953
20287
2325
-684
3318
12800
-6433
-23877
-21493
27951
-26440
12481
26169
-21866
13109
-11651
-15514
20798
24144
-9021
7824
-19113
17090
22486
-10695
9022
22201
-28583
20981
4253
-5071
1334
19113
13101
75
-728
23548
-15787
-23846
10536
11927
4033
-14006
-12035
6903
-13391
-22
-9904
616
-15962
-17809
13801
-6740
-15773
21140
-5798
-22656
12271
-12977
3848
7295
27283
-18219
-12730
25493
12875
-2988
13847
-5109
-5305
-20265
1300
-13998
7879
-5980
20863
16005
-20765
5373
12607
852
-22770
192
-3958
-10277
4868
-10329
-15597
13914
-16906
18006
28261
-3466
18425
-19560
17535
27277
1004
-14408
-20005
24573
-10347
-177
-3926
-3821
15645
25666
8067
26962
-18258
3771
10941
12679
15090
-9841
22542
-21722
-13062
-1845
5426
-12074
24054
-2840
-23572
18818
27453
-9064
3223
4900
17790
-20535
20127
13071
-27431
3947
-27837
-210
5863
7955
25178
-11970
20323
-2818
9846
18163
13214
17429
8025
17740
24124
23853
-10151
27837
-26089
6866
-282
-15897
2073
-25600
3168
20907
-21176
-10301
7734
-8298
-5013
-9528
-1022
-7479
-20982
-17764
-24816
-1908
20372
-24150
9362
-4705
21904
-8062
11468
-5950
2474
16216
27594
-21535
1716
-21689
-27691
14624
28504
5627
-25218
-25850
-10938
-7026
-29262
20212
-1853
29237
22657
46
7494
-10938
-11598
-21811
2678
-24673
-3134
-10515
17136
-6992
23680
-18312
25394
5502
-22398
127
-13688
14688
8924
-25790
-4863
22834
-5436
14369
-22803
21641
143
26398
2201
15879
27846
13527
4558
-7862
-26982
-3978
-5162
19054
-18328
14311
-27275
22788
9905
-4574
-13830
-18614
5051
-5294
14334
23992
-12053
8841
-4558
-26970
6808
-8039
-28681
-1635
-24084
7560
1563
21
25767
22438
12618
4573
-14605
-29009
-22434
-10599
-17887
4129
2061
-6500
17726
13634
11081
158
-26928
-4245
-48
-3076
-29226
8990
-14309
-26856
205
24804
-27754
-28680
5175
2535
-28564
-23411
19841
-2793
-22154
-20294
6572
-10105
-27974
8022
-27582
-22986
-20126
-21040
15427
-23979
-20723
-3125
-21228
14564
-723
22392
-27242
20950
-20418
25104
-10260
636
-28093
13515
-16882
24572
9542
-12762
-14102
-19435
17805
-3629
-13156
26708
17826
5090
17839
-22405
10154
-10372
11059
27229
16536
3867
14482
-1868
-12979
-27094
10452
-21080
-2398
9835
23079
6450
-16649
-1530
9886
-17970
13694
15561
1329
21162
-16235
2226
23248
12041
18100
-16391
4293
-10378
9373
1334
7401
6940
13945
17628
-25841
26446
-5518
-19458
24889
16750
-4698
5893
-16149
-5124
-5843
14983
-4027
15032
17109
-6746
-3535
1222
-29283
-17986
20474
15390
-24940
7956
-28267
2017
-19966
20847
6772
-25717
8331
23132
13784
-22696
9737
6529
7747
17409
-11535
-8525
-17587
-2526
-5317
-24530
-15181
-22417
3215
-18445
-10286
18700
4238
1155
26209
-3695
22627
4592
-5583
-9079
23791
3848
-14644
1148
-14759
-15296
-21873
11166
16576
-10403
-5350
17285
-28529
-9860
-11348
2563
23290
-27101
20217
3369
5171
26952
-21924
-13174
-15922
-1838
4708
13439
-26362
-4357
25024
-2206
18734
-22886
-12405
13884
7158
-3353
9963
15982
23445
-3518
8411
-6992
25188
-1139
-5277
25920
-29375
-9910
19948
-2864
-8942
5179
-5622
-10056
-13803
-11027
25017
27112
-23661
13885
9305
7725
-27553
-13362
14515
-247
-28081
1564
20514
22319
23511
1612
-1948
-15079
21591
17686
21444
-16164
-23716
11704
24368
24570
1689
8381
-22880
-13254
2227
22458
-935
5468
-26215
27406
-447
-20037
-9498
785
-21321
-17892
24530
21973
-22277
-13035
7997
-14170
-29367
11868
-18102
-10324
-12744
-20503
-21488
-20943
27573
13380
25956
4219
-9967
-19822
-982
-389
16365
1677
-17998
18531
-20766
1705
-26985
-7716
10137
-21309
1467
2291
24144
-1968
-24869
-20883
-13235
17632
-14444
6454
-24867
-17568
7027
-23702
12713
-3002
-13001
22053
10213
-25705
10038
-17790
24787
-20423
6882
-15193
26079
-10353
5287
-21852
-1217
6419
15966
3366
12008
21179
-11881
-9427
-27746
3200
27811
13925
29053
-2692
14596
-19982
-4600
8470
-2931
-27737
-10803
10385
-6182
-3043
21008
-13601
6838
20394
18116
-15410
-26477
-13163
-19086
-27856
-11539
1227
8866
-7202
-17442
4088
14885
11498
21055
-13927
178
-682
-10523
10995
-21573
17998
-27330
-6595
6330
-4461
9183
-27202
21655
-24910
-12519
-12187
-28794
-23945
20754
16268
14037
11165
-25094
-11875
-29103
-25921
-27256
-17757
-26171
-28494
-15045
17627
-26169
28579
9294
21635
9478
16330
-11750
-14313
9698
3725
334
-19036
-15887
2933
-5313
27279
3115
-4028
26577
-24087
-13460
-9060
20850
15713
-11518
21974
-25801
-385
9123
-11077
-25411
-14323
-957
-10728
-4974
-23998
-28648
22272
-24883
-12219
9675
20319
-10542
8969
-1644
-26482
-5405
-27730
27378
15464
-9479
-15645
-5879
-10843
-7621
24696
-5631
14238
-20241
1987
-370
5381
10610
21293
-15927
-6987
-26118
7324
25642
-6122
27824
5773
-17031
1742
8260
9807
8142
-18307
-17204
-15249
13742
-38
10101
17657
3779
-1702
-5750
2139
-20668
16895
24345
18423
18986
19428
-19130
29243
9271
-4664
22886
4857
29114
14867
-7814
14306
13572
-11030
22659
-21188
-7946
8038
-1230
10508
29334
-24890
15274
18722
-12846
-14441
-3459
-6260
461
-17011
-366
18446
22583
9836
-12496
22014
-4646
-15818
-21552
27230
-24301
1755
-17566
21721
-18017
13948
-19752
25840
9633
-5006
27277
1419
-6837
-19907
13040
5682
-16344
-14747
-16492
-245
-26701
-12430
13956
7150
18791
14440
-28235
4103
-3632
-8181
29041
9258
-14682
1938
-23873
14466
-8986
-19529
-19911
-28592
16390
13489
-883
-11444
-6393
22654
-22336
-27747
-16767
1220
-29037
-23341
11670
-3063
26461
24227
-13185
-7212
24664
4675
-7684
17718
25038
10233
-15871
18830
-4687
11681
-805
26002
-25457
-20301
-18015
-16456
-15605
-20475
11378
-16623
-15603
-17848
-5975
27048
-7857
-11936
-25444
-8698
-15795
15508
-22906
-21016
-13064
-12502
20425
17180
4638
-12469
-10683
5439
14147
-6836
564
22886
8835
2097
-25290
-19109
-17636
7263
-23114
-27780
-8237
12908
11398
17262
11575
6682
-816
-17193
4043
8058
-22192
3842
-23725
2777
-20117
-22471
-22820
24243
5785
-14736
-25276
2134
-20950
16420
-229
13356
-6150
11933
10889
3622
20392
4864
4607
-11325
25450
1011
-6387
2456
-20924
-13853
-11402
894
11531
-12551
-21483
3493
20917
-4823
-1429
-12433
18215
-22373
-19399
29488
10747
2834
17406
29306
-18232
17187
-9309
13638
12248
29392
-22892
-29365
14614
4057
11258
14953
-383
-8462
15947
-7070
7207
23203
-20148
-28965
-14347
17545
3941
26315
2824
-13814
15682
9292
18914
9909
-2834
-13148
-26211
-11328
-26762
-4127
-16172
12011
-16504
-24687
19982
-25950
14802
25328
-23172
3519
-2847
17618
7283
-13078
-29404
-1010
23245
23909
-22100
21273
-27460
-24043
27498
-6667
-25315
-1743
-26769
-28525
3642
-17033
7190
-9750
-21677
28570
-14749
-25835
-13044
-14645
-11817
-8512
17999
-25964
-8580
-23371
28440
-20999
-1237
-1177
16584
-13439
14024
-27937
25194
-23654
-1131
-19261
-7749
8376
-21087
-12439
10568
20321
5479
1356
-23025
-20847
27024
-29335
-919
15119
-17107
-2385
-409
-14132
22339
25076
14706
-28981
7604
-15800
-13732
-18649
4271
-3143
-18074
25517
-15381
16440
-28034
-18669
18807
2148
8618
-4194
-3796
-22094
-19405
24713
-2499
-1625
9810
-28657
1928
22727
-4877
-5155
-2754
20944
6488
14589
12867
-26491
28116
12162
4726
-26826
24659
-1796
24252
-4812
4559
23222
-2310
-18901
-4420
-6982
13616
20097
-28822
-306
-13727
-19792
9773
19791
2619
-18060
14821
1258
17968
27410
-4757
-10675
-12853
11264
27832
-12633
-2225
4502
26773
-14914
27227
1417
13470
16594
-19782
28001
28082
21597
20251
-10247
20765
22904
-13770
-19425
15157
4585
-23128
-5927
-9909
9478
-4695
8769
17658
12213
6932
23974
-14876
446
15106
-16277
-17004
10869
16552
22788
-3048
12757
-19408
-10926
7793
-20768
26876
-21949
16324
-10698
13737
-5617
14605
23612
5671
-19822
26604
1916
-15369
-5401
13040
25674
23981
-21216
21928
5318
-5327
-2102
17376
20335
9313
-26042
18193
-27972
-6620
-3293
360
-14394
-4774
16945
-13491
18476
-28749
-21068
25084
-1746
-26494
6514
-2595
-24265
-8967
6749
7532
22820
-442
-23313
-22793
-4907
-18560
24828
-16982
-7292
730
-10003
9708
6208
25914
19579
6073
-3143
6769
7259
-13590
-18991
1121
-11368
-6769
-29392
10715
-26069
13888
-17225
-19772
5931
28516
-4596
21783
-25843
511
10721
-7350
-21854
-28582
-6680
14317
28933
-2178
-12096
-9044
-24068
-2942
7498
7289
-28737
7888
9772
119
26239
-14271
20756
-19215
-14040
-17405
22726
17312
-2920
-7194
-28729
11911
27422
16427
-15743
-13890
-4553
-5442
-15787
17200
16874
12178
-29198
24617
-9581
-27791
8105
14014
10083
-6434
21302
-8463
2256
24875
13441
-23907
16346
23692
19192
-1370
19177
-25030
-14496
21638
-27049
-6013
21261
-3194
-24499
-2412
13696
-10829
23977
25998
-19595
-23982
-11834
-1826
-20230
-15242
25556
12674
5777
12265
-29330
-20907
11310
12679
20819
5046
3377
-6037
18671
20763
-2855
-7338
-26517
17227
10207
-3586
276
23359
22275
-18928
20585
574
-23231
-11119
11026
23205
-23100
6467
10506
-13201
15137
-23396
-15354
-29461
161
-13953
-24886
22465
-17773
3971
-13479
5751
9101
13306
-12048
-26703
21072
27679
22780
-24618
16818
-826
7793
6589
2066
10326
6861
4532
-21066
21524
14951
27389
17207
4867
24605
9099
-11199
-19139
6152
13930
19119
-12664
23710
4599
13158
18174
25437
-12386
-6342
23590
19728
-5949
-1926
12807
-25878
-7826
-17327
1109
16049
-21827
28708
-1940
16103
-8705
-700
27418
11222
-27977
-15808
-14199
27067
15899
10536
-25382
17919
-18775
-20715
21755
-29193
-25758
24737
-14653
16181
9270
-22871
17395
-17258
11526
-7027
2640
26318
-14204
-11731
-12237
-7666
4519
17709
23186
-25881
8853
5450
5953
17301
25825
14642
-19368
26816
21540
-11816
-22280
18048
28096
-21971
8927
-28910
-27397
16820
18613
-8886
-3069
16484
21098
-13206
16767
-17642
-3106
12911
10959
135
10019
-26510
-12488
-16734
-24666
-17241
21235
23373
1953
-920
-2172
27075
26000
-16722
-23888
-26283
-8395
-4863
-14882
24785
19886
14419
-950
22796
26257
22865
-14075
21482
-8825
-22220
14369
18218
28711
-1123
-14685
-25633
-5120
4567
-207
-19889
-7576
24648
-2401
721
-1657
-6800
-25914
-15973
0
4980
-1289
-8028
17900
11487
26271
-27854
14396
-25870
-12328
24601
16241
9556
-5916
-26551
-14140
-1128
-4555
-2469
-27703
7849
-2892
-28500
25905
-17830
-19488
15046
-8926
6579
-29138
-4044
-28026
-17130
-18006
27776
-11654
20009
-4674
21359
9601
-29072
-22908
-27642
-24156
-16496
16844
13783
-15057
-6463
21203
-25225
3823
-22706
29140
-3442
24493
-20467
28919
-25993
-26015
19065
16314
-14867
-14931
-1613
26164
7425
19613
21652
-21560
4648
28720
-23849
-3330
15621
28876
-22429
-5636
14920
5549
22333
-23466
2507
6440
18536
20385
-1524
6153
-29027
11149
-28579
8675
348
26781
-19872
-6855
21074
831
18557
438
10758
22504
-26257
22463
-18935
15058
3883
-9854
27043
20138
-12648
-17536
-8317
-9902
-20068
25799
22862
22109
-2612
17081
-8236
21268
23972
2259
-1404
1929
-15446
-24072
-6670
16755
10720
20105
-2862
-22161
1334
-27161
-4077
-17611
20304
-21886
-1496
-6775
20371
3635
-1477
5674
-15798
1261
-8845
-23066
17193
-8210
-13040
-29457
-27249
-14636
-10054
11745
-7759
17489
5141
-8814
-20207
-29410
-6894
-5502
-8028
17836
-23854
-22713
-15720
810
13324
23808
-13737
-21953
543
-11820
28576
-27140
-18231
14955
-6702
3671
18606
9842
6108
10724
-25701
-23722
6343
-7795
29238
18913
25154
-18846
7357
-27846
13869
-27000
10267
-16965
5378
-13213
-28169
10943
-3028
13225
-26171
1781
-26290
-21006
16775
-16003
-23986
-21126
-21149
20279
5305
17243
-14319
7452
23528
2003
21866
-16630
27540
-24790
15400
-17593
-22596
3481
-10792
-16366
-3591
28807
7825
-13058
28659
-13025
12955
-13959
16179
8492
4288
-2424
-15167
6454
22079
-27644
13723
22408
6894
-14248
-8760
14675
-7855
-29014
-23267
-12661
-6301
-8002
18073
-16421
-5290
18533
17307
-17386
-8017
-20271
-24176
3196
-10646
807
5185
6263
25997
-15651
23479
-26464
-27698
-23075
8475
1787
-19928
-20767
1736
27072
-18713
-14207
-22378
5580
25171
-15452
-1627
24041
12285
1668
8216
13615
13476
-886
-12889
-17330
24690
-26055
-9610
11209
5902
-3939
-23343
-21261
11591
-962
-9463
-7385
-4206
10797
5954
-25333
-20202
-25329
-27450
16279
20700
-4944
27653
21445
21256
-7834
26798
14682
-8629
22934
-29248
4222
1190
-24666
21372
-12875
-7293
-1465
18693
5600
3772
-8117
-12994
-1290
-14407
-9466
-3517
20260
25392
19448
1516
12478
-9719
-2407
25980
-8555
-19288
-1646
9000
-22028
-22289
-11578
24043
10298
-16400
6104
9451
1360
15299
-28031
-18218
27507
-133
-24977
-11314
-29386
4684
29460
5314
6492
-10161
-15510
481
23580
-28915
4108
-4216
7147
20051
-3005
-16651
-7278
-20611
-24483
-7321
7414
-13988
24517
11144
10989
11307
-29391
18461
24631
-28346
5797
10415
-17916
19948
7422
-16216
27555
-16758
10533
-1540
13169
-23724
26691
-17429
-16492
3187
-8863
-3413
-27302
-15637
16133
23723
-15720
16122
-27783
-26852
-6310
-20766
-19691
7514
21125
16454
-9644
22130
20133
1428
-1423
-26042
-20612
-24453
1579
10418
7006
21993
9360
19446
-21208
-19366
24678
-8570
-16692
24304
27727
8126
-6586
11111
-28573
-20955
-7743
19595
-11542
-26077
-7152
-15261
-26184
-5962
-8763
13792
-25762
-7133
-9293
8660
22880
-21057
18653
6472
-27766
15741
2223
17690
-5375
9761
-17765
-18175
-9421
1147
12771
9838
18953
-4341
24331
-23052
-18449
10836
-14523
-19783
22796
-25456
28987
21386
21720
7592
-16228
17582
-26317
4843
-3588
14769
-28088
-6677
-1351
-20504
-5030
24210
-1850
-14640
1907
-25902
-12134
16729
8370
-28076
4121
-16671
28060
16732
-21946
-6751
-592
-18734
12049
20135
-29227
-21633
-12771
28553
-5631
-19449
-22358
23672
18298
7036
2341
16347
-10726
8249
13969
4462
-19538
28659
18355
-553
7076
15339
-2443
14103
16097
-2418
-18416
5766
3202
29
-26035
16371
2283
-4090
18573
-17878
-13466
8241
-6484
-11615
-14473
-842
16251
18008
17138
22746
-26498
28441
-4337
-18108
27722
19179
25345
1366
14612
1148
2327
26630
14058
3939
-6327
-19798
-22664
-11816
11372
-18192
-21737
-24904
20422
-15265
-17644
-6438
7637
5088
24988
10733
3655
12480
9657
15776
4272
18124
23596
11588
-8398
-12977
8091
7752
-28080
14575
-16404
-26276
-20455
9247
1360
20463
-23223
19435
8901
-16814
13973
14234
-23120
-13775
8190
-7044
15644
2126
21056
-22942
13787
-2086
1144
-12737
-13621
-18296
-7470
-15395
-18300
27237
-3102
10506
-7423
4116
-47
6646
13137
9667
15459
-20861
-23944
-9502
-1072
-16255
16115
12950
24393
13504
-23171
9731
-5187
-14178
6013
-11667
1820
4481
1714
-28860
-8921
17132
-9030
553
-9046
-17739
-17709
14678
7547
25483
-4659
8055
-1856
-1537
20884
-2695
25254
7108
-24452
-25481
28447
-5936
5158
-4035
-20118
-22085
-16945
6213
2745
-10110
-26885
-10379
-5998
15124
14007
-16432
-16062
7543
8952
3604
-22886
-12638
-27620
15429
18078
24800
-24305
23959
24679
29355
16390
-14000
-13886
11101
10601
9456
-8663
1168
-11708
5709
16066
11719
-3981
1458
16067
-15756
-16438
-885
-346
-28106
4833
-4852
4505
24467
-9843
-23130
-17310
-11411
21438
2894
29200
-12679
-25437
-11726
29054
14338
24481
5594
-13249
26803
-15975
-6068
-12186
8461
-4836
26961
27569
-23774
25263
17576
12524
-8093
10590
18323
19489
18035
-10615
-18578
2582
-14496
16809
-26856
-4399
16431
-24739
11028
-15862
-21977
-11331
-28350
7669
-9855
29119
-23720
23291
-120
-22548
21004
-22941
8603
-15027
-3001
4307
24753
-12710
-6624
-17718
-9223
-22070
2836
3494
7277
-15904
-3990
-27047
-27116
-11238
-640
11382
15257
-5793
15076
13424
7813
-21137
-12548
1998
18516
-5703
27548
9755
-11026
3623
-7368
24299
-26639
-15989
-23795
18026
-18220
14323
3633
19476
29192
-20393
-20619
8034
-27349
18722
-7276
-5961
4249
-9313
-11782
-17401
12906
15843
6376
-15569
11487
-20180
22311
-3166
-1424
-17450
6813
28608
5255
8985
-12475
-10271
-17909
861
-20763
6988
-2046
7332
-25319
22652
-7161
-17285
46
25351
11459
-9432
-11569
9513
-24253
-7938
-1258
15365
-10291
17231
16673
-28342
-18260
9047
-233
-27860
-8278
7418
29000
-17289
-20483
-8000
3003
9702
-8209
-16017
-29182
-18670
-23588
-15211
-10465
-24846
-5553
-19604
4799
-7203
8237
16288
-24494
-6931
28179
-29354
-2423
-1834
19093
-12373
16280
-29361
-546
-10657
18175
-5724
-25369
12291
-28710
-9766
-98
14258
-11026
-23351
19184
-28911
22007
-23209
-22076
-19686
-20741
17386
18342
-19495
-22854
4275
11779
3482
-27857
15694
12633
12814
-17269
-25345
29330
-1310
13344
-23804
291
242
-22244
-8752
23089
11219
13664
22312
-11189
17101
-23796
4574
2014
-4058
-17153
-4275
20306
13607
-3503
27579
16827
-26880
14789
12889
-26587
25159
-1944
-15386
-3054
19687
-14715
24423
-25672
-24220
5858
578
10115
-26928
-14141
11982
-9177
-11522
18861
17462
14450
7527
26801
-28248
-20487
-2366
-12935
-12188
28328
-26882
-27963
25665
-20048
-26955
-2445
22524
-11438
25494
21544
-12951
-3808
24992
-22219
-25840
-18360
-16183
-18910
-27620
12838
-19938
-2631
-22390
-7932
-6047
24358
12110
23955
-643
-19502
-5330
5525
2433
23374
5448
-14354
26694
-19232
-1390
22864
12381
2087
11078
-3669
-6086
7540
13979
25802
19850
27172
-22655
28869
-17676
-24719
9249
10232
27946
15985
-6331
5904
6456
15655
4783
-6698
10703
-15329
-8874
-25265
18651
-25303
-11867
25104
3504
-16640
29071
22456
-25469
-15908
8391
-17765
2193
-19708
10186
1842
27687
-21598
1812
-11105
6646
-17502
25090
-3661
-4024
16888
24036
-355
16001
-21001
-14603
11383
25170
-22577
-21564
28029
-24109
-26960
1873
-16254
-11936
6953
-8774
29234
-16030
21544
22131
-3681
29333
-12811
-24119
3963
-29050
-1524
19865
-4736
-17459
-14412
24407
9567
-19976
-2171
6759
303
16815
-29119
-12913
4399
2294
-23352
-19156
14920
2052
8255
18682
4944
-10973
1371
-21800
-13443
9150
-27066
-29440
22830
27386
23923
-16782
15020
-2568
-25306
17398
18176
13092
29287
29025
-18908
17424
9427
13357
28954
19854
-6398
25802
22127
12164
25772
-2226
12578
-29249
4045
13193
-6900
21700
-881
-12825
2916
23918
10761
26546
-3089
9347
7573
-15387
14425
-25480
4431
-18991
-18382
28301
-6811
1157
9739
-101
13322
-27955
10422
-10357
22375
-21032
-27683
-25895
1308
-16795
14933
-26215
-15640
19478
-26798
16964
-22898
20216
16753
-16588
-5782
-2477
-6265
-17044
-16151
11247
-20551
-12859
-25773
-16626
-27260
11698
-5637
-7215
-847
-14079
-8238
5365
-16248
-2243
4419
-21345
-11385
3080
-5824
12739
-15847
-1727
18935
-21070
23293
-3111
-1189
8016
2467
19065
-18482
-21828
-13950
29361
-23659
1796
16124
19617
26979
29205
3082
-15289
1174
13921
-1376
-13429
18997
19411
2987
5990
798
16641
22830
-29372
27935
-9194
-5950
-7804
20311
13966
-18938
-5421
-29329
17878
-15554
-24594
9482
-16568
2891
-19982
17111
28427
-23150
20137
-602
-26458
1257
-1066
23086
-9414
15187
-21687
-6576
2321
-18784
-17826
-15020
14320
26157
-21991
2828
-20814
-26290
-27163
-4193
-4405
9684
-6492
-15941
-23810
4197
-16672
-7246
-28456
-14802
8906
-22228
9517
21258
21786
-20207
-1927
23272
13561
21610
-6671
-58
23304
-4187
10037
-4448
12268
6678
-3444
2891
5789
22357
10432
12607
27717
-25500
-18425
-10727
26309
-16010
3839
-22545
-13526
-13205
12295
-23071
15157
-11587
13770
-7870
-4341
-22069
-23189
2468
8084
-24056
-21267
-27577
-19911
-16363
11248
-25644
11053
-5578
-21059
28448
252
-12139
-26217
-10951
6633
-14994
4084
-13077
-26868
-5122
-8457
-14988
1709
-6510
26538
7150
-8366
-16849
9739
24779
7497
19428
10866
26375
-5473
16085
542
-26571
-28708
-4416
9435
21426
-27566
26060
22693
22036
8415
-1967
17930
-17330
-12251
-19305
29371
-18155
11840
-2237
-27527
-24697
25328
14423
2714
-17136
-29115
16081
-11071
-16866
-19327
18213
7115
8334
25093
23109
10644
27192
-15986
-28334
24873
-13900
27904
-16276
-13067
24150
18441
-23746
4451
-20186
-25263
6628
-24887
-1658
6754
25899
24847
6338
160
8870
25065
28956
-27539
27694
17882
-25066
17704
9592
23931
-2489
197
19895
-956
1555
-15078
-10002
-12525
-26797
4897
20210
15943
-14947
5091
-564
18671
-8642
-27332
22842
10043
-18764
-17358
-6004
-1393
-10009
924
23147
7665
-7695
21259
11544
5528
974
-24310
5481
-6001
2968
-22173
16879
705
19518
-17292
25838
4611
-25026
-10987
28469
6685
-4733
24518
-8182
14577
-20863
11629
-505
-4445
-15830
28750
-22199
-17488
-7230
-21757
25676
24205
-3645
-448
-25828
20016
16543
-6294
-1351
9399
-2030
-13377
-11944
1021
29168
-594
-26199
25875
-11444
-27141
-25227
-19397
7913
-7786
24613
17297
-10567
28671
9820
-28462
-2177
24201
-12034
25177
6804
4898
-7914
26950
-4092
7926
8085
8457
-11440
21513
5521
-6580
-10482
-22785
6502
16668
-4573
24516
-22086
-714
8400
4105
22973
10854
19171
9562
-9187
-13413
-8849
-5416
19275
12441
19277
25075
18567
27265
26533
-10560
-6352
4436
11239
-2082
16973
7786
5654
-20915
-19386
-11012
27277
-24995
27146
-1350
-3777
20459
19551
-21588
18387
631
-10432
-23098
5440
16534
22747
27816
-22225
-6088
-26619
8006
22865
11045
-6564
15330
29291
-29424
19349
-10247
14572
-15509
-17587
18260
15771
18356
15178
-23836
22582
-7218
-16534
3985
-9091
12378
11479
20650
29110
17668
-21142
15491
3946
3726
-9599
-20010
-19284
-26093
18010
14388
21040
12040
-19594
13917
3412
-23081
23894
23729
7542
-4740
-15457
-23734
18048
27529
-28662
-1217
-23236
-4805
4755
-4182
-28474
28773
25114
16065
-5858
11176
12372
-9422
-27150
7214
26428
14615
-16043
3292
-6475
2743
13215
-783
24319
11331
-8710
6626
-2632
17224
-29051
5047
-28105
28271
444
-13047
-22961
-9337
7908
27891
-23923
-17090
-13156
15689
-24832
23262
-16574
12859
15367
23184
-17250
13168
-8666
-6589
490
-21754
-8333
25980
-18837
-10902
18123
-14746
-19771
-18254
28645
-5113
-6136
15159
-25790
-19491
12969
-10637
11895
-28142
5329
2610
-20947
-22487
25253
296
-26547
-20728
10177
-1370
5760
-2461
25097
19183
28319
25906
13489
-26392
29437
-1574
-25893
28984
4151
-2418
-28323
-4223
-18681
12914
-29026
1948
-26912
12671
26719
-26935
-23410
920
28456
-5222
6817
15432
25239
-19050
24266
7457
18025
-12058
6
-17166
20915
-17424
2850
-4842
-26565
-5182
16774
1706
-11513
-3220
16176
9918
-22949
1843
-17771
28217
14074
-24713
-14850
-24882
-7662
19032
-25553
-19737
-13716
7318
27997
19035
-17640
12390
3326
-494
24087
5198
-21398
-19760
24888
-24760
-21356
9031
-16259
19234
-4954
-1038
-21903
-27829
15290
-25126
8267
2214
1091
-11815
15101
-5862
-20569
-26185
-9287
6373
-16496
14285
-23078
-1654
2165
18933
-22534
-29392
1988
-20600
4229
-27550
-550
-6444
-20275
-1896
-1347
-25487
10434
24400
6691
7502
14651
25720
28457
-431
26247
-8302
13427
25762
-28533
24804
22710
-17371
-5325
-22240
14579
16362
22468
-3453
7671
20269
-23983
-22462
18743
-3423
17863
-29481
-22706
-7765
-6036
19685
577
24652
-4441
-25541
-2479
-5249
2917
8247
-26016
6932
-21689
-4022
23140
-21597
-17178
-4540
-25928
-12606
-24921
-1354
4328
14703
24963
-3679
7538
-25947
-1456
21823
5443
-7367
-24227
-83
24695
-25132
1821
-4345
15303
-20575
-19393
12740
10614
1043
-29221
20977
28747
9876
25552
15206
10862
-8773
-24792
-27593
-2916
-2387
-6713
-27725
-17733
-21439
-28739
7027
-23654
-20738
-23645
15610
22612
-22484
6822
7059
-12897
5221
-3935
-23141
27028
10536
26775
-20583
17349
-4682
25343
11029
-20810
-27575
-22081
12545
-28869
-1282
3129
18418
-3150
-29167
-16586
-26686
28367
8164
-29377
-27218
-16189
16447
-5956
316
21971
23076
-4256
15344
-15678
-19158
28092
8151
9277
22285
-27896
-12628
12927
-2676
26121
-2915
-21998
24023
-29189
15262
-28999
-2170
-17367
26639
-6090
-27665
16325
-10818
8225
-5590
-3626
-13931
17006
-2140
-27154
26233
-182
-827
-9056
7971
-5807
14714
22211
-606
8998
-12059
7396
7977
706
-20062
13289
-10636
-6593
20734
10683
-24614
3856
-24364
8579
-6213
18461
16525
29473
-11845
-19164
-18560
5834
-9759
23997
-24810
15619
-607
8106
5180
1785
11699
2696
24918
3048
24752
18068
20499
23432
-17543
-9286
23555
-20690
-581
-23312
-20493
5243
-6128
-4501
480
9480
-40
-9332
-18118
-2095
-7340
18605
-28588
4152
6987
28776
22729
1036
-12473
-28890
-15289
20492
27913
11858
6125
6266
8842
-29385
-7670
-10069
28189
-29447
13940
-5586
-25671
-8201
-21950
-27287
10820
-28034
-28785
-4366
-21789
-3177
-7901
-23458
8240
8831
8533
21506
-29091
-27854
1366
-2004
28934
-8403
-6541
19800
7260
-25298
-26090
1684
-6088
13886
7553
-29472
-28495
20037
-19783
4105
25981
27521
20304
22939
23891
-24975
21070
-4970
-26974
1956
-22607
-24824
-1912
-10925
22490
-10877
19026
-29202
26495
-26286
-13985
-28022
27093
-26442
-8906
9663
-10498
-29049
-15301
12663
-7179
18891
14095
5072
-23918
28429
1219
-14145
6024
12196
-1917
8365
-23118
22063
10659
16101
-22782
1138
11359
1314
-23639
-25913
6843
17511
29291
4024
-15954
-5599
-23201
-5080
20063
-6476
-26439
-19705
10008
11279
-17810
18292
-12925
3286
-11342
11390
-7333
15442
-978
8273
25129
-3813
2987
-18336
11409
-16945
11204
24960
26028
17802
2309
19889
-2491
-7259
11934
-17262
-25109
-7902
-9399
-22382
20912
9917
-27969
2369
-20419
662
15999
-5128
5713
2739
4577
-1291
-19639
-15240
23241
14050
28480
-26298
-10819
27089
-3575
6154
4113
-21192
13631
-26051
2239
3105
-17585
14770
23367
28256
-27909
-11223
25056
-26511
-13446
1969
14167
-16039
-11776
-18016
-3358
256
23547
15969
12701
4286
-10110
-25357
-14226
-18008
-16049
-16115
-4096
-7036
-9611
22486
-17533
-19838
-25008
25059
-18028
4262
-7448
3262
8409
20058
428
-10189
-18810
6300
-21705
20986
-27851
20366
-16559
-716
13596
16760
-5793
-32
-27746
-9199
-14062
-6484
-11743
-20069
26054
-4171
8128
25171
4275
-22000
17021
16200
-5626
2323
-4430
-16264
15507
14417
8673
-2616
-2076
-11888
-13818
20583
21196
-28585
12953
-10031
24733
-15210
-9708
14588
-25120
12270
10303
-11559
12549
23765
17927
1052
-21679
23140
-606
-5433
2817
-16895
-9662
13890
3744
15469
15451
14956
-20986
8859
-1169
-25828
19762
-16531
-28727
8460
-19339
-25851
25584
-20733
1183
-7827
-26851
-10950
-8819
-387
12193
29489
1095
26114
1619
5525
-21288
4177
-14122
-13327
-3900
9068
6920
-11426
-27795
-15096
-2782
24153
6509
22266
5546
-3352
-10110
27726
-1283
-8302
24048
18394
5234
3897
-156
-23809
11059
-7341
-28486
13333
-21864
17571
-14181
5096
4115
-19058
-3596
18817
27838
-28419
-20841
6927
-29342
15216
4896
10196
7328
5840
-23450
-15617
-2128
-9768
16695
10338
-11120
26606
8507
20444
23863
-17834
-6032
-25894
-20772
5159
1011
-3685
12797
-13807
-5046
25846
3957
10701
14480
-3143
-4081
-1757
21352
-8044
22724
-27077
-14578
23438
25525
-17242
-16682
14996
-8171
-17361
-16088
-11549
19640
-2573
-21995
-7577
-10430
-25002
19068
13645
-3801
11887
-9513
25706
46
-22931
-1464
-8250
-27479
-8864
28095
-14176
13212
-20399
-19504
-12003
-28628
-965
27711
-12885
10017
20306
25919
-27997
20355
-24689
-11007
14312
-7771
-26157
14347
3348
-2049
-5098
7559
24598
-4691
-6629
-8183
-17742
19627
-15915
3209
16594
-27969
207
-5767
-25198
18799
-5722
-7508
10228
-3334
-7545
3683
-8184
14960
15234
15042
17125
2564
18878
-13655
24441
-5778
1782
-19685
-27423
-24079
-29362
15962
15313
-4910
6407
-20641
20322
7141
-8708
21014
12423
-4820
-8073
-17605
-19181
-2861
-7669
-25870
-11198
-21602
17817
-1285
-18629
-19969
18793
3349
172
-3067
14421
2968
-22452
-25394
-13691
27913
-24673
2241
24823
-24957
-18269
7136
-28675
25141
-23158
-25926
-18152
6508
26014
-1234
2080
-3357
2144
-13604
11497
12382
1229
21204
9484
-384
20178
4973
-25008
17848
20383
-26655
15949
28361
17148
-6023
12842
-12258
9304
1033
9568
-5082
-20397
-4657
-1332
10490
-12710
8591
-15698
15624
13100
-22545
5465
-24297
27669
-9482
-28295
213
-22303
8903
13625
21190
22922
-11239
-8389
27985
-3897
-5621
25088
-18443
-1529
-860
14304
-3809
21423
10041
25419
-14036
18426
-22603
17808
20568
-5509
11797
27644
-18583
6968
-26693
-9519
-21163
2169
6088
28865
27532
22570
3980
22770
-8557
-17639
1536
1841
24186
-29152
20971
6384
25930
14463
-7888
7951
-7684
24864
-28329
3232
432
-18276
-4238
-11979
10051
14930
16007
-6231
-18202
-12147
2049
6801
17392
12960
-19206
14391
-22701
24639
11193
-22890
19852
10523
12498
-741
6176
-4240
3982
17092
-17708
22171
-11442
-20787
7936
1440
-12295
7560
12643
-13413
-22611
608
-12800
-10308
-356
13636
-28608
-1285
-22207
20834
-14169
-5662
-26693
-20694
-29385
-8255
18325
4469
20048
-19142
10460
14501
-9201
-22749
14285
1266
-1785
19883
-418
-12092
14653
-13575
-13195
-17179
-23392
17787
11837
-6888
13270
27205
-1991
-691
1714
-13768
-14863
-685
43
-12428
4855
15971
11181
-20814
8398
-29289
-6329
-2299
17432
22418
12869
16235
25457
-911
-12992
-7659
-4210
-10843
-11577
28469
29038
8430
18272
13043
10741
-20849
-21426
22757
-28649
10603
17976
12853
-20973
8287
-22207
-2227
9132
-7557
1017
26362
-11183
-19168
24038
-988
-215
26751
-13695
17486
3548
11207
-1731
-6850
-20994
28753
13400
-2650
-418
-29475
-27744
18141
-26767
16026
12584
10577
2625
-9005
27874
24226
-1515
-19144
-15655
-28664
21957
-8056
-836
1560
17289
6790
-25404
-7249
-2579
12872
16753
-29186
5819
-27736
19785
-15333
-9842
-15751
21691
-11756
14280
6663
21394
-17826
1016
19680
6523
-28768
-14535
10873
6582
23385
25097
17713
-18659
-7550
27407
-954
-9791
27249
11768
11586
-5169
-23975
28517
-24489
9789
-26476
-28646
-28904
26095
-2232
6018
-21155
-724
1109
-20487
-2476
22797
4435
-18523
26855
23170
25185
16569
3619
16265
7043
-29154
-22632
-23029
3177
11545
25913
23665
5770
4200
-25461
15996
-13804
24649
-16443
11579
-22867
-361
-20703
20212
6724
28148
-21173
21003
13820
-6652
-28434
13918
-23701
18222
17605
-16767
27480
17276
6169
13858
-1869
-24014
8076
-4941
28243
-25754
-20023
23613
-767
-18099
-11049
-24990
7898
24777
4140
8374
-12221
12293
24487
-26755
-16675
25753
17988
-25346
-15752
-7951
-10658
-26466
-19421
-12836
-20458
19313
1204
-16429
20509
15374
-6707
20125
8107
7282
-23361
-5414
-25278
-5844
-25984
-18114
-2573
6965
-18817
-24631
22042
-24568
4053
17178
-19609
8630
13602
12220
-26440
8351
-20223
-11680
25292
-26410
21335
3021
-27643
14981
21086
-2504
17213
24210
4024
24577
-4897
18394
16554
12913
-5223
-1874
-17140
-13089
10750
-10296
13229
7338
-8466
-19604
-10631
-7949
8598
-25844
21594
7390
-26354
-14659
-20607
4827
4071
-8009
15322
-25847
19308
22916
-18527
25978
13705
23206
17192
-25485
-14928
20696
-26654
12339
10696
-3302
4413
-14124
5347
11093
-6746
-20759
26244
28871
-25366
-26208
-8099
25920
-7080
-15995
28088
-15715
10893
-22902
7794
-20941
-13052
-3745
15631
3253
-18869
15034
8123
-28356
-25621
-24057
-14774
-13169
10468
8866
21941
18597
17019
5244
-23201
11074
-11659
16715
-7863
-21563
6211
22578
-19118
-12125
-13894
16649
-20515
-3516
-7278
15885
-3573
-14810
-24735
-836
-14803
10941
-15330
2182
8055
23632
23910
9938
-16902
-25938
14876
-8258
-22373
19772
2186
26483
4652
26617
2862
-19346
27365
-24194
-18717
29249
16432
20102
-1682
-7156
-13476
-26315
-26699
-10145
-16286
9837
-19486
24126
27587
-1481
-26475
-19426
-13732
22175
22900
27502
-13999
-19120
1464
-9180
-6008
-2808
-25898
-10345
14345
-1259
15659
10165
26020
11227
3512
-20220
24837
29297
20200
-23977
-22919
-7967
11562
19281
-18826
7387
-20079
-22878
-1712
21295
7532
10708
-6301
-13750
25485
-5225
791
-25231
-25412
15221
25480
8062
23595
16158
-21890
-25559
26075
-19959
7618
-15585
917
-736
12901
18905
29423
-17191
-3736
-7313
-27497
-15522
2740
22232
-10982
11880
25957
-18911
-23087
28696
-26540
-12916
21784
-13246
-19137
16623
13312
-23134
106
23207
-4479
-16386
11465
-16046
24061
-4788
-720
11472
-8286
26072
-13394
27470
-6594
16533
18283
7139
18394
5352
6037
-21193
23030
-20407
316
-10714
-12473
-19485
2819
20321
-182
-8263
25191
-21596
-1161
15418
23470
25231
-22884
2391
-17014
-19041
21563
-7722
-23235
-16618
-7024
8827
7327
25037
-10894
-6068
-12794
-22613
27188
-23825
-1606
4129
11808
-13443
948
-6626
-23772
-22383
-5681
-29282
-28018
-26349
15654
22967
23844
-29011
9094
-12597
-25369
-23371
-25554
2965
-11391
-19683
-20910
20019
-28160
-280
-25200
-20882
-2047
-17287
8062
-7138
16779
9313
28188
-8432
-3176
9920
-4596
-15391
-29096
-13235
21481
5281
-29216
16982
-28570
26728
815
24070
22762
22723
-7325
-18527
-8777
-21571
19723
4045
-14829
18873
-2307
-28849
-20449
-4615
-24913
8455
-17852
5551
-28935
-20950
-10267
-24319
28519
-15806
23515
10992
27047
24211
22334
4587
27405
-18825
-2702
16581
-972
29161
13751
-17319
18366
22853
2325
28932
2118
16109
-10379
-15404
16736
-18109
-12744
-7773
7344
-9305
-10562
-3358
-2962
-28254
-10824
-1789
-15601
-1356
4087
20025
16205
-14354
-21898
-29414
-5980
20960
-19971
-12579
2548
5533
2785
-29341
15967
23610
-14581
-21633
15834
13567
17284
24710
-26881
2184
17050
73
3075
3929
-28878
23845
-17058
-27989
7870
3549
-21955
29390
-6400
-13802
-23522
2037
-19801
-20898
13419
-25547
12572
-25383
-6233
-22121
28585
-15556
-7994
-17026
2588
24906
-1023
14281
-8559
-12835
-23675
27715
-7165
22036
7060
10511
-2520
-10189
-1552
15711
24306
-278
1820
13711
27093
9308
20646
-5655
-18904
12074
-15036
22757
-24847
-1419
-3752
21372
27649
26755
-26251
28946
9907
-14610
-7252
22926
24539
-22301
-21037
-26884
-6261
-9134
10187
-19956
17516
4727
-22943
23407
20609
14987
-1195
6510
-17825
15323
11439
17630
25827
22936
23321
-4129
17022
27696
-13797
15642
-15151
-12662
-4265
-3411
11843
-23313
20149
-21461
-27982
-5710
16223
-8940
20660
9636
12321
998
5272
-19830
22855
-4379
-3604
10526
22908
14394
-3459
-2219
-13073
-26046
25933
-23614
-13535
26391
4587
20824
11509
-26753
-20654
-22558
-1104
18662
12869
-17273
-4907
11696
23261
24543
273
-4942
8949
9587
27914
-115
2219
-2408
12803
-9718
-27387
3312
-12900
14627
-19360
20354
15389
-7279
-19331
20949
-9337
-23347
478
-27112
-20006
-21681
-61
-10131
13252
-23110
-11462
-11873
14585
22399
-430
3638
17511
21894
15555
-14215
-25187
-17050
7052
2883
462
-25174
-5257
-27946
9047
-14989
12212
1902
-26295
-21279
24287
22164
18623
4197
-8246
27058
24149
-28486
-22350
2539
11237
-2074
-18752
-4702
-17378
17942
2490
-5376
-21135
852
3916
9030
12124
-27023
-7208
-7547
-19435
-10486
-26887
-2233
815
-637
-21116
-23246
15286
14679
-11975
10618
26041
19996
-12066
-21632
-26469
220
-2505
14812
15828
-25363
27805
-14278
-7426
4499
-27232
12556
-18154
24595
-14938
-5113
-16259
8617
-7237
-15384
20285
11970
-1672
-12626
21958
-4755
-2041
-18166
19695
2943
9254
-4788
-28347
-11766
-28271
-27725
28613
-23902
-2890
19978
-4627
-14819
-5072
19103
-26843
-662
-18077
-25936
16842
-28636
-5016
2684
-19294
23560
-5386
-18750
6557
8225
-6566
-27634
9534
-15467
-20648
18929
250
-3071
15031
-1729
6596
-5530
22856
3867
23740
23523
15251
2834
9096
-16392
24720
21217
16936
-27987
-18017
24577
18228
20417
-5629
-14369
23044
-7493
-11863
-11745
22556
-19055
19638
-1323
-14088
4968
-13035
878
6705
4897
18652
7005
-16477
-12097
-5770
15895
23839
-28043
29102
-504
-21720
3860
-2446
-26581
4578
25454
-1614
-15972
10082
-13706
24488
-1354
16783
-26592
13712
-20763
-16649
21310
-22181
-12108
-7673
24183
-21063
6897
-17523
-12456
-3240
2785
-19147
5634
6325
-5395
-17652
-9795
-23708
14441
-28628
-9921
25028
-18430
1387
-20688
26528
18908
-11051
14860
3972
-16417
-21564
-14790
7608
26823
16330
23796
-18043
24453
-24496
26198
-21161
-8167
-9109
-10035
13956
20022
4157
2718
-14078
23788
3821
-5231
3509
-23329
-22918
25202
-16600
-13549
3376
-775
3287
-7937
-5590
-19534
-176
-4544
25956
-21835
6826
27516
-23712
13042
21558
-9895
4091
-24204
-9610
-14814
10933
-26206
-989
3176
25436
24838
-29101
4779
-5911
2138
8824
-13307
15403
24802
22931
15060
1442
-873
14450
16086
-28775
-27259
-1324
21608
-16809
-21022
25548
23068
-13644
20070
15159
29218
-19854
23439
-26130
10207
9977
24518
-16050
-19367
797
26693
-13043
17497
-10620
-14443
10859
16008
-28720
4931
1823
-6546
16828
-8498
2597
-4255
-3064
-848
-20279
17898
-12351
961
-13385
21191
19563
26578
-8006
22823
21166
4353
-20786
12041
26234
18833
-24976
-28162
-2322
24360
13115
29454
7508
22544
18403
2277
-24155
-21774
18607
-7704
6054
-12285
23093
24536
26878
25281
3776
6009
27264
-7512
7717
-3555
-9158
25329
4108
-2058
-26298
-20319
2403
29173
-2392
7384
20743
24677
-7896
-19841
27798
1621
22753
-11884
-24261
22318
-4921
-3505
28519
-5377
4346
13996
-16208
-13583
14086
18116
-17659
-11281
-28976
-6793
23658
-5819
15277
-26106
5184
26780
28569
4624
-28646
20047
13844
-28035
15138
12946
-23793
2146
2883
23289
-3355
3489
3005
1143
20829
26342
24472
-17903
21705
-10749
-28735
1954
-23930
-41
14142
20394
-10451
19983
-26121
6819
-8872
2875
-18169
-15852
19840
17552
20898
-1275
9563
-2466
-14797
-29125
24760
11625
16623
-25119
22584
-20836
20233
15613
14086
11041
-17547
9307
-23086
21210
-17672
-3562
23949
17424
-27242
-678
1483
19775
5719
-25602
-4734
9449
28785
-6837
28582
2882
-2138
-4988
4679
-4215
-6873
28203
-324
16526
371
-15811
26445
22490
-21119
22706
-17870
4047
25422
3804
-17008
-13863
10532
14571
5412
-12892
-18474
9121
-15964
-19889
-21756
14087
12499
25213
-14054
5276
24749
-16308
-2715
27474
26829
683
-3028
26236
5866
-14926
1022
4279
3084
-5563
-20854
21708
-22865
-21264
-20688
-27166
21099
23103
-22261
-2267
-6300
-22050
21492
21473
14204
-19666
-13941
-18148
19609
-1910
-20617
-28895
-13064
27965
-27621
24268
-26073
10131
-8865
-2625
-16447
-9524
-11318
12321
21897
-5349
18651
-28809
16969
1531
19684
-16276
-7270
11661
20550
-1279
20429
2850
28981
23870
-6746
26865
15650
1504
28962
11500
-18012
-22764
-14031
13890
2975
-6066
15242
-28087
18495
14643
-18862
-6545
-27273
-28795
29270
-696
-7548
-17920
18118
12135
-29399
15997
-22915
26461
-9865
-2884
-29197
19133
-11314
3329
25161
-20276
21665
14
25035
19013
-3363
-24258
-27709
22072
-1517
9655
22510
-11521
23342
-27866
-12980
18388
20833
26237
-11619
16528
28613
1593
-14592
-27192
15314
-21301
-6668
-11249
-4904
23946
-4368
24344
18013
-12482
-10729
-7677
6231
10266
27852
25156
6598
-26763
2672
-5683
2641
-27121
29240
-26131
-13407
-25236
2808
-8740
-7355
17055
23829
-19717
-13036
-1608
-22832
-6692
-11673
24888
-17781
13047
-16757
7411
4836
-2434
18691
-16354
-1340
28453
-18681
2680
-12203
-22188
20737
4582
4649
2674
-18610
4048
-24100
10772
-26455
-18334
-12137
-13039
18408
-12519
-25128
-25481
-20678
-6241
-17882
-15629
-18639
-11871
287
27800
17222
-19315
17862
12391
23934
-3851
21652
11683
-13383
-6501
19964
18149
-15010
19834
26291
22281
-7002
2428
20405
12763
12333
-12666
6535
-26278
-11964
-17530
-6664
14051
-14123
-18938
20173
24483
-3172
-15070
-14606
-4944
17838
3626
4561
28202
-24909
-1474
-1215
3183
-19585
-19527
-4987
6265
-11631
-146
28709
-27695
-2013
-1539
11313
-13778
17690
-5839
-23878
7671
-27934
12787
-28774
5702
21875
11702
7334
-4023
-9661
-7650
-7371
1763
-21037
22524
7424
-7406
28441
21972
6300
-7564
-7721
-25556
-9288
-15000
6402
12985
-12243
2722
16932
8370
14371
-16628
7965
-13342
-15880
-13510
-7872
-1714
-15968
-8849
23386
-21550
-16767
-25911
12320
1735
-1515
-27460
27210
20294
18896
22131
16339
-21266
27809
25581
11565
-12267
-29425
-834
5592
29135
-21651
-24252
-4346
14802
-9433
9576
22969
17291
-23498
-3181
-27249
-19544
15967
-19222
3469
6782
-20252
24466
-26040
24727
-22778
23644
-7792
17095
-6238
13752
20784
1500
-5772
-6215
-26152
-28616
14366
-4990
-20579
21913
8126
-1504
-8435
-9157
-7584
22799
-7160
-28351
-20942
-9071
-19679
19050
29415
-9781
-874
-26682
-18021
-15980
-6636
19252
-5945
14240
1686
9652
-17858
-27201
-14942
-23520
11953
4083
17322
-5745
-14126
21294
3865
-1598
23082
-8976
-5373
-14306
-21663
4181
24851
8776
9665
21140
11803
-7317
17890
-22177
21909
539
2703
24930
10775
-24880
-14574
12431
-23998
-14079
-13938
12251
-26446
-9143
-4343
-25167
-2454
1852
27769
22030
25394
-13522
-20633
8168
-17604
5101
-17946
-25648
-3012
8048
-23938
2932
-3726
-14436
-19353
-15670
23392
-27611
-20792
1072
10772
-5289
-15314
-13309
8812
12557
27738
12003
-4605
-15008
2043
13363
-22614
-25963
-16269
-4763
9860
-28951
2274
-12334
-9731
-3938
-2358
-5793
-24336
-20104
-392
-6691
29296
15902
4887
2821
-26542
10424
3859
938
15715
16691
-16710
-18600
9417
-9979
-2667
-26873
-4545
26061
11069
18839
7521
5020
27771
-607
17122
-15842
-23477
-18796
-9301
-2319
22966
5463
8411
-6786
10004
-5655
6374
2112
-11330
-24559
-22259
4418
-25178
-2769
23537
4874
28114
-12511
8842
25642
-8882
1981
20477
-9948
-28962
28914
-5537
-23033
13921
-10318
-19555
-22502
11653
29093
-6375
15555
9097
-4662
-26604
-5342
-27764
26673
-5344
4674
25995
4484
-19326
26636
-18405
-21932
-8113
-3843
28156
3188
18039
15865
-5767
-25087
-22428
29061
21230
-9100
19628
23584
24972
22130
-18507
17309
-26209
18079
4536
13857
2932
5752
-27307
-27635
18410
-12324
18120
12003
3831
-23300
-25595
-6843
25082
-16145
-4586
8357
-195
-28010
11518
24678
5880
4743
19776
19631
-18475
-4583
18831
13851
20312
-21856
-3570
12324
13575
-25255
12500
7445
-8911
-11554
-27779
-6371
-11384
-4040
12312
-20910
-1182
17273
-14826
21450
25536
-22835
-22666
8564
1014
23803
17809
112
-25439
-23659
-3038
-11526
26136
9782
-13534
-8437
-24726
-14764
-10689
8372
-19313
10450
-22551
23246
7457
4569
-18445
14207
-15568
17579
16453
25916
16673
-7966
628
7483
-13712
17697
-10080
-21815
-25980
9437
-13877
20736
16068
-22695
3261
27566
19418
21955
-13993
13299
-9444
19349
-23436
10918
8547
-14078
7795
24234
6793
-18635
-11433
-8755
-11137
10876
26541
231
17120
26210
-7405
-26761
14940
13860
-11604
-13617
11992
-20265
20257
21270
3913
-16585
26482
-15613
-11265
-3431
1223
-2624
-29478
21363
-28090
22504
19040
25757
-10973
-18891
-26288
11073
-20256
-19591
-15902
-13057
-16892
6336
656
8888
8378
20947
-27324
3404
-6727
17061
-16010
6426
-13590
-15649
-10154
-25741
14532
22490
-28489
8991
3710
23910
10933
-4802
4612
-21987
-19927
-16288
-997
-13753
-23560
1092
11668
-23802
13504
-28094
11734
26723
-2550
-25604
-12818
-20790
55
-18826
29277
-4744
-6645
-25706
5815
-22159
-14053
-11847
-23703
19464
-22971
-1002
-12441
-15539
-16320
10019
17328
-5372
-10703
13627
-13615
21850
-12157
-26467
-1749
-11802
-2008
-12266
28724
27988
6932
23979
-11033
16980
15633
-8534
13063
-23969
-15773
-17110
7418
-17590
-12766
-13426
26149
26423
19561
-2859
-586
-7398
-2310
-21144
-13507
-18573
22466
11205
-21626
-4104
-10284
-28609
14122
-3526
-8159
-18747
-691
-13469
459
-14722
-12230
-4414
6542
20205
-13055
-10182
8533
29186
-15880
-16469
18892
17580
-10085
-28620
-4157
2565
15344
9493
10152
17894
16212
-1578
-23308
18540
6003
-27543
17015
-6291
-10964
888
10119
25058
-27956
-11521
-27105
20238
12005
-13532
15888
7867
9445
14770
-19996
5925
1041
-9409
13602
-3879
-1765
-17150
14094
-28865
-163
2220
-13708
-19551
-8967
-23246
13046
4785
-27027
26767
16029
27980
8421
26076
17880
-11285
14990
-22318
374
24110
1452
26347
-6973
1425
4099
27160
12249
5592
-25615
-16334
-22214
658
28949
19909
-659
849
-27054
19776
-6970
-27859
25025
-3546
10296
2362
17084
27271
7135
-22594
5203
-27620
-9151
-25126
-12639
23517
-16995
16663
-6111
-7714
20313
-5151
28453
-17762
22383
-13501
3262
-22423
-26726
-7504
-18916
-696
-15158
-27198
12875
-9803
-19328
26422
-675
3713
27262
-22521
-18740
12398
3585
-4997
-22875
4952
-3454
10090
-11771
-5750
-11323
-17639
473
19413
-27459
-862
14869
7907
29079
-26114
-19951
-10635
-29123
1148
8295
-4793
-4875
22252
6600
-13949
-10637
-17646
-13881
10036
8125
-14058
2343
21270
-13661
-28022
-13207
25994
-28280
-22321
-19244
12168
28233
5209
-24271
-2477
16696
-18928
-12041
9884
-10744
13498
17408
19510
3024
-7149
6987
-18504
-17425
18797
18713
-5493
-1922
-4143
-2808
-16055
-16616
19628
9855
28062
-20040
24975
15664
1626
9039
19913
1629
8693
28120
12993
-24862
12787
27949
-6445
-26929
13408
-11257
24650
-18724
-7274
-28094
-3615
-18284
5727
14520
-12985
-21603
-22428
-14466
19370
-3948
-18109
-12761
-8852
-17461
2331
4098
16490
11532
-14993
-20200
23821
19206
-29051
-28109
-659
19955
25087
-18050
18245
-4954
8963
-10879
-22060
12241
-11320
-27737
27532
-4200
-23633
18427
20561
-11716
10780
-22399
-6660
-16425
-15006
27413
-27445
2992
8045
-9800
-15157
17482
-19404
8879
29478
19924
-4499
10717
5218
8972
-11122
294
-24981
-15808
-5913
-20247
-20084
-18976
3039
-2806
7199
28369
6310
-16204
-13836
-17846
16328
-189
-22790
22042
-6152
6465
27993
4931
477
24054
23325
-2605
10768
10487
-12005
-19860
4058
-27363
19044
15372
12317
25253
27013
-1934
10311
27991
20847
9091
-3569
14306
-26041
-28123
14958
-21851
18395
-6224
26631
-25716
170
-13577
-23528
2427
-29120
-17091
-2843
-9073
21420
-12628
-10491
24226
-19377
7348
-6141
-25648
17512
29379
-4574
5798
19883
16853
298
-12729
-14636
21779
-24964
5327
-641
-489
17982
-20523
28813
-10936
19229
-19660
15300
10360
17403
29440
10816
930
11717
15243
-2334
-15991
-16628
-28200
15246
-8873
15252
-21809
10157
-26953
5530
-27970
11641
17221
-5167
-8487
-15800
20872
-1920
15110
7069
-20892
-19455
-14023
21125
-10384
22940
7654
12286
-12947
-26648
-2719
8293
-9718
26702
8186
29117
17770
606
-19798
8843
-20571
-5562
-378
-314
-14874
-28134
3143
-2846
-25726
1038
-22708
29008
14159
-8031
20037
-23463
22282
9370
-24677
-3689
5707
7298
13979
9385
8475
18900
-28278
27114
-4113
-12716
-612
25969
24707
18739
-16322
-12624
19406
8977
-14985
21771
23836
7957
28584
3040
21124
-11606
26663
-8131
-23619
-20340
7871
15169
-26263
-1798
16763
1592
-4785
-19054
-22788
-9847
-12684
-7801
-24997
-16160
903
28996
-4968
-5126
-12733
3404
21225
9990
29413
26263
20252
-27028
15026
6835
14498
28161
-16487
-8176
3102
-9668
21506
2509
-29180
24241
1309
10972
514
6730
28369
-3433
11676
21199
-23326
4797
-2443
29029
25773
-18508
-23734
-2734
-28361
-179
14063
22605
27322
24588
24415
-9739
-6689
18533
-1938
-20610
-2697
-7672
-24458
-8823
27085
25154
27670
4228
-23245
-16102
-18498
-18363
22905
-17457
-7139
-24001
-27337
26415
15477
-3840
-19533
28335
-3883
2628
-25042
-13003
-14018
-21291
23249
-18059
-27674
28656
25926
13150
20138
-20275
-24773
21482
-8347
-10453
11129
15160
6705
-23870
-7946
-28714
-23742
13469
-13412
-20076
28338
18895
10743
-10286
-19594
18644
25158
21451
-14591
-24230
248
16109
28408
24528
-27603
-28189
7769
-21952
6333
-28936
14256
-6656
15210
11367
-1319
509
-24170
8750
8302
18628
-26590
-18415
9611
3051
-5021
-27900
19701
-12378
-7975
-2623
2650
-15279
-76
25089
-17594
2982
27904
-1193
23894
-27250
1411
-29321
-13507
24573
-4987
-2180
-5717
14124
-6006
649
-25749
12580
2024
27931
21889
-9116
-7523
9453
-2451
3221
27778
-24143
5591
10474
-16552
5078
16217
-12651
28134
-21807
-1538
13499
-3528
855
-1485
-26328
-10529
-24600
15354
-1322
-5476
15390
9267
-5115
-21593
-1026
-18140
-4749
22457
-13218
-3910
-27634
23240
-24799
7931
27805
24366
-27664
-13553
-23138
-5573
-2787
-19629
16192
-8910
-5947
-11960
-12589
-4719
-5294
895
12321
-22898
-24004
-20323
-23818
-19898
-27648
19288
17759
-28085
-10322
7461
-20453
-19366
-25519
-20201
8678
7653
-13740
-14270
-4977
-1252
24630
10469
-10618
15662
-3382
5273
9219
-10314
37
-23530
20469
26684
23701
-26851
20813
20176
-21783
13032
-26314
18394
17814
27582
-3896
-183
-4063
612
18600
21727
-28584
9923
7325
6598
14721
13743
-23155
12403
19411
-28767
-10633
-17685
-28382
21745
2219
13975
-16656
-22138
-20297
20402
-14246
6940
-8584
-3516
20948
13818
-9693
23427
-10864
14760
17094
-8213
1445
-2393
7345
13557
24308
4946
23731
29072
2697
-14620
8406
13518
8745
-26205
-18364
-15418
-15039
25899
9910
-15795
-19725
-26640
-12798
-9631
-12935
12965
3951
-23397
8809
-11174
14236
-651
-21180
-18700
3036
-12711
-6956
16843
3302
22251
11091
-20418
-23619
8453
2098
13819
3217
28761
28408
-13438
17215
15696
20081
-4698
25232
-7268
12582
6038
-8024
-16050
10932
23730
-5987
-23801
-12940
-5860
-5482
8120
-22699
-22849
-19255
-19715
-19124
-29182
-13318
3875
29030
-5245
20411
-17136
25938
-28486
-27890
-8135
22136
3947
-27418
20074
-19925
-7314
-24453
25433
-29122
22322
-19560
-17561
-16472
-21095
-21050
21917
-4890
-8099
-15013
23882
5013
-9128
-17831
24354
-17410
-25637
7699
-13147
-18998
6198
-2573
-20226
4391
9863
11429
-14619
1112
-9584
25165
-1108
4161
1851
29373
23353
28748
-15312
-1040
-2783
11884
13128
-4815
1574
-2026
15665
-330
10501
19058
10515
-8011
-1271
-1992
27088
-3790
24393
24161
14541
-17573
-4415
8554
-14345
-20029
-1047
5888
8690
6578
-12302
-8953
-6905
-17427
-17285
-2444
-21918
-23004
324
-26681
-5752
14667
27972
-7
-14324
7547
-20942
25391
15043
-20604
-23730
25142
26898
-14666
-19354
11184
29119
-14287
-8207
-8265
-2039
-14014
3474
19560
-5877
-12965
25626
2934
-15765
-9016
56
-24245
-27495
12427
14274
-1748
21488
5214
15179
25715
17126
-11174
-22473
-27145
-6456
-29051
14032
-2845
13697
-133
-28612
21948
24803
5961
11747
-25912
11543
-24536
-10570
-11883
20138
-2188
-25791
-15205
-3282
26393
-15257
16243
-19172
8395
-16185
16042
2508
23155
-23192
-18326
15703
-9675
-25393
11978
-21485
-22460
168
-5191
-19228
10060
-4985
10921
-6911
19220
4369
18392
7433
-8158
-6621
18133
-27766
-19278
7640
14357
20782
15984
28398
24763
-4663
17016
-12031
25287
29323
13836
-9758
27308
-27075
-5308
592
863
-16227
-5766
12454
16372
12877
-28502
10354
-15265
8594
-7073
4335
-16235
10462
23747
-9756
-25736
25917
2893
19569
26317
22110
1202
28152
-3672
-14761
21718
22532
-25988
13966
-9724
21239
-15162
4736
-21808
22609
-21468
8724
-16186
15137
-18626
15234
353
12308
1215
3335
6159
-16022
4468
-13929
-11828
-58
-16028
7018
-11822
-18517
23517
-3785
26124
-5030
-28866
-17740
19779
-8246
20430
-6594
-11989
17737
-25227
22174
-4726
-10103
-16519
5568
26420
-8704
-15885
-14884
-24121
-15529
8505
12589
-4919
26166
-19643
12723
-5595
-15372
-18010
-19604
28184
-6522
6378
-3989
18341
15252
-26734
8338
27651
20668
-12051
6543
-2928
4988
3643
13756
-10568
-3992
4666
-29013
-13468
-817
-18844
12921
-23284
13144
19004
10946
24610
12485
-16444
18992
-15141
19554
5241
746
4658
-6276
-13538
-2336
-21348
7056
2764
10208
8155
25005
1011
-28754
22432
-22355
13518
-17846
-22218
26821
-27384
-27709
-3047
5055
-19074
13252
25904
-90
-22309
20259
26123
19630
3815
20038
-7261
-19
-24695
-10371
24515
20847
5553
23909
-4310
25811
26298
4127
-26529
22688
24264
26132
-1650
-12310
-24329
22373
13154
17801
15870
18718
-22944
-9538
18530
13818
15733
15312
-25543
19232
-24423
19016
-10788
-16979
-17936
-24935
-102
16786
8873
29021
15985
13465
-5230
-22365
-7092
21212
-9682
-22264
1849
6337
-22512
15707
466
5139
-27225
-16763
-3511
-23351
13558
-16705
-8182
-27521
-14562
20587
1977
13691
-17247
-17920
4944
-18166
-17828
-23638
15309
-24289
22942
21855
-19979
27567
-9382
22943
-25228
-21011
-3457
-26679
-13594
5829
-21727
-22149
-5828
-23408
9015
17129
-1543
-25639
6624
-15345
-7076
-18120
8285
18810
21147
16031
2749
3293
-17517
-28594
3495
11658
-6133
8430
-10322
-8675
-7121
20429
-17485
27595
-14139
-550
-14350
-1331
-5941
-7386
-11825
-28194
18141
-2890
-14169
-18388
-20177
26484
5703
-14012
-14082
29105
8534
-19862
17508
-3721
9962
5177
-21076
-22221
15058
-15355
12551
-28130
28068
29
-4205
17398
-5299
11039
-28072
24634
2840
13485
26055
-4700
-23338
-27500
-1580
4441
-8737
-707
-22014
-19942
23800
-19049
2198
-10134
26490
-23737
-15912
-11842
-8184
-23801
-20368
21562
-1133
-20057
24605
13187
-14509
22208
14035
29177
-24840
7048
-14138
-20492
-12388
13377
7592
-10987
-23318
-22187
6500
-1470
-7616
-23784
-392
-13878
22035
11442
-4870
24743
3483
19413
5507
26143
-24251
16397
-27046
-23163
18174
13339
5591
24562
-6169
-29168
-25264
13213
-14192
5023
-3561
-15799
14360
-27694
11006
14696
-24565
-13005
25005
-2153
4911
16151
20957
-23416
1929
-17314
11429
26202
-26727
8593
8358
-5031
7499
-6495
28723
-1187
19163
25344
14226
10326
12025
-21866
-13437
-2509
-4488
-19891
-10450
12674
-26305
7845
-7931
25683
-12398
27659
20804
-17057
23420
-11166
-3402
-3901
-19864
642
-26418
27674
-4621
19687
-11351
-12555
6134
16048
-10120
13942
-23251
-25153
-24198
-12837
1267
-11803
-11765
168
-27027
19569
4055
-22528
28168
-12498
-15774
21673
14670
-395
22299
-2165
-27931
13083
-13939
-10422
25349
7190
15560
1981
5337
15732
26322
12379
-27831
-8435
16138
-27522
22410
10178
-15503
-3752
-27776
-25331
2965
-16105
-18935
26330
9021
-26937
-12016
-18700
27025
-11428
6412
1169
24012
-29194
-10263
-19205
16619
-6543
19876
1662
26542
-3391
-8839
13949
-18677
8298
-25978
13304
16172
-21703
22618
-24134
14470
24472
8559
3960
12967
-16421
-11685
19671
-24153
5151
22736
-24653
-19463
-23386
-23207
17837
7411
-16297
-4083
4526
11711
-8341
-8279
-6382
-19902
-27015
7088
-2355
-12801
-3042
-23893
-6724
6951
25429
-101
-15008
-3257
-16811
24065
25408
-26402
14593
-3585
19203
5323
-11059
-27984
22422
5582
-11910
-22724
3242
11870
7142
-28515
23023
-3826
-25232
12458
-1630
-6759
3068
-10217
-15434
24045
17964
-9852
-12367
15087
16058
-29131
20714
-3125
-23784
7120
-10570
25308
17918
-19585
16136
-14553
-12527
28537
-22711
14427
14451
-17139
22550
-24235
12791
-29470
12438
6992
-7141
8851
9814
6620
-17602
-11331
22087
19789
-9643
28809
26359
12519
-17345
-15841
-1350
-25076
23479
-5413
-8432
-2752
24944
24238
-14363
2894
-3971
-26782
1449
15781
16092
13799
-17493
-25172
-19520
-28906
15086
-17425
-3808
-24028
2263
-5400
-13381
26543
-11182
10007
27354
11677
11052
16714
8843
-5358
-15689
26935
8595
-29079
-7314
-27061
21072
-16470
2307
-17657
8162
8958
15616
1522
19614
15448
988
20783
-22253
-21218
28894
-21776
7708
8199
-6660
-3795
1004
-1373
7693
-25744
-15951
3944
3694
-15244
-24007
-17131
1749
-6953
-12043
-26634
-26386
18442
2937
25562
-14998
-21302
-27718
5514
5517
-16797
-5391
-22428
-20793
7735
-10881
-11666
5902
-14941
-28545
-11471
22059
22161
24692
-18091
10018
-460
-13968
8475
6489
-20948
15392
24220
-11266
-23641
-8051
20591
-2225
15566
5035
28061
3367
16673
-6800
-3002
-13549
-14530
3128
10098
-27380
-27182
-27848
1958
4909
2897
-943
3569
-11737
24441
20699
46
6580
6474
-15285
-20087
22999
-6406
24109
11409
13662
-18716
22868
17338
-26041
23568
2677
11595
19253
-15905
-9244
18092
-7596
9080
18802
16208
6176
25028
-11923
-4212
16083
15447
9414
-22083
4628
27479
-13924
-25422
-28619
6101
-26415
25073
22659
23664
8744
-27660
3648
-24918
-24646
-26206
-22327
1701
3944
16330
16706
-11901
-3266
505
-29180
22253
-120
4666
-15814
16281
-8174
10872
933
20306
1868
20267
-10040
-8842
12296
11298
-22932
-11266
-21900
-15732
-7545
28327
-7596
-3119
-24984
-7594
-11640
-7905
-22499
9254
-24909
11575
-15574
11609
-3037
27157
-6499
18751
25903
-27288
5877
-14163
-15675
678
25999
-25838
27080
18083
23605
-26520
-11753
-22281
-5807
-19254
-25413
8668
2005
22528
-20287
-8972
4879
-24715
23135
27481
2252
19340
-490
-23848
-5785
1507
13703
-21511
-3525
11540
7838
-24534
-9647
-26668
-20666
-17162
-5003
50
19044
16379
-2
-11238
-21653
22612
-2579
6987
11530
14447
19075
-556
-3937
14917
-8178
-26271
18635
9035
-2412
28328
10392
-21591
-8801
2064
17245
20782
5385
-24932
-7375
-9552
22424
-20435
-13947
-26701
-2011
-19968
28106
-4044
23941
-17541
4222
14220
17387
9763
29432
12757
6592
22106
12871
-21804
15866
-20604
-20721
-12359
14543
4973
-9080
17751
-23944
-11959
20540
-8115
-10247
2072
24098
27254
-24814
26451
27177
-8884
-28424
-8681
15952
-22264
-15056
-22436
-27475
19915
5710
22219
-22213
10619
4426
19923
-1158
-12535
483
-1346
10978
26197
-7867
4176
-8540
3408
24336
-10054
25502
15846
13370
18034
2591
-17358
28882
-12783
-12786
1628
-5237
-24369
-2447
-9459
24458
23247
6230
12546
5195
-15865
15127
-13469
-7925
20225
-7960
-26650
-28088
13639
-26821
29237
29066
-4742
-14888
18142
13581
25954
-16677
26408
5814
3113
7331
-13508
-7610
22670
9338
21482
-12564
-25163
-21519
-14255
-339
-18181
10533
16406
12567
13438
4140
14419
22694
8201
26152
3536
9878
-1421
3008
15012
29392
-26683
2762
-5345
25329
-20353
19093
-21798
16093
23165
14539
26509
5917
-12919
21671
14729
19961
1714
20188
-22697
24750
-16165
16841
-29432
25346
26636
25723
2874
-19043
-25053
7211
1970
-1635
-23455
22093
13437
22084
-6477
6862
-1214
28499
-6489
18614
5295
-10933
-5202
-8709
15628
9821
-22635
16154
-2280
-10232
-7438
-21818
-11070
-19272
-2500
1646
28902
15860
1704
-7412
-20112
-7119
2629
-19003
23587
8205
-5601
17355
-21555
19923
-28374
-6188
3468
-19586
10016
27196
-24718
-28946
12283
17302
-4938
-9087
-8751
19967
-26081
17469
-21133
18921
2446
19813
-20879
-20957
-16804
1034
-3360
-14061
-12975
15694
-24897
23485
-6230
14922
-20371
17036
-14488
-29345
16346
5326
10113
5817
-15788
-10080
-29053
24305
-3606
-19577
-29465
16821
-9216
-12714
1858
-439
7012
-29242
-7970
27991
-17269
-10136
-22763
24
-5858
-5640
-4628
11920
-2836
-14121
-406
26287
-1701
-21291
19077
24623
-9408
-28189
18031
-10316
2816
16788
-1368
-12244
21034
24954
12795
-28777
-26946
4584
16267
-21148
23741
24596
17234
8759
-7825
-24026
25890
-12720
-18703
26425
5719
26830
19437
-12328
9787
6356
-6047
2481
1646
-25667
-18900
2688
-26924
18292
-6349
-25031
20134
-25445
-19550
15728
25577
-27450
-25922
-1025
-4725
27332
-3101
12404
-8824
-18622
11181
-2639
4084
17969
-8644
-441
404
-25463
11060
-3310
5849
22823
-14024
10244
3396
2422
25744
-8311
-25460
-9302
-29128
19028
28838
18449
17329
8565
4454
3998
-5584
-19269
9015
-28005
-15821
-29240
-49
-8467
-4299
4326
-25005
-13991
-15924
22786
14228
-18526
19956
-429
18429
13659
-8159
6002
5870
24776
-23818
20026
-6274
-21198
-12614
-19211
-24228
-14064
-3259
12564
26711
-18395
-24147
-6142
13939
19194
-17584
-9887
-24239
-7755
-10323
3261
11904
-3050
-29413
14035
-17606
8917
23046
-5360
-27670
25497
-12231
13479
-9295
20149
8969
-12208
-21437
-19855
16379
-23516
-20892
5385
-22029
-26340
-18046
-12291
-5816
11471
15217
7500
1228
-25683
-2622
-23228
19562
-12235
-5681
-26051
-4590
8544
-182
19066
-6043
26499
19343
16935
-20441
-15308
-8867
-18843
-25082
-27966
-5159
-27259
-19174
24844
-86
-23395
22797
-18539
-294
20223
28783
-22030
11700
-24945
4759
15989
-9583
6300
-10407
-11169
-9882
8764
6955
24348
18838
4767
6846
3099
10479
-4454
27426
-28762
-20453
-18475
-20787
5385
-28393
-23476
-21911
18053
20206
9490
-6348
14271
20666
-7547
10272
11421
-7088
-27391
-1027
-6918
24217
-25158
28616
11203
24350
-16886
9433
-18193
15291
-27781
-4710
-11715
16133
24637
-28132
20026
-20400
9407
9192
10314
11375
24876
-11090
-3709
6586
-119
-3820
23273
17885
545
-10839
13880
20503
-11326
25051
-4514
-10549
6718
-21170
24255
17183
-22355
24589
22211
7590
25620
16132
11180
22442
-12049
-12043
-24691
15862
22744
11464
21458
21744
-2652
12860
-7257
-12742
27257
-4599
21170
6060
-8993
-7186
20095
-17728
-2511
-25660
-14275
-21445
-9276
12718
-7262
-2420
-1558
6149
-19923
-24610
26359
-12488
15432
2000
10880
-26776
10675
20281
15522
2776
-27303
-388
-13503
3644
4639
-6147
14931
-8914
-15947
7495
-23932
-11082
-5860
-25029
-24078
2644
12521
23608
22942
-6392
6939
-22866
-24244
-14094
9884
-22510
-10195
29251
-14846
15260
-25981
12544
-4807
9293
-28277
15586
-19797
-14697
12652
6350
-14486
20272
-26155
-17239
-18926
-26928
5817
28108
23143
9500
-15254
15172
25202
10238
15063
17271
7680
-1641
1371
25260
28209
20163
-8432
2735
-25408
-15467
21046
-26577
6724
4627
-28022
-21457
5324
2205
-27699
946
-28208
-12323
-15027
-25050
10245
-4190
-14901
-13635
24207
2959
-14527
763
-7153
23318
-16091
-19751
23438
-17165
-29357
-72
23543
-18960
19707
26752
21245
16434
-12326
-9312
-20226
754
19324
-199
19072
-1180
-8937
-21994
-28736
-8665
18995
-9084
18813
11210
-3579
-26975
12358
3992
-2059
28082
14650
-9142
-9401
6764
-20355
2442
3406
9382
20741
9408
23808
-28243
6240
-27660
20099
-22003
-441
-23161
8434
2877
-27134
14791
1872
-2780
23220
16777
21920
-17445
-535
-7736
-10706
-11684
-12816
6377
2950
-25860
-11105
-8767
-22794
3382
12683
-21468
-15116
-730
-19141
22990
-11930
15231
1058
5845
12078
-18859
1862
-14578
-23054
20604
-10035
15801
13156
5612
6555
936
-5757
-28115
5551
2777
12989
-15025
-2559
13562
20676
1404
6673
-13103
-2730
-226
-21058
-25411
-18531
19727
-1204
-22487
26994
-21439
4764
2322
-17105
-21613
24819
-22217
-12145
3255
11892
-12581
-27296
7360
2522
-26088
3218
-10192
18308
-8574
3659
1167
26068
5499
8895
-4365
-21487
-1742
13159
599
6166
17542
-29002
3151
12844
27709
20457
16323
-10027
-422
8168
26523
29133
17213
6189
29245
19837
939
1798
-10594
-9759
17476
-17678
-227
9524
21615
11000
-16165
-7874
-15496
-2328
-27436
-2836
-23085
6259
18602
21474
25711
27973
-26799
23742
2447
18353
-4337
-22834
713
1437
-3792
-22334
-27383
-27335
-22853
-27830
11090
25789
-17031
22317
1431
-25025
22028
-1641
27106
-29068
-9541
-17418
-28482
-9563
-195
1388
16492
-10564
-26603
8108
24101
5147
-15524
-13822
-8327
21880
19359
-24568
-20965
11198
10195
22413
-2280
3882
22063
-12709
14411
-15139
-25250
-2926
-28394
13900
-14866
23503
-28022
-6648
-5196
28861
-6094
11138
-28676
2281
-4953
-14883
-411
22770
22173
10053
-8690
16188
16138
23051
23966
-11411
2532
4572
-17658
26352
11632
15506
-2091
21595
21581
-25443
20262
20655
19192
-6548
4866
3224
14772
28456
-25901
17079
-4846
-7362
5504
-17340
21786
-26380
-23394
18510
11246
13650
-7060
12567
-11404
16632
-21513
25206
21252
-29430
-6647
-13287
16346
-18831
-13093
-25606
-14059
-18119
25361
18105
25909
-13805
-17078
4117
8045
25616
7174
-14926
-2194
-6966
-23152
-8949
3803
-990
-20098
-16634
26078
-18271
1690
27612
15383
14712
13522
26851
24416
-3553
-18544
-16454
25234
28985
28650
-11986
-26428
5310
22454
13186
2484
-13917
-28841
9197
12461
-16959
16039
-5920
23041
15150
-23768
3304
-19876
3886
4206
-12192
5974
-22019
18622
17840
10014
-21555
9449
-7357
2527
-4802
13922
-27107
-19805
-4008
5959
-28220
16029
-17473
-25074
11576
-19722
-25473
-25919
3442
1005
1147
5257
12185
-5451
-5622
-3178
22277
16532
15099
-14635
-26518
-28209
10005
28915
14498
-9055
-25522
-1407
8309
-2451
18327
-18276
22846
10795
28119
-11451
16699
-9975
1353
-12551
-23399
-22242
-7892
-28606
25745
1461
-7074
26004
13784
-11107
5546
3260
-5350
-29149
21314
3363
-22868
-15892
-9843
-10376
-14819
-29433
-26011
4113
2909
12425
6091
-18396
2393
15418
-28433
4315
10796
-25514
-10928
-18969
4271
19183
19953
-19935
11125
7752
-15880
-15350
5643
-23771
-12626
9796
-25309
28122
13858
5824
2506
7954
17095
-22025
724
-25753
13459
5100
9204
26167
-3005
-10645
-7065
23958
4494
28370
26837
5789
-8034
23752
-3147
12776
-1629
-24179
24019
-25087
420
7547
26917
-19478
-12220
-2036
21021
-28827
15984
3926
22229
-20800
20796
17658
16523
26516
-1598
-6980
7872
-23270
10429
-9495
-4635
-16652
22254
-23095
-28886
27415
-3936
6349
26677
-1256
7608
18616
25942
14933
-23447
-10581
-14753
-27658
20875
-25110
-21451
24740
-2265
20636
23575
-24145
-12091
17168
-17971
-4327
29013
-5191
-4114
-5326
22153
2066
18732
24768
-7849
-8365
-23989
-5245
27460
-9916
-10613
-3794
22783
1293
-3422
-27890
-14127
3771
-14086
-26316
-23178
-8533
8899
27939
22204
17430
-28006
-23163
11354
1487
14855
-12727
-92
-13479
-13393
12342
-17526
-21436
-24987
22619
20619
20115
1713
-26435
-13625
-21066
-19523
26110
17345
-7750
-17516
25186
6402
24580
12518
-18337
-13702
-11219
-3486
-18517
-19142
-25355
-17734
-7413
14289
7318
-5690
12457
-16171
-9497
2832
-431
16696
-16050
21486
18621
-5897
22049
7993
2980
5137
854
8697
-3851
-2732
-16039
705
-11566
-8472
-23365
4332
28257
-13558
22756
-28307
-3831
21285
-11670
-19502
9369
26520
7567
-24164
14692
-29140
2469
20592
-4143
-16538
22232
-20371
-6011
-2329
-27634
1480
6080
-4971
-27420
-22984
-6354
-4482
24382
-7521
13239
6804
-27222
-2350
10177
-11214
13921
25649
-13539
5172
-28665
7845
663
-7032
23830
26009
-9495
1901
-24212
1901
22396
-17660
-26651
-6347
-17712
-12572
25113
22113
-9879
23684
20067
28322
1585
1292
26203
22515
26930
-8982
-3572
17372
7520
-26380
22802
1747
-5839
15216
-23442
-1115
3865
-12204
16700
25831
7731
9111
25049
1073
-21952
20212
26190
-15771
-17323
1906
-11848
20629
-2451
-15668
-29453
-23419
-8411
22536
-7646
-21527
26168
10957
-4938
12059
23972
-19054
3274
14235
28267
-17159
-2478
-21380
4216
909
10611
1033
-16087
-3372
-19377
-17037
-10582
20727
-879
-28601
26812
-22064
22733
3355
7235
10616
-5763
-7989
-27462
27157
26604
-2277
422
-9660
-18419
-24561
25917
-28257
725
10656
24114
12224
-6517
-26712
-26263
15591
26078
17390
-3044
-9475
-18437
2509
-4217
10887
19431
-24260
-14847
-23152
-15960
-17800
-25977
-26043
-21746
-831
-12627
22051
-26786
-7405
346
17559
25590
25358
20673
9953
-8938
-14089
21065
4095
-11751
11400
21898
-4476
29022
3270
23157
-727
-9369
-19917
-7429
2433
18038
-23290
7799
16642
7897
11662
17656
22381
-25176
7158
-21228
-16707
-26558
-27077
-26641
-6386
-25181
18900
23894
-11740
-10334
-6379
-3259
27222
-14343
-21581
-28170
-27042
20005
-11068
-911
-233
-5249
-20599
10757
430
-19235
14811
17363
-16235
-24165
18690
831
-13922
-17886
-26316
-10827
-14415
-19647
-3291
4296
-26046
7728
23404
-10439
-15246
-23248
-7557
10482
-22672
16692
10450
-6618
-19182
-5673
-521
-21143
-12495
-29094
-29039
11397
4521
13821
-11256
5949
12841
-23488
13205
3027
-19656
-5664
-26942
-14906
24461
24627
17550
-28152
16705
-14126
-3884
7266
-3023
