7332
7332
7332
7332
7332
7332
7332
7332
7332
7331
7331
7330
732f
732d
732c
7329
7327
7324
7320
731b
7316
7310
7309
7301
72f8
72ee
72e2
72d5
72c7
72b6
72a4
7290
727b
7262
7248
722b
720c
71ea
71c5
719d
7172
7144
7112
70dc
70a3
7066
7024
6fde
6f94
6f45
6ef0
6e97
6e39
6dd5
6d6b
6cfb
6c86
6c0a
6b87
6afe
6a6d
69d6
6937
6891
67e3
672d
666f
65a9
64da
6402
6321
6237
6143
6046
5f40
5e2f
5d14
5bef
5abf
5984
583f
56ef
5593
542c
52ba
513c
4fb2
4e1d
4c7b
4ace
4914
474f
457d
439f
41b4
3fbd
3dba
3baa
398e
3766
3531
32f0
30a3
2e4b
2be6
2975
26f9
2472
21df
1f42
1c99
19e7
172a
1463
1193
0eba
0bd7
08ed
05fb
0301
0000
fcf9
f9ec
f6d9
f3c2
f0a7
ed88
ea67
e743
e41f
e0f9
ddd4
dab0
d78d
d46d
d151
ce3a
cb27
c81c
c517
c21b
bf28
bc40
b963
b692
b3cf
b11b
ae77
abe3
a962
a6f4
a49a
a255
a028
9e12
9c15
9a31
986a
96be
9530
93c0
9270
9141
9033
8f47
8e80
8ddd
8d5f
8d08
8cd8
8ccf
8cf0
8d39
8dad
8e4b
8f14
9009
9129
9275
93ee
9593
9764
9962
9b8c
9de2
a064
a312
a5eb
a8ee
ac1a
af70
b2ee
b692
ba5d
be4c
c25f
c693
cae9
cf5d
d3ee
d89a
dd5f
e23c
e72d
ec32
f146
f669
fb97
00ce
060b
0b4b
108b
15c8
1b01
2030
2553
2a68
2f6b
3458
392c
3de5
427f
46f6
4b48
4f71
536e
573c
5ad8
5e3f
616e
6463
6719
6990
6bc4
6db3
6f5a
70b9
71cc
7292
730a
7332
730a
728f
71c3
70a3
6f31
6d6b
6b53
68e8
662d
6321
5fc7
5c1f
582c
53f1
4f6f
4aa9
45a3
4060
3ae3
3531
2f4d
293c
2303
1ca6
162a
0f96
08ed
0236
fb77
f4b5
edf8
e743
e09f
da11
d3a0
cd52
c72d
c138
bb78
b5f4
b0b2
abb7
a70a
a2b0
9ead
9b07
97c3
94e5
9270
9069
8ed3
8db0
8d03
8cce
8d12
8dd1
8f0a
90be
92ec
9593
98b0
9c43
a048
a4bb
a999
aedd
b482
ba83
c0d9
c77e
ce6b
d598
dcfd
e492
ec4e
f429
fc18
0412
0c0e
1401
1be1
23a5
2b42
32ae
39df
40cb
4768
4dad
5392
590c
5e15
62a4
66b1
6a37
6d2f
6f94
7161
7292
7325
7316
7266
7112
6f1c
6c86
6950
6580
6118
5c1f
569a
5090
4a0a
430f
3baa
33e5
2bcb
2368
1ac8
11f9
0907
0000
f6f3
edee
e4ff
dc36
d3a0
cb4d
c349
bba4
b46a
ada9
a76d
a1c1
9cb0
9844
9486
917e
8f32
8da8
8ce4
8cea
8dba
8f55
91b9
94e5
98d3
9d7e
a2df
a8ee
afa0
b6ec
bec3
c71a
cfe0
d907
e27d
ec32
f613
000d
0a0d
1401
1dd4
2772
30c9
39c6
4255
4a65
51e4
58c3
5ef2
6463
6909
6cdb
6fcd
71d9
72f8
7327
7262
70ab
6e03
6a6d
65f1
6096
5a65
536c
4bb8
4358
3a5f
30de
26ea
1c99
1202
073c
fc5e
f183
e6c3
dc36
d1f6
c81c
bebe
b5f4
add4
a672
9fe0
9a31
9574
91b5
8eff
8d5a
8cce
8d5c
8f05
91c7
959e
9a80
a064
a73d
aefb
b78b
c0d9
cacf
d553
e04c
eb9d
f72a
02d4
0e7d
1a06
2550
303d
3aaf
4488
4dad
5605
5d76
63eb
6952
6d98
70b1
7291
7332
7290
70ab
6d86
6928
639b
5cee
5532
4c7b
42e2
3882
2d76
21df
15df
0997
fd2c
f0c4
e482
d88e
cd0a
c21b
b7e3
ae82
a617
9ebd
988b
9399
8ff6
8db0
8cd0
8d5c
8f53
92b1
976f
9d7e
a4cd
ad46
b6d0
c14d
cc9c
d89a
e51f
f203
ff1c
0c3e
193d
25ef
3226
3dba
4881
5257
5b18
62a4
68df
6db3
710b
72db
731a
71c5
6ede
6a6d
6481
5d2b
5484
4aa9
3fbd
33e5
274b
1a1c
0c87
febe
f0f4
e35a
d625
c985
bdab
b2c5
a8fc
a078
995a
93c0
8fc1
8d6e
8cd3
8df4
90cf
955d
9b8c
a347
ac73
b6ec
c28a
cf22
dc83
ea77
f8c7
073c
1599
23a5
3127
3de5
49ac
5449
5d8e
6555
6b7a
6fe2
7278
732f
7201
6ef0
6a09
635c
5b04
5123
45e1
396d
2bfb
1dc4
0f06
0000
f0f4
e223
d3d0
c63a
b9a0
ae39
a43c
9bd6
9530
9069
8d9a
8cd1
8e16
9164
96b0
9de2
a6dd
b179
bd86
cacf
d916
e819
f793
073c
16c8
25ef
3466
41e9
4e34
590c
623a
6990
6ee7
7223
7332
720c
6eb4
6937
61af
583f
4d12
4060
3266
2368
13b2
0391
f359
e35a
d3e8
c551
b7e3
abe3
a192
9928
92d1
8eb2
8ce3
8d71
905a
9593
9d01
a682
b1e3
beeb
cd55
dcd5
ed19
fdca
0e8d
1f07
2ede
3dba
4b48
573c
6153
6952
6f09
7258
7328
7172
6d3d
669e
5db8
52ba
45e1
3774
27c4
172a
0604
f4b5
e3a2
d32d
c3b7
b59b
a92f
9ebd
9684
90b7
8d7d
8cea
8f05
93c5
9b0f
a4bb
b091
be4c
cd9a
de21
ef7c
0142
1306
245d
34d9
4414
51ae
5d50
66b1
6d93
71c8
7332
71c7
6d8b
6697
5d14
513c
4358
33c0
22d5
1104
febe
ec7b
dab0
c9d2
ba50
ac92
a0f3
97c3
9141
8d9a
8cea
8f38
9479
9c8c
a73d
b448
c357
d405
e5e4
f87a
0b4b
1dd4
2f97
4018
4ee5
5b95
65cf
6d48
71c9
7331
7172
6c96
64bb
5a15
4cef
3da1
2c98
1a4b
073c
f3f2
e0f9
ced9
be17
af2d
a28a
988b
917e
8d97
8cf7
8fa6
9593
9e95
aa6d
b8c5
c936
db45
ee6d
0220
15c8
28d3
3aaf
4ad3
58c3
6412
6c67
7180
7332
716d
6c3b
63c2
583f
4a0a
398e
274b
13ce
ffb0
eb8d
d806
c5b5
b52d
a6f4
9b7c
9325
8e34
8cd4
8f14
94e5
9e1a
aa6d
b97c
cacf
ddda
f203
06a5
1b16
2eaf
40cb
50d3
5e3f
689f
6f97
72eb
727b
6e47
666f
5b33
4cef
3c18
293c
14fb
0000
eaff
d6ac
c3b7
b2c5
a46b
9928
9160
8d5a
8d3e
9110
98b0
a3e1
b242
c357
d68b
eb34
009e
1608
2ab3
3de5
4ef1
5d3a
683d
6f94
72f8
7248
6d86
64da
588f
4914
36f5
22d5
0d6d
f783
e1e2
cd52
ba95
aa5c
9d40
93c0
8e38
8ce0
8fc8
96d8
a1d1
b04e
c1c7
d598
eb05
0142
1779
2cd3
4083
51c7
5ff5
6a81
7101
7332
70fb
6a6d
5fc7
516c
3fe8
2be6
162a
ff8c
e8ec
d32d
bf28
ada9
9f62
94e5
8e9f
8cd4
8f9a
96d8
a248
b179
c3d2
d89a
eefc
0614
1cf4
32ae
4660
573c
6490
6dce
7291
72a4
6e03
64da
5786
4691
32ab
1ca6
056a
edee
d72d
c21b
af9c
a078
9557
8eb2
8cd7
8fdc
97a5
a3e1
b40e
c77e
dd5f
f4c2
0ca7
2407
39df
4d3b
5d43
6942
70af
7332
70ad
6937
5d21
4cef
3953
232b
0b6e
f329
db70
c551
b1cc
a1c1
95eb
8ed6
8cd7
9009
984b
a541
b659
cacf
e1b6
fa05
12a1
2a68
4043
532e
6248
6cdb
7266
72a4
6d8e
635c
5484
41b4
2bcb
13ce
fadd
e223
cacc
b5f4
a49a
9793
8f82
8cce
8f9a
97ca
a4fc
b692
cbb7
e367
fc7f
15c8
2e0a
4414
56d1
6555
6ee7
730b
7188
6a6d
5e11
4d0b
3830
2086
0739
ed88
d4be
be17
aab9
9b9d
918b
8d08
8e52
955d
a1d1
b311
c840
e04c
f9fc
1401
2d06
43c0
5704
65cf
6f5a
7324
70f6
68e8
5b62
4914
32f0
1a1c
ffe3
e5a5
ccc5
b692
a43c
96be
8ed3
8cea
9122
9b45
aace
beeb
d68b
f06a
0b27
2550
3d7b
5257
62c0
6dce
72e3
71b5
6a4f
5d14
4aba
3441
1ae1
0000
e518
cba8
b51a
a2b0
9574
8e27
8d35
92b1
9e51
af70
c51d
de21
f915
1473
2eaf
4649
59e9
686d
70fc
7316
6e97
63bd
5323
3dba
24bb
0997
edde
d32d
bb11
a6f4
9805
8f28
8ce6
9164
9c65
ad46
c30d
dc73
f7fa
1401
2ede
46f6
5ad8
6952
7180
72e2
6d5e
6143
4f49
3882
1e4a
0236
e5fa
cb4d
b3cf
a0f3
93e2
8d6e
8dff
9593
a3b5
b78b
cfe0
eb34
07d9
2407
3dfe
541d
6500
6f97
7332
6f94
64f1
53f1
3da1
2368
06eb
e9f8
ce65
b5f4
a236
9470
8d88
8df4
95b1
a446
b8c5
d1e2
edfe
0b4b
27e2
41e9
57ab
67bc
710b
72f8
6d5e
6096
4d72
3531
1969
fbee
deb1
c3a3
ac92
9b07
9033
8cd1
9122
9cdf
af44
c71a
e2c8
0074
1e1e
39c6
5189
63ca
6f46
7332
6f45
63bd
5160
396d
1d83
ff8c
e197
c5b5
add4
9b9d
9058
8cd1
914c
9d7e
b091
c936
e5b5
0412
222c
3de5
5547
66aa
70ce
72f8
6cfb
5f40
4aba
30de
137f
f4b5
d6b5
bba4
a577
95c9
8dc0
8df4
9667
a682
bd1e
d89a
f6f9
1608
3380
4d3b
6153
6e4b
732c
6f94
63c2
5090
3766
1a1c
fadd
dbf9
bfbd
a846
9756
8e37
8d9a
9593
a58b
bc54
d83c
f72a
16c8
34b3
4ea6
62a4
6f25
7331
6e73
6143
4c9f
3218
13b2
f3c2
d4be
b90a
a2cc
93c0
8d15
8f55
9a57
ad46
c6ad
e492
04a3
245d
4142
590c
69d9
7250
71c3
6836
5667
3dba
2020
fff3
dfc1
c21b
a962
9793
8e21
8dd1
96b0
a80c
c083
de21
fe81
1f07
3d0e
5625
683d
71d9
722b
6928
5786
3eb3
20b5
0000
df45
c138
a855
96ae
8dc0
8e4b
984b
aaef
c4ae
e367
0489
2550
42fd
5b0e
6b7a
72db
708d
64bb
5060
3531
1579
f3e9
d359
b692
a00b
91b5
8cce
91c7
a039
b6ec
d3ee
f4c2
1696
367b
51ae
65cf
711a
728f
6a09
583f
3ebb
1fb4
fde0
dc36
bdab
a4f2
943c
8d08
8ffd
9cdf
b28e
cf22
f014
1278
333b
4f71
6490
70b1
72b6
6a6d
588f
3eb3
1f29
fcc9
daad
bbec
a355
9325
8cdb
9110
9f65
b692
d47c
f669
193d
39c6
5502
686d
7236
7172
662d
516c
3517
13ce
f0a7
cee8
b1b9
9bd6
8f51
8d5c
962a
a8ee
c3e8
e492
07d9
2a68
48f9
60a4
6f25
7316
6c12
5abf
40bd
2086
fd2c
da11
ba95
a1c1
91fb
8ccf
92c3
a347
bcca
dcd5
0050
23ca
43cd
5d3a
6d90
7332
6d8e
5d2b
439f
2368
ffb0
dbf9
bbcb
a255
9222
8ccf
92ec
a3e1
be05
dec1
02d4
26a5
469d
5f88
6ee0
7316
6bb8
597e
3e39
1ca6
f827
d46d
b51a
9d5c
8fa4
8d5c
96c5
aaef
c7d0
ea77
0f59
32ae
50d3
66aa
71ef
7172
653b
4e87
2fab
0bd7
e6c3
c448
a801
94e5
8cf6
9110
a0c9
ba83
db8e
0074
2553
4649
5fd8
6f49
72f3
6a6d
569a
398e
165d
f0c4
ccc5
ae39
986a
8db0
8f38
9cdf
b532
d598
fa96
2030
4255
5d50
6e32
7320
6b8a
583f
3b52
17e7
f1d9
cd52
ae52
9844
8d97
8f7e
9dc9
b6ec
d824
fdca
23b5
45b0
5ff5
6f94
72cb
6937
53e6
3531
1084
e9f8
c5df
a846
9486
8cdc
922b
a3e1
c003
e367
0a0d
2f97
4fbe
66d8
7240
70a3
6229
4875
2671
0000
d989
b777
9db8
8f47
8dd5
9991
b127
d1e2
f7fa
1f07
427f
5e3f
6f09
72e2
6950
536c
33c0
0dfd
e690
c21b
a4e8
926d
8cdc
94e5
a999
c88c
ee17
15c8
3ae9
590c
6c98
7332
6c0a
57f4
3953
13ce
ebe3
c65c
a7bf
93c0
8cce
93c5
a7d4
c693
ec4e
1473
3a21
58c3
6c98
7331
6bb8
5712
37c0
1193
e938
c3a3
a577
926d
8ce5
9593
ab6b
cbbf
f293
1b16
4043
5d76
6f09
72c7
682f
5090
2ed8
073c
deb1
ba50
9ead
8f47
8e16
9b45
b532
d89a
0105
2954
4c6b
65cf
7240
7024
5fb8
430f
1dce
f4b5
cd0a
abe3
9587
8cdc
9305
a73d
c6f0
ee07
1779
3de5
5c4f
6ebf
72cb
67e3
4f6f
2c98
03e8
dab0
b654
9b9d
8e11
8f7e
9fba
bca8
e27d
0c3e
3466
55a4
6b8d
7332
6b8a
5593
3433
0bd7
e1e2
bbec
9f0e
8f28
8e63
9cdf
b8b1
de21
0826
3118
536e
6a81
732c
6c3b
569a
3531
0c87
e223
bbcb
9ebd
8ef5
8ea2
9dd7
ba83
e0be
0b4b
344f
5625
6c1e
732c
6a4f
52ba
2fab
05fb
db70
b5f4
9ac2
8da8
9080
a2ec
c25f
ea77
1599
3dba
5d34
6f97
7246
64da
4930
232b
f827
ce3a
ab55
9470
8cd0
9593
ad7e
d131
fb97
26a5
4c31
66d8
72c5
6e39
59d5
3882
0f06
e35a
bbcb
9e12
8e80
8f5d
a090
bfa0
e810
1401
3d0e
5d3a
6fcd
720c
639b
4691
1f29
f329
c906
a6f4
91fb
8d39
9969
b4c4
db45
073c
3226
55a4
6c6d
7316
689c
4e87
28b5
fcc9
d151
acd2
94c7
8cd1
962a
af70
d4dc
00ce
2ca7
51c7
6a8c
7332
6a62
516c
2c12
0000
d3e8
ae82
9587
8cce
95b1
aedd
d47c
00ce
2d06
5257
6b00
732f
6999
4fb2
2975
fcc9
d095
abb7
93eb
8cea
97d1
b2f5
da21
073c
333b
573c
6d98
72c7
65f1
4914
20b5
f329
c79d
a4f2
90a6
8df4
9d51
bc54
e619
1401
3ec0
5f88
711a
70a3
5e2f
3ca9
116a
e35a
b9dd
9b9d
8d7d
91c7
a7d4
cc1b
f8c7
26a5
4e47
6942
7330
6a6d
5060
293c
fb5d
ce3a
a92f
924d
8d58
9b26
b97c
e367
1208
3dba
5f49
712a
7066
5d14
3a5f
0dfd
df45
b5f4
98e7
8cf5
9423
ad46
d435
0276
3055
5625
6d90
72a4
6481
457d
1ac8
eb8d
bfbd
9ebd
8e21
90be
a62b
cacf
f87a
2772
4fbe
6a81
7329
6836
4b7e
21df
f273
c551
a236
8f28
8f73
a312
c6ad
f429
23b5
4d1e
693e
7332
693b
4d0b
237d
f3c2
c621
a28a
8f32
8f7e
a368
c77e
f579
2550
4ea6
6a37
7329
67e3
4a58
1fb4
ef75
c21b
9fa8
8e37
90e4
a73d
cd55
fc6f
2c30
541d
6d16
72a4
63c2
430f
165d
e5a5
b9a0
9a31
8d03
9479
af44
d89a
090d
37e4
5cab
70b9
7066
5bba
366d
073c
d6b5
ada9
9393
8d39
9bcb
bca8
e9d6
1b16
4768
66aa
731c
6a6d
4e30
238d
f259
c3a3
a00b
8e27
914c
a8ee
d0b3
0142
319b
58c3
6f6e
715e
5e2f
396d
09ed
d88e
ae89
93c0
8d3e
9c43
be05
ec32
1e1e
4a65
68aa
7332
67f8
4914
1c58
ea38
bc33
9b07
8d08
94e5
b127
dc73
0e8d
3de5
616e
7258
6d5e
536c
2975
f783
c72d
a1c1
8e77
9110
a911
d1e2
03a2
34b3
5b95
70b9
6ffd
597e
3195
0000
ce65
a672
8ff6
8f5d
a4cd
cc1b
fd9a
2f97
5841
6f97
70fb
5c1f
3517
0391
d151
a846
9092
8eee
a3b5
cacf
fc7f
2ee7
57ff
6f94
70ec
5bba
3433
0236
cfc3
a6f4
8ffc
8f7e
a59b
cde8
0050
32ae
5ad8
70b1
6fc6
583f
2ed8
fbee
c9d2
a2b0
8e80
9164
aace
d598
090d
3aaf
6058
7250
6ce2
5123
24bb
f0c4
bfe8
9c36
8d0d
9593
b40e
e23c
1696
4649
6775
7332
670b
457d
1579
e0f9
b2e9
94e5
8d35
9d7e
c25f
f429
2873
5449
6e75
7172
5c98
3441
00e4
cd52
a46b
8ed6
9129
aaef
d6bb
0b4b
3d7b
62a4
72da
6aa3
4bb8
1ca6
e773
b777
96f7
8cea
9b7f
bfa0
f193
26a5
536e
6e4b
716d
5c1f
32f0
febe
cacc
a255
8e21
9295
aec4
dc98
1222
43c0
66a6
7332
66a3
43ac
11e9
dc36
ae52
924d
8e52
a347
cc9c
0142
35a6
5e3f
7217
6cc6
4f6f
2086
ea67
b90a
9761
8cea
9bfe
c14d
f492
2a68
56d1
6fe2
6ffd
5712
2aad
f4b5
c140
9bd6
8ce3
97ca
ba1f
ec32
22c0
517e
6dde
7172
5b62
30a3
fadd
c63a
9ead
8d34
95cf
b692
e810
1f07
4ef1
6cdb
71ea
5cee
32ab
fcc9
c79d
9f5c
8d49
9593
b659
e819
1f61
4f71
6d2f
71b5
5bef
30de
fa76
c551
9dc6
8d08
9704
b96f
ec4e
23ca
52f2
6ebf
70ad
583f
2b24
f3e9
bf7d
9a31
8cce
9a80
c018
f4c2
2c18
590c
70fc
6e39
5160
213f
e938
b692
9557
8d71
a0c9
cacf
0185
37e4
60f2
72db
6950
4691
12e7
dab0
ab66
9069
903a
aaef
da21
1278
4660
6952
72d5
6096
36f5
0000
c906
9f5c
8d26
96d8
ba1f
ee6d
2709
5625
703f
6ef0
5282
21df
e8ec
b59b
9486
8dd1
a32b
cf5d
078c
3de5
6500
7332
64f1
3dba
0739
cee8
a2bd
8db0
9502
b6ec
eb05
245d
54ab
6fe2
6f31
52ba
2192
e800
b46a
93c0
8e39
a541
d318
0c3e
4255
67bc
7301
6143
36f5
febe
c6d4
9d5c
8cdf
9991
c043
f72a
3055
5d3a
7266
6a6d
474f
11f9
d806
a846
8ef5
9295
b242
e5e4
203f
5257
6f46
6f94
5323
213f
e6c3
b2c5
92b8
8eee
a869
d89a
1306
4889
6b39
720c
5b33
2c98
f259
bba4
96c2
8d5c
a1ef
cf22
0927
40cb
6775
72f8
6046
3441
fa76
c21b
9a0c
8ce0
9e1a
c936
02d4
3bb8
64cf
732f
62ff
3882
fefb
c5b5
9bee
8cce
9c65
c693
001d
39a4
63c5
7332
63c2
398e
ffe3
c63a
9c15
8cce
9c8c
c71a
0105
3aaf
6484
732f
62af
3774
fd2c
c3a3
9a79
8ce0
9e95
cacf
058a
3ec8
66eb
72f8
5f9c
3218
f6d9
be17
9761
8d5c
a2d0
d1e2
0da7
45b0
6a8c
720c
5a15
293c
ecfa
b5f4
9368
8eee
a9cc
dc98
193d
4ee5
6ea0
6f94
5173
1c99
dfc1
abe3
8f82
9295
b448
eb34
27fa
598e
7202
6a6d
44ea
0bfe
cfab
a0f3
8d08
9991
c30d
fdca
392c
6463
7328
6143
33c0
f783
bdab
96ae
8dad
a541
d6bb
1401
4b96
6d93
7038
52ba
1d83
dfd0
ab55
8f28
936a
b6ec
ef7c
2cd3
5d43
72cc
672d
3dba
0266
c65c
9b00
8cea
a039
cf5d
0ca7
4649
6b7a
715e
5634
21df
e3a2
ada9
8fc1
92b1
b5a8
ee6d
2c60
5d50
72da
669e
3c2e
0000
c3cd
9956
8d2b
a2ec
d435
1278
4b48
6dce
6fc6
5090
1969
dab0
a70a
8ddd
96b0
beeb
fa96
37e4
6484
7316
5f37
2ecf
f05b
b692
92d1
8fdc
aea0
e5e4
250a
590c
7236
68e8
3fe8
0391
c621
9a31
8d18
a2d5
d4dc
1401
4d17
6ebf
6eb4
4cef
13b2
d46d
a272
8d08
9ac5
c77e
058a
41e9
6a15
71b5
5667
2086
e09f
aa5c
8e77
9593
bd86
fa05
3863
6555
72ee
5cee
2a1d
ea38
b10f
9069
9272
b692
f193
3118
6153
7332
6118
30a3
f0f4
b5f4
9222
90be
b242
ec32
2c60
5e9f
731d
635c
3449
f4b5
b8ac
9325
9003
b04e
e9d6
2a68
5d8e
730b
6402
3531
f572
b90a
9335
9009
b091
ea77
2b42
5e3f
731c
6321
3364
f329
b707
924d
90cf
b311
ee17
2ee7
609e
7332
609b
2ecf
edde
b2c5
90a6
9295
b7fc
f4c2
3534
6463
72f3
5c1f
274b
e5a5
ac92
8eb2
95cf
bfa0
fe81
3de5
6909
71c5
5532
1ca6
daad
a4f2
8d26
9b26
ca60
0b4b
4881
6dce
6ed7
4b3c
0eba
cd52
9cb0
8cf7
a368
d89a
1ae8
5449
71a3
6928
3da1
fd8a
be3f
94e5
8f53
af70
ea87
2cd3
6020
7332
5f9c
2be6
e96a
ae82
8f04
9593
c003
000d
4018
6a81
70ec
5123
15df
d32d
9fa8
8ccf
a112
d598
188d
532e
7180
6928
3cf3
fbee
bc47
93c0
903a
b2f5
f014
32ae
63eb
72e2
5a65
22d5
df45
a6f4
8d49
9b26
cbcd
0e7d
4c31
6f94
6c62
43ac
0381
c21b
9627
8eee
aefb
eb34
2eaf
61ee
7315
5c1f
2504
e0f9
a7bf
8d5a
9b0f
cc1b
0f59
4d3b
700a
6b87
413d
0000
bebe
9470
9003
b311
f146
34b3
6587
727b
56ef
1c99
d81e
a1c1
8ccf
a0c0
d68b
1b16
5605
7258
65f1
3531
f173
b2e2
8fd8
94e5
c043
0276
43cd
6cdb
6ede
4914
0907
c5b5
9756
8ea2
aec4
ec32
30c9
63ca
72c2
583f
1dce
d88e
a192
8cce
a1d1
d907
1e69
58c3
72d8
6321
2f4d
ea38
ad0e
8e27
98d3
c936
0da7
4d1e
705c
6a6d
3d76
f9ec
b898
917e
9305
bca8
ff1c
41e9
6c6d
6ef0
487c
073c
c349
95c9
8f9a
b311
f312
37e4
67fb
7172
50bc
11f9
cc80
9a31
8dd5
ac0f
e9a3
2f97
63c5
72a4
569a
1a1c
d3d0
9e12
8d12
a73d
e2c8
2954
6058
7316
5a75
1fb4
d8f7
a0f3
8cd7
a446
de6e
2550
5e15
7331
5c98
22d5
dbd1
a28a
8cce
a2ec
dc83
23a5
5d34
7332
5d30
238d
dc4b
a2b0
8cce
a312
dcfd
245d
5dca
7331
5c4b
21df
da64
a161
8cd7
a4bb
dfe0
2772
5fca
7316
59d5
1dc4
d625
9ebd
8d12
a80c
e538
2cd3
6302
72a4
5599
172a
cfab
9b07
8dd5
ad46
ed19
3458
6719
7172
4f49
0dfd
c72d
96ae
8f9a
b4c4
f793
3dba
6b8d
6ef0
4684
0236
bd03
924d
9305
beeb
04a3
4889
6fa8
6a6d
3ae3
f3e9
b1b9
8eb2
98d3
cc1b
141d
541d
7283
6321
2c12
e35a
a617
8cdc
a1d1
dc98
259c
5f88
730a
583f
19e7
d119
9b31
8df4
aec4
f06a
3863
6990
7003
4914
0483
be17
9268
933a
c043
073c
4b48
70b1
682f
3531
ec7b
abb7
8d5f
9de2
d68b
2030
5cab
732f
5a75
1c99
d2fa
9bd6
8ddf
aedd
f146
39c6
6a79
6f42
461e
0000
b9dd
90b7
959e
c693
0f59
51c7
724a
635c
2b24
e0f9
a3b1
8cd1
a5eb
e492
2eaf
6555
71ae
4e87
0a87
c21b
9393
9275
bf43
073c
4c31
712a
6697
30de
e690
a6f4
8cd8
a347
e0d7
2b93
63eb
720c
4ff1
0bfe
c2f2
93c0
9272
bfa0
0826
4d3b
7180
6580
2e4b
e35a
a49a
8ccf
a62b
e5e4
30c9
66d8
70ec
4aa9
0469
bc40
9120
9593
c7b9
1212
54ab
72db
5f9c
232b
d78d
9d5c
8dba
af70
f3f9
3dba
6ccb
6cc6
3da1
f3c2
af2d
8da8
9dc9
d89a
2490
60a4
72a8
52ba
0eba
c448
93e2
92b1
c145
0b4b
5064
7250
6229
26f9
daad
9ebd
8d80
ae94
f379
3de5
6d16
6c3b
3baa
f0c4
ac92
8d34
a090
de21
2ab3
6463
719d
4c7b
056a
bbec
90a6
96d8
cbcd
1800
5988
7332
5984
17e7
cb9a
96ae
90cf
bca8
06a5
4dad
71ef
6321
27dc
dab0
9e3f
8db8
b091
f72a
41c1
6ebf
69d6
3531
e887
a672
8cce
a73d
e9d6
367b
6a79
6e39
3ffd
f4b5
ae89
8d5a
a048
dec1
2c60
65cf
70dc
4875
fefb
b5f4
8ebb
9b45
d5e3
23ca
6153
7248
4ed9
073c
bc47
9069
97d1
cf22
1cf4
5d76
72ee
536c
0d6d
c138
91fb
9593
ca60
1800
5a89
7327
5667
1193
c493
9325
9448
c77e
1501
58c3
7332
57f4
13b2
c63a
93b6
93c5
c66a
1401
5841
7332
582c
13ce
c621
9399
93f6
c71a
1501
590c
7330
5712
11e9
c448
92d1
94e5
c993
1800
5b18
7316
5495
0dfd
c0be
917e
96b0
cde8
1cf4
5e3f
72b6
5090
0806
bba4
8fd8
9991
d435
23ca
6248
71c5
4ace
0000
b52d
8e37
9dd7
dc98
2c60
66d8
6fde
430f
f5f3
ada9
8d0d
a3e1
e72d
367b
6b7a
6c86
3910
e9f8
a587
8cea
ac1a
f402
41c1
6f94
672d
2c98
dc4b
9d5c
8e78
b6ec
0307
4dad
7269
5f40
1d83
cd52
95eb
9275
c4ae
1401
5988
7320
542c
0bd7
bdab
901e
99a4
d598
2677
6463
70c8
457d
f7da
ae39
8d08
a4bb
e9a3
39a4
6d16
6a6d
32f0
e223
a028
8dd1
b448
0074
4c6b
7250
5f37
1c99
cbb1
94e5
939e
c88c
193d
5d50
72a8
4e87
0301
b5f4
8e11
9f6a
e153
32ae
6a8c
6cc6
3830
e743
a2cc
8d5c
b1d0
fdca
4ae6
7223
5f9c
1ca6
cb27
9470
9448
cacf
1c5e
5f88
7221
4aa9
fd2c
b11b
8d3b
a3e1
e98a
3aaf
6dde
68e8
2e4b
dbf9
9c15
8f5d
bc61
0c17
559e
7332
5599
0bfe
bc33
8f47
9c65
dcd5
2f6b
6990
6d3d
3882
e690
a1c1
8dad
b4c4
02d4
4f71
72e3
5abf
137f
c21b
90db
9962
d74b
2a68
6775
6e9c
3c18
ea38
a3b1
8d5c
b2ee
00ce
4e47
72cc
5b33
13ce
c202
90b7
99d3
d89a
2c18
686d
6dd5
396d
e6c3
a161
8ddf
b692
060b
5257
7325
5712
0cee
bbec
8ef5
9de2
e0d7
3458
6c15
6a6d
3037
dc5b
9b70
9009
c043
1278
5ad8
72c7
4d72
febe
b0b2
8d08
a6dd
f06a
4255
70b9
62af
1fb4
cbb1
93c0
95f7
d131
259c
65cf
6f31
3ca9
e96a
a255
8dca
b6ec
078c
541d
7332
53f1
0739
b692
8db6
a2d5
ea87
3de5
6fa8
64bb
2303
ce3a
9486
955d
d055
2550
65f4
6ef0
3b52
e743
a0b7
8e4b
ba1f
0c3e
57ab
7309
4f49
0000
b0b2
8cf5
a87a
f429
4660
71d9
5e96
172a
c2f2
9069
9b7f
de21
3380
6c67
6950
2be6
d625
9793
92ec
cacf
203f
63ca
6fde
3dba
e938
a161
8e3d
ba83
0d8d
590c
72d7
4c7b
fb5d
acd2
8cce
ad46
fc18
4d1e
72eb
583f
0c07
b90a
8de9
a2ec
ec4e
40cb
70ce
6143
1ae1
c551
90db
9b26
de6e
34b3
6d2f
67e3
27c4
d119
9500
9593
d28a
2954
68aa
6c86
32ab
dbf9
99c4
91c7
c89a
1f07
63c5
6f94
3baa
e5a5
9ead
8f5d
c083
1608
5ef2
7172
42e2
edee
a355
8df4
ba1f
0e7d
5a89
727b
487c
f4b5
a76d
8d39
b546
087d
56d1
72f8
4c9f
f9ec
aab9
8cea
b1d0
0412
53fc
7327
4f6f
fd8a
ad0e
8cd1
afa0
0142
522c
7332
5105
ff8c
ae52
8cce
aea0
000d
5177
7332
5173
fff3
ae77
8cce
aec4
0074
51e4
7332
50bc
febe
ad7a
8cd1
b00f
0276
536e
7327
4ed9
fbee
ab66
8cea
b28e
0614
5605
72f8
4bb8
f783
a855
8d39
b659
0b4b
5988
727b
473b
f183
a46b
8df4
bb92
1212
5dca
7172
413d
e9f8
9fe0
8f5d
c25f
1a5b
628b
6f94
3996
e0f9
9b00
91c7
cae9
2407
6775
6c86
3020
d6ac
9627
9593
d553
2ee7
6c1e
67e3
24bb
cb4d
91ce
9b26
e1b6
3aaf
7004
6143
1759
bf35
8e80
a2ec
f014
46f6
7291
583f
0806
b2e2
8cdf
ad46
0050
532e
731a
4c7b
f6f3
a6f4
8d9a
ba83
1222
5e9f
70ec
3dba
e482
9c36
9169
cacf
250a
686d
6b53
2be6
d151
9399
98f5
de21
384c
6f97
61af
172a
be3f
8e27
a4cd
f429
4ae6
730b
538d
0000
ac6e
8cf7
b546
0c3e
5b95
71b5
40bd
e743
9d40
9110
ca60
2550
68df
6aa3
2975
ce3a
9241
9b45
e3a8
3de5
712d
5d2b
0e6d
b692
8d08
ac0f
001d
541d
72f3
4914
f0f4
a255
8f0a
c357
1e1e
65cf
6ce2
2ecf
d2fa
93c0
995d
e04c
3b6d
70b9
5e2f
0f96
b707
8d08
ac73
0142
5547
72c7
46d5
ed88
a00b
9009
c7d0
23a5
689f
6a6d
27dc
cba8
9119
9de2
e9d6
4414
7278
5712
0381
ada9
8cf6
b692
0fa5
5e9f
7066
396d
dd40
9793
9594
d89a
3534
6f49
6118
13ce
b9a0
8d34
ab7c
00ce
559e
72a4
44ea
ea38
9db8
9164
cd55
2a68
6bc4
669e
1e4a
c21b
8e77
a541
f793
4f71
7329
4b3c
f1d9
a1c1
8fa6
c77e
2490
6990
68fc
232b
c621
8f47
a2df
f402
4d17
7332
4d12
f3e9
a2bd
8f5d
c6ad
2407
697c
68e8
22a1
c551
8f04
a3e1
f613
4ee5
7329
4aa9
f05b
a078
905a
cacf
28d3
6b90
665c
1ca6
bfbd
8ddd
a87a
fdca
549a
72a4
43b3
e743
9b70
933a
d435
32ae
6f09
6096
1104
b5f4
8cd8
b179
0b27
5d50
7066
3774
d8f7
94e5
995d
e367
40d8
7250
5634
ff8c
a92f
8dd1
c018
1ddd
6752
6a6d
2504
c65c
8eff
a4bb
f8c7
51c7
72e8
457d
e887
9b9d
936a
d598
34d9
6fe2
5e2f
0bd7
b15a
8ce0
b784
1401
62c0
6d8b
2ce8
cd52
90a6
a0c0
f293
4dad
7328
4914
ec7b
9d5c
927a
d368
333b
6f94
5e96
0bfe
b10f
8cea
b8b1
1608
6412
6c86
2975
c985
8f82
a3e1
f87a
5257
72c2
430f
e482
9928
95b1
dc98
3c49
71c9
5797
0000
a865
8e3b
c3e8
23ca
6a8c
666f
1a4b
bba4
8d15
af70
0a8e
5e3f
6f80
3218
d151
917e
9fba
f203
4e34
7316
4684
e800
9a79
94e5
db45
3bb8
71cc
5712
fe7b
a6f4
8ebc
c71a
27fa
6c67
639b
13ce
b5de
8cce
b5f6
1401
63c5
6c3b
274b
c63a
8e80
a80c
009e
58c3
7144
3882
d72d
9325
9d51
ee6d
4c31
7327
473b
e800
9a0c
9593
ddda
3ec8
7269
536c
f827
a28a
9080
cf22
3127
6f97
5d30
073c
ac04
8db8
c25f
23ca
6b39
64bb
14fb
b5f4
8ccf
b78b
1714
65cf
6a4f
213f
bfe8
8d5a
ae8d
0b4b
5fca
6e39
2bfb
c985
8ef5
a73d
009e
598e
70c8
3531
d284
9141
a16a
f72a
536e
7248
3cf3
dab0
93eb
9cdf
eefc
4dad
7301
4358
e1e2
96ae
9969
e819
4881
7332
487c
e800
994f
96d8
e27d
4414
7312
4c7b
ecfa
9b9d
9502
de21
4083
72cc
4f6f
f0c4
9d75
93c5
dafc
3de5
7283
516c
f359
9ebd
9305
d907
3c49
7250
5282
f4b5
9f62
92b1
d83c
3bb8
7240
52ba
f4d9
9f5c
92c3
d89a
3c33
7258
5216
f3c2
9ead
933a
da21
3dba
7291
5090
f173
9d5c
9423
dcd5
4043
72db
4e1d
edee
9b7c
9593
e0be
43c0
731d
4aa9
e938
9928
97a5
e5e4
481d
7331
461e
e35a
9684
9a80
ec4e
4d3b
72e8
4060
dc64
93c0
9e51
f402
52f2
720c
3953
d46d
9119
a347
fcff
590c
705a
30de
cb9a
8ed6
a999
073c
5f49
6d8b
26ea
c21b
8d49
b179
12a1
6555
6950
1b6e
b833
8cd1
bb16
1f07
6ad0
635c
0e6d
ae39
8dd5
c693
2c30
6f49
5b62
0000
a49a
90be
d405
39c6
7240
5123
f05b
9bd6
95f7
e367
4754
732f
446e
dfd0
9486
9de2
f492
5449
7188
3531
ced9
8f4f
a8ce
073c
5ff5
6cc6
237d
be17
8ce4
b6ec
1ae8
6990
6474
0f96
ae52
8df4
c840
2ee7
703f
583f
f9f5
a078
931e
dc98
4255
7324
4804
e35a
9591
9cdf
f379
541d
716d
33e5
ccc5
8eb2
ab7c
0c17
6302
6a6d
1c58
b777
8ce6
beeb
2553
6db3
5db8
0236
a4e8
9110
d6bb
3dba
72e3
4b3c
e6c3
96ae
9bcb
f203
5392
7172
3364
cba8
8e5d
ad46
0f59
64f9
6891
172a
b2e9
8d5c
c51d
2cd3
700a
57f4
f827
9ebd
94ad
e23c
481d
7316
3ffd
d88e
9160
a4bb
02d4
5e9f
6ce2
21df
bb11
8ccf
bd1e
245d
6dbf
5cee
ffb0
a2b0
927a
dc73
43b9
7332
43b3
dc5b
9268
a2ec
0050
5d76
6d5e
22d5
bb78
8ccf
bd86
2550
6e32
5bba
fd2c
a0f3
939e
e04c
4754
7316
3f27
d6ac
9092
a73d
07d9
61ee
6a62
1a1c
b409
8d5c
c66a
2f97
7101
53f1
f0a7
9a31
98f5
ee07
522c
7172
3195
c81c
8d88
b311
193d
6a37
61e6
073c
a678
9110
d916
41e9
7331
4358
daad
917e
a59b
0614
616e
6a6d
1969
b2e2
8d9e
c936
333b
71d9
4ff1
ea38
96f7
9cdf
f6f9
58c3
6f1c
26f9
bdab
8cce
be05
2772
6f46
583f
f5f3
9c36
97a5
ec32
51ae
715e
3020
c5b5
8d28
b6ec
1f48
6cdb
5d21
fd8a
a00b
94e5
e5b5
4d1e
7246
3531
ca5a
8da8
b361
1b16
6b7a
5f40
00e4
a1c1
93ee
e367
4b96
727b
366d
cb4d
8dc0
b311
1b01
6b90
5eee
0000
a10e
9479
e538
4d3b
722b
33e5
c87e
8d5a
b5f6
1f07
6d16
5c1f
fadd
9e12
96b0
eb34
51e4
7112
2d76
c21b
8cdb
bc54
2709
6f94
5667
f183
994f
9b26
f579
590c
6e73
22d5
b898
8d1e
c6ad
32ae
7217
4d0b
e41f
93c0
a2d0
0412
61c1
6928
13b2
acd2
8f73
d598
4142
7331
3f27
d32d
8ee6
aedd
16c8
6a81
5fb8
fff3
a036
9593
e98a
517e
70f6
2be6
bfbd
8cce
c083
2cd3
712d
5090
e809
94e5
a16a
0276
6153
6928
12e7
abb7
8ffd
d89a
4488
7309
3a5f
cd52
8dc0
b4c4
1f61
6dce
5984
f4b5
9a0c
9b26
f713
5b0e
6cfb
1ca6
b276
8e3b
d0b3
3de5
7330
4060
d359
8eb2
b091
1a5b
6c4a
5c1f
f874
9b9d
99d3
f4c2
59e9
6d6b
1d83
b2c5
8e3d
d131
3ec0
7332
3ebb
d119
8e34
b311
1e1e
6db3
5923
f329
98e7
9cdf
fb7d
5e3f
6ac4
1589
ac92
9009
da21
46f6
72b6
3531
c6d4
8cf5
bcca
2a68
710b
4fb2
e4ff
9325
a58b
0b4b
66a6
635c
0469
a161
95b1
ec32
5502
6f42
22a1
b5f4
8dca
cf5d
3dfe
7332
3da1
cee8
8db6
b692
239c
6f97
53e6
ea38
94c7
a312
07d9
6555
6474
05fb
a1eb
9593
ec81
55a4
6ed7
2086
b3cf
8e4b
d318
41e9
7310
3882
c906
8d08
bcca
2b93
7180
4cef
e024
9141
aa67
1401
6ad0
5d2b
f7da
9a31
9c65
fc6f
5fd8
68e8
0f06
a6f4
92ec
e5e4
5189
7024
24bb
b692
8ddf
d131
40d8
7316
3847
c81c
8cee
beeb
2eaf
7223
4930
dab0
8fa4
af70
1be1
6dce
5732
ed88
9574
a2ec
0927
66aa
6237
0000
9dc6
9962
f713
5d50
6a4f
1193
a801
92b1
e619
5257
6fa6
21df
b395
8ea2
d68b
4649
7280
30a3
bffd
8cea
c89a
39a4
732c
3dba
ccc5
8d34
bc61
2cd3
7202
4914
d989
8f28
b1e3
2030
6f5a
52ba
e5fa
926d
a911
1401
6b8d
5abf
f1d9
96ae
a1d1
087d
66eb
6143
fcf9
9b9d
9bfe
fdca
61c1
666f
0739
a0f3
976f
f402
5c4f
6a6d
1084
a672
93f6
eb34
56d1
6d6b
18d3
abe3
9169
e367
5177
6f94
2020
b11b
8f9a
dc98
4c6b
7112
2671
b5f4
8e63
d6c4
47cd
720c
2bcb
ba50
8d9e
d1e2
43b9
72a4
3037
be17
8d2b
cde8
4043
72f8
33c0
c138
8cf0
cacf
3d7b
7320
366d
c3a3
8cd7
c88c
3b6d
732f
3847
c551
8ccf
c71a
3a21
7332
3953
c63a
8cce
c672
399c
7332
3996
c65c
8cce
c693
39df
7332
3910
c5b5
8ccf
c77e
3ae9
732f
37c0
c448
8cd7
c936
3cb7
7320
35a0
c21b
8cf0
cbbf
3f42
72f8
32ab
bf35
8d2b
cf22
427f
72a4
2ed8
bba4
8d9e
d368
4660
720c
2a1d
b777
8e63
d89a
4ad3
7112
2472
b2c5
8f9a
dec1
4fbe
6f94
1dce
ada9
9169
e5e4
5502
6d6b
162a
a846
93f6
ee07
5a79
6a6d
0d87
a2c6
976f
f72a
5ff5
666f
03e8
9d5c
9bfe
0142
653e
6143
f95b
9844
a1d1
0c3e
6a15
5abf
edf8
93c0
a911
1800
6e32
52ba
e1e2
901e
b1e3
245d
7145
4914
d54d
8db0
bc61
3118
72f8
3dba
c87e
8cce
c89a
3de5
72f3
30a3
bbcb
8dd1
d68b
4a65
70dc
21df
af9c
9110
e619
5625
6c62
1193
a46b
96d8
f713
60a4
653b
0000
9ac2
9f6a
0927
6952
5b33
ed88
9335
aaef
1be1
6f97
4e30
dab0
8e5d
b96f
2eaf
72db
3e39
c81c
8cd0
cacf
40d8
728f
2b84
b692
8f14
dec1
5189
6e39
1676
a6f4
9594
f4c2
5fd8
6580
ffb0
9a31
a090
0c17
6ad0
583f
e809
9141
b00f
23ca
7180
4691
d095
8d08
c3d2
3aaf
7310
30de
ba95
8e4b
db45
4f71
6ed7
17e7
a76d
9593
f579
60a4
6474
fcc9
988b
a312
1124
6cdb
53e6
e0f9
8f51
b692
2ca7
72cc
3da1
c63a
8ceb
cf5d
4623
7172
22a1
ae82
922b
ec32
5b95
6836
0469
9bd6
9f65
0b4b
6b00
5712
e4ff
901e
b448
2a68
72a1
3eb3
c6d4
8cea
cfc9
46f6
7127
2086
ac92
933a
f014
5e3f
65f1
febe
98e7
a347
12a1
6db3
513c
dc36
8e34
bc54
344f
7332
3449
bc40
8e3d
dc98
51ae
6d6b
116a
a255
99d3
0142
6752
5c1f
ebe3
91b5
b091
26a5
724a
4060
c7b4
8cea
d0b3
4889
708d
1ca6
a92f
955d
f713
62a4
616b
f4b5
9473
aaef
1f61
712a
45e1
cd52
8ccf
cbbf
4488
7172
20b5
abb7
9423
f429
6153
6282
f659
94e5
aa67
1f07
712d
457d
cc80
8cce
cd55
4649
70f6
1dc4
a962
9593
f87a
63ca
5fb8
f0c4
92d1
aedd
259c
7250
3f27
c551
8d29
d598
4d8a
6e9c
13b2
a2b0
9a57
0412
693e
583f
e41f
8f4f
b92b
32ae
7332
3218
b898
8f7e
e51f
590c
689c
0236
994f
a446
16c8
6f94
4a58
d119
8cdb
cacf
44ef
7112
1d38
a846
96b0
fc6f
663c
5c1f
e984
9069
b5f6
2f97
732c
33e5
b9a0
8f5d
e538
598e
67f8
0000
9805
a682
1b01
70b9
45e1
cb4d
8cdc
d1e2
4b96
6ef0
137f
a1c1
9bcb
087d
6b7a
536c
dbd1
8da8
c28a
3de5
7246
238d
ac04
94e5
f8c7
64f9
5d21
ea38
9058
b6ec
319b
7332
3020
b59b
90cf
ec32
5e6e
63bd
f5f3
93c0
ae8d
2772
72c5
396d
bdab
8ea2
e2c8
58c3
67f8
febe
96f7
a8ee
1fdc
71d9
3fbd
c3a3
8d9e
dc73
549a
6a6d
0483
9956
a59b
1b16
710b
4358
c72d
8d39
d916
5257
6b8a
073c
9a79
a446
193d
70b9
446e
c81c
8d29
d89a
522c
6b87
06eb
9a31
a4cd
1a5b
7101
430f
c664
8d5c
dafc
541d
6a62
0391
988b
a73d
1e69
71c9
3f27
c21b
8dff
e04c
57ff
67e3
fd2c
95c9
abd4
2550
72b7
3882
bb78
8f7e
e8a7
5d76
639b
f3c2
9268
b2f5
2ede
7332
2ed8
b2e2
927a
f429
63eb
5cee
e773
8f28
bd1e
3aaf
7266
21df
a8fc
97ca
02d4
6a81
5323
d88e
8d0d
cacf
481d
6f42
116a
9ebd
a064
1473
700a
457d
c7b4
8d5c
dc6a
5625
6891
fd8a
9574
ad46
2873
730b
3364
b5f4
918d
f203
6350
5d14
e6c3
8ed6
bf43
3dba
71c7
1c99
a4e8
9b26
0b27
6db3
4bb8
ce3a
8ce6
d6c4
5286
6a6d
017f
96be
ab7c
26a5
72f8
33e5
b5de
91c7
f379
6463
5b62
e35a
8e21
c357
4255
70a3
15df
a078
9f65
1401
703f
43ac
c493
8df4
e27d
5b0e
6474
f329
918b
b6ec
35a6
72c7
237d
a8c4
98d3
073c
6ccb
4d0b
ced9
8cea
d824
5449
68fc
fcc9
9486
b04e
2e0a
732f
2aad
ada9
95f7
00ce
6aa9
5123
d3a0
8cce
d405
517e
6a6c
0000
9591
ae94
2c30
7332
2bcb
ae39
95cf
00ce
6ad0
5090
d284
8cd1
d5e3
532e
6950
fcc9
943c
b179
303d
7316
26ea
aa5c
984b
073c
6d2f
4b3c
cb9a
8d39
ddda
590c
653b
f329
9119
b96f
39df
720c
1bc2
a2c6
9e51
1401
70af
4060
bf7d
8f5d
ec4e
61ee
5cd5
e35a
8dca
c77e
481d
6e39
09ed
9928
a999
26a5
731d
2ecf
af9c
9593
0185
6b90
4e1d
ce3a
8d12
dcd5
58f6
64da
f173
9069
bc4d
3dba
7127
1589
9ead
a2ec
1cf4
7258
36f5
b5f4
92c3
fa05
68df
52ba
d3a0
8cd4
d83c
5625
66a3
f4b5
9120
ba83
3c49
715e
162a
9ebd
a32b
1ddd
7283
3531
b409
93c5
fd9a
6a81
4f6f
cee8
8d18
de21
5a79
6321
ecfa
8f28
c1c7
4414
6f31
0bd7
994f
aa6d
294b
7332
2945
aa5c
9969
0c3e
6f5a
4358
c0be
8f7e
eefc
6463
588f
dab0
8cdf
d368
536e
67e3
f659
9141
bb16
3de5
70c8
11f9
9bee
a73d
2553
7324
2bfb
abe3
98b0
0b4b
6f46
430f
bfe8
8fdc
f146
65cf
5634
d6ac
8ccf
d89a
579b
64bb
eedc
8f47
c25f
45b0
6e47
073c
96c2
af70
3127
72c7
1ead
a28a
a064
1b16
7269
3441
b1cc
9593
0489
6d93
473b
c3a3
8f14
ee6d
64cf
5712
d72d
8ccf
d98f
58c3
6374
eb8d
8e80
c693
4a22
6c3b
fffd
93c0
b5f6
39a4
716d
13ce
9c15
a80c
27fa
7332
2671
a6f4
9d01
15c8
71cc
3774
b3cf
94e5
03a2
6d93
4684
c21b
8fa6
f203
66eb
536c
d151
8d1e
e153
5e3f
5e11
e0f9
8d15
d1e2
53fc
666f
f0a7
8f47
c3e8
4889
6c96
0000
9368
b78b
3c49
70a3
0eba
9928
acdd
2f97
72c2
1c99
a036
a3e1
22c0
7324
2975
a846
9c8c
1608
7202
3531
b10f
96c9
09a7
6f94
3fbd
ba50
927a
fdca
6c15
4914
c3cd
8f7e
f293
67bc
513c
cd52
8dad
e819
62c0
583f
d6b5
8ce0
de6e
5d50
5e2f
dfd0
8cee
d598
579b
6321
e887
8db0
cd9a
51c7
672d
f0c4
8eff
c672
4bf7
6a6d
f874
90b7
c018
4649
6cfb
ff8c
92b8
ba83
40d8
6ef0
0604
94e5
b5a8
3bb8
7066
0bd7
9721
b179
36fa
7172
1104
9956
adea
32ae
722b
1589
9b70
aaef
2ede
72a4
1969
9d5c
a87a
2b93
72ee
1ca6
9f0e
a682
28d3
7316
1f42
a078
a4fc
26a5
7329
213f
a192
a3e1
250a
7331
22a1
a255
a32b
2407
7332
2368
a2bd
a2d5
239c
7332
2396
a2c6
a2df
23ca
7332
232b
a272
a347
2490
7331
2226
a1c1
a411
25ef
7329
2086
a0b7
a541
27e2
7316
1e4a
9f5c
a6dd
2a68
72ee
1b6e
9db8
a8ee
2d7c
72a4
17f0
9bd6
ab7c
3118
722b
13ce
99c4
ae94
3534
7172
0f06
9793
b242
39c6
7066
0997
9557
b692
3ec0
6ef0
0381
9325
bb92
4414
6cfb
fcc9
9119
c14d
49ac
6a6d
f572
8f4f
c7d0
4f71
672d
ed88
8de9
cf22
5547
6321
e518
8d08
d74b
5b0e
5e2f
dc36
8cd3
e04c
609e
583f
d2fa
8d71
ea21
65cf
513c
c985
8f0a
f4c2
6a6f
4914
bffd
91c7
001d
6e4b
3fbd
b692
95cf
0c17
712d
3531
ad7a
9b45
188d
72db
2975
a4f2
a248
2550
731b
1c99
9d40
aaef
3226
71b5
0eba
96ae
b546
3ec8
6e73
0000
918b
c14d
4ae6
6928
f0a7
8e27
cef7
5625
61af
e0f9
8cd0
de21
6020
57f4
d151
8dd1
ee96
686d
4bf2
c21b
9169
000d
6ea0
3dba
b3cf
97ca
1222
7250
2d76
a6f4
a112
245d
731a
1b6e
9c15
ad46
362e
70ab
0806
93c0
bc4d
46f6
6ac4
f3c2
8e80
cde8
5605
6143
df45
8ccf
e1b6
62a4
542c
cb4d
8f14
f72a
6c1e
43ac
b8ac
9593
0d8d
71c9
3020
a846
a064
2407
7315
1a1c
9b00
af70
399c
6f94
0266
91b5
c25f
4d3b
670b
e9f8
8d28
d89a
5dca
597e
d1f6
8df4
f146
6a37
473b
bba4
9476
0b4b
7189
30de
a855
a0c0
2553
72f8
1759
9956
b28e
3de5
6e03
fbee
8fd8
c936
536e
6282
e024
8cd1
e3a8
6463
50bc
c5b5
90e4
0074
6f5a
396d
ae77
9c43
1dd4
7332
1dce
9c36
aea0
39c6
6f31
ff8c
9092
c71a
522c
6321
e0b8
8cd1
e43e
64f9
4f6f
c3a3
91b9
0412
705c
3531
aab9
9f6a
242f
72f8
162a
9844
b546
41e9
6c12
f4b5
8e38
d1e2
5a89
5bba
d3a0
8df4
f312
6b90
42e2
b5f4
9808
1608
72fd
2368
9ead
ac0f
3782
6f94
fffd
9069
c89a
541d
6118
dbf9
8d12
eb34
68aa
4875
bb11
9593
108b
7292
27c4
a0f3
a999
34b3
7038
0236
90db
c77e
5392
6143
dbd1
8d1e
ec4e
6952
46d5
b90a
96c5
1401
72eb
238d
9e3f
ad46
39df
6e9c
fb5d
8f28
ce6b
590c
5c4b
d32d
8e3d
f669
6d2f
3dba
b042
9c43
203f
7316
1676
9793
b7fc
4649
6950
eb8d
8d03
de21
6302
5090
c2f2
92b1
09a7
71d9
2bcb
a2b0
a87a
3458
7003
0000
8ffc
cbbf
57ab
5d14
d3a0
8e4b
f793
6dce
3b52
ada9
9e95
2550
72a8
0f96
9486
beeb
4d8a
64bb
e0b8
8cea
ea87
6942
45a3
b692
98d3
1a5b
7332
1a1c
98ae
b6ec
4623
68e8
e96a
8cdc
e27d
65cf
4b7e
bc40
95f7
1401
730a
1fb4
9b31
b311
4255
6aa3
ed5f
8d08
df4b
6463
4d72
be17
953c
1278
72f8
2086
9b70
b2f5
427f
6a6d
ec7b
8cf5
e0d7
6555
4bb8
bbec
9667
15c8
7325
1c99
995a
b692
469d
6836
e6c3
8cce
e72d
686d
461e
b5f4
99d3
1ddd
7315
13ce
9574
be4c
4e47
635c
dc64
8d5c
f279
6cdb
3c18
acd2
a064
2a68
71ae
05fb
90db
cacf
5893
5abf
cdda
9009
02d4
712a
2ce8
a1c1
ab6b
3aaf
6d3d
f329
8d5f
dcd5
63eb
4cef
bc33
96c9
17f7
7332
17f0
96be
bc61
4d3b
639b
dbf9
8d80
f4c2
6dde
3882
a962
a3e1
30c9
7024
fd2c
8eb2
d47c
5f88
5282
c21b
9448
1212
7312
1ca6
988b
b96f
4ae6
64da
ddd4
8d5c
f3f9
6dce
3830
a8c4
a4cd
32ae
6f80
f9ec
8e11
d89a
623a
4e87
bd03
96d8
193d
732c
1463
94e5
c145
5257
5f37
d32d
8f24
0074
710b
2be6
a028
ae94
4003
6a6d
e984
8cce
e9a3
6a81
3fbd
ae39
a090
2cd3
70c8
febe
8ebb
d598
60f2
4fb2
bdab
96d8
1a06
7320
1202
93c0
c4ae
55a4
5bef
cd52
90cf
087d
7269
22d5
9ac2
b6ec
49ac
64da
dc4b
8db8
f8c7
6f94
3109
a2c6
ac1a
3de5
6afe
e9f8
8cce
eb34
6b7a
3ca9
aafe
a3e1
32f6
6ef0
f5f3
8d5a
dfe0
66d8
45e1
b2c5
9dd7
2954
7144
0000
8ebb
d6c4
6248
4cef
b9a0
9991
214f
727b
0806
9069
cfc9
5e3f
5216
bf35
96b0
1b16
7301
0dfd
91fb
cacf
5b18
5593
c349
94e5
16c8
732c
11e9
9325
c7b9
590c
5797
c5b5
93f6
1473
7332
13ce
93b6
c672
5841
583f
c664
93c5
141d
7332
13b2
9399
c6f0
58c3
5797
c551
9448
15c8
732d
1193
92d1
c936
5a89
5593
c285
9593
1970
7309
0d6d
917e
cd55
5d76
5216
be17
97d1
1f07
7290
073c
8fd8
d368
6153
4cef
b833
9b45
2677
7172
fefb
8e37
db8e
65cf
45e1
b11b
a048
2f97
6f45
f4b5
8d0d
e5e4
6a79
3ca9
a92f
a73d
3a21
6b87
e887
8cea
f279
6ebf
3109
a0f3
b091
45b0
65a9
dab0
8e78
0142
71ef
22d5
9915
bca8
51ae
5d14
cb9a
9275
1208
7332
1202
926d
cbcd
5d50
513c
bbec
99a4
245d
719d
febe
8dfe
de21
6796
41b4
ac92
a4bb
3782
6c3b
e984
8cea
f379
6f49
2e4b
9ebd
b448
4a65
6229
d32d
905a
0b4b
730a
172a
93e2
c88c
5b95
52ba
bd03
9962
2490
7172
fcf9
8da8
e153
6952
3da1
a8c4
a8ce
3dba
693b
e0f9
8dba
fdca
71a3
232b
988b
beeb
54ab
597e
c517
9593
1c5e
728f
0469
8eb2
db45
66d8
41fb
abe3
a62b
3aaf
6a6c
e35a
8d80
fc6f
7180
2368
986a
bfa0
559e
583f
c2f2
96c9
1fdc
720c
ffb0
8ddd
e0d7
6990
3c2e
a6f4
ab6b
41e9
6697
da11
8f14
073c
72e3
17e7
9393
cacf
5e15
4e87
b707
9de2
2eaf
6e9c
eedc
8cd1
f279
6f97
2b24
9bd6
ba5d
51c7
5b33
c63a
959e
1ddd
7236
0000
8dca
e23c
6a79
396d
a46b
aedd
469d
635c
d2fa
9110
108b
732f
0cee
901e
d68b
6555
4336
abb7
a771
3de5
682f
dc5b
8ed9
073c
72f8
1589
9268
cf22
616e
4914
b0b2
a347
3863
6aa3
e1e2
8df4
0220
7292
19e7
93c0
cbb7
5f88
4b7e
b2c5
a1d1
367b
6b53
e35a
8dca
0142
7283
1a1c
93b6
cc1b
5ff5
4aa9
b1b9
a2d5
384c
6a6d
e0b8
8e3b
04a3
72db
162a
924d
d055
62a4
4684
ada9
a67c
3dba
67b5
da11
8f9a
0c3e
7331
0dfd
8ffc
d89a
6719
3eb3
a70a
ad46
4660
6282
cfab
92b1
17f7
72a4
017f
8db0
e538
6c67
32ab
9ebd
b7fc
517e
59d5
c21b
98b0
2772
6fde
f0c4
8cd7
f669
711a
21df
9627
c77e
5dca
4c7b
b276
a312
39df
6928
dc4b
8f55
0c0e
7332
0c07
8f4f
dc83
6952
3953
a28a
b361
4dad
5c98
c551
9764
2550
7038
f183
8cd7
f72a
7161
1fb4
9500
cacf
6058
4875
ae1c
a73d
4043
6580
d3d0
91c7
167c
72a4
fffd
8d5a
e9a3
6e4b
2bcb
9a31
c083
598e
50bc
b5f4
a112
37e4
6999
dc36
8f9a
0e7d
7324
073c
8e38
e367
6c6d
30de
9cb0
bca8
56d1
536c
b898
9f6a
35a6
6a6d
ddd4
8f55
0da7
7327
0739
8e27
e43e
6cdb
2f4d
9b9d
bec3
58c3
5105
b59b
a1d1
39c6
685b
d88e
90bb
1401
72c2
fff3
8d3b
ec32
6f5a
26f9
9756
c71a
5ef2
4914
ad7a
a8ee
43cd
6282
ccc5
94e5
214f
70ab
f173
8cea
fb7d
7258
1759
917e
d68b
67bc
3a5f
a1c1
b659
5257
56ef
bba4
9e1a
34b3
6a4f
dc36
9003
1212
72d7
0000
8d28
ee07
700a
2368
9574
cc1b
628b
430f
a7bf
af70
4bf7
5c1f
c202
9a80
2eaf
6c86
e197
8eee
0d8d
7316
0381
8d6e
eb9d
6f94
24bb
95c9
cbcd
62a4
427a
a6f4
b0b7
4dad
5a65
bf35
9c65
32ae
6ac4
dc5b
903a
1401
7290
fbee
8cdf
f429
7180
1b6e
9241
d598
67fb
3882
9fa8
ba83
5704
5123
b3cf
a4bb
4018
63bd
cd0a
9593
250a
6f42
e96a
8dd1
07d9
7332
06eb
8db0
ea87
6f97
2396
94e5
cef7
64f9
3da1
a2b0
b6d0
5449
538d
b5f4
a368
3ec8
6435
cd52
95b1
25ef
6ed7
e743
8e39
0b4b
731b
0236
8d26
f06a
710b
1ca6
9241
d6c4
6909
3531
9cfe
bfa0
5bc4
4aa9
ac92
ac0f
4a22
5c1f
bffd
9cdf
3534
68e8
d625
9295
1e1e
70a3
edde
8d71
060b
7332
0604
8d6e
ee17
70b9
1d83
924d
d74b
6990
3364
9b9d
c28a
5e3f
46d5
a8c4
b091
4f71
5732
b90a
a1ef
3de5
6402
cba8
9704
2a68
6cfb
dfd0
9003
15c8
7201
f4b5
8cf6
00ce
731d
0997
8dc0
ec32
707e
1dc4
9222
d89a
6a6f
30a3
99c4
c693
6153
41b4
a43c
b692
559e
5090
b10f
a8ee
47cd
5cee
bfbd
9de2
3863
669e
cfc3
9593
27e2
6d8b
e09f
9009
16c8
71b5
f1d9
8d39
058a
7331
0301
8d08
f492
7223
13b2
8f47
e43e
6ebf
2396
93c0
d4dc
6942
3266
9a31
c6ad
61ee
3fe8
a255
b9e2
590c
4bf2
abe3
aea0
4ee5
5667
b692
a4fc
43c0
5f37
c21b
9d01
37e4
665c
ce3a
96b0
2b93
6bdd
dab0
91fd
1f07
6fc6
e743
8ed9
1278
722b
f3c2
8d2b
0614
7328
0000
8cd8
fa05
72da
0bd7
8dc0
ee6d
7161
172a
8fc1
e367
6ee0
21df
92b8
d907
6b7a
2be6
9684
cf5d
6752
3531
9b00
c672
628b
3dba
a00b
be4c
5d43
457d
a587
b6ec
579b
4c7b
ab55
b04e
51ae
52ba
b15a
aa6d
4b96
583f
b77f
a541
456b
5d14
bdab
a0c0
3f42
6143
c3cd
9cdf
392c
64da
c9d2
9991
333b
67e3
cfab
96c9
2d7c
6a6d
d54d
9479
27fa
6c86
daad
9295
22c0
6e39
dfc1
9110
1dd4
6f94
e482
8fdc
193d
70a3
e8ec
8eee
1501
7172
ecfa
8e3b
1124
720c
f0a7
8db8
0da7
727b
f3f2
8d5c
0a8e
72c7
f6d9
8d1e
07d9
72f8
f95b
8cf7
058a
7316
fb77
8ce0
03a2
7327
fd2c
8cd4
0220
732f
fe7b
8ccf
0105
7332
ff62
8cce
0050
7332
ffe3
8cce
0003
7332
fffd
8cce
001d
7332
ffb0
8cce
009e
7332
fefb
8ccf
0185
732f
fde0
8cd4
02d4
7327
fc5e
8ce0
0489
7316
fa76
8cf7
06a5
72f8
f827
8d1e
0927
72c7
f572
8d5c
0c0e
727b
f259
8db8
0f59
720c
eedc
8e3b
1306
7172
eaff
8eee
1714
70a3
e6c3
8fdc
1b7e
6f94
e22c
9110
203f
6e39
dd40
9295
2553
6c86
d806
9479
2ab3
6a6d
d284
96c9
3055
67e3
ccc5
9991
362e
64da
c6d4
9cdf
3c33
6143
c0be
a0c0
4255
5d14
ba95
a541
4881
583f
b46a
aa6d
4ea6
52ba
ae52
b04e
54ab
4c7b
a865
b6ec
5a79
457d
a2bd
be4c
5ff5
3dba
9d75
c672
6500
3531
98ae
cf5d
697c
2be6
9486
d907
6d48
21df
9120
e367
703f
172a
8e9f
ee6d
7240
0bd7
8d26
fa05
7328
0000
8cd8
0614
72d5
f3c2
8dd5
1278
7127
e743
903a
1f07
6e03
dab0
9423
2b93
6950
ce3a
99a4
37e4
62ff
c21b
a0c9
43c0
5b04
b692
a999
4ee5
5160
abe3
b40e
590c
461e
a255
c018
61ee
3953
9a31
cd9a
6942
2b24
93c0
dc6a
6ebf
1bc2
8f47
ec4e
7223
0b6e
8d08
fcff
7331
fa76
8d39
0e27
71b5
e938
9009
1f61
6d8b
d81e
9593
303d
669e
c79d
9de2
4043
5cee
b833
a8ee
4ef1
5090
aa62
b692
5bc4
41b4
9ead
c693
663c
30a3
9591
d89a
6dde
1dc4
8f82
ec32
7240
0997
8ce3
00ce
730a
f4b5
8dff
15c8
6ffd
dfd0
9305
2a68
68fc
cba8
9bfe
3de5
5e11
b90a
a8ce
4f71
4f6f
a8c4
b92b
5e3f
3d76
9b9d
cc9c
6990
28b5
924d
e27d
70b9
11e9
8d6e
f9fc
7332
f9f5
8d71
1222
70a3
e1e2
9295
29db
68e8
cacc
9cdf
4003
5c1f
b5de
ac0f
536e
4aa9
a43c
bfa0
6302
3531
96f7
d6c4
6dbf
1ca6
8ef5
f06a
72da
0236
8ce5
0b4b
71c7
e743
9129
25ef
6a4f
cd52
9bcb
3ec8
5c98
b5f4
ac73
5449
4930
a2b0
c25f
64f9
3109
94e5
dc6a
6f97
1579
8db0
f915
7332
f827
8dd1
1696
6f42
daf6
9593
32f6
63bd
bfe8
a4bb
4c31
5123
a8fc
ba83
6058
3882
9805
d598
6dbf
1b6e
8e80
f429
7321
fbee
8d70
1401
6fc6
dc5b
953c
32ae
639b
bf35
a59b
4dad
4f49
a6f4
bd86
62a4
3433
95c9
db45
6f94
1463
8d6e
fc7f
7316
f273
8eee
1e69
6c86
d151
9a80
3dfe
5c1f
b409
af70
5841
430f
9d75
cc1b
6a8c
2368
8ff6
ee07
72d8
0000
8d29
1212
6ffd
dc36
95b1
34b3
61e6
bba4
a911
5257
49a7
a1c1
c5a1
67bc
2975
917e
e8a7
7258
0483
8cea
0e8d
70ab
deb1
94e5
333b
6282
bc33
a8ee
5286
4914
a10e
c71a
68aa
26f9
90a6
ec32
72c5
fff3
8d3e
1401
6f45
d88e
97a5
39c6
5e2f
b59b
aefb
58c3
413d
9b9d
d0b3
6cdb
1bc2
8e27
f8c7
7327
f259
8f55
222c
6a6d
ca5a
9f6a
4768
536c
a92f
bca8
6350
30de
9393
e367
71c8
073c
8cdc
0e7d
7066
dc36
9667
37e4
5eee
b5f4
af44
598e
3f7d
9a31
d435
6e4b
165d
8d5a
0003
72a4
e984
91c7
2c30
6580
bfbd
a73d
51e4
4875
9fa8
cacf
6b00
1fb4
8e9f
f72a
7329
f183
8fc8
2550
689c
c551
a368
4dad
4c9f
a28a
c6ad
6952
237d
8f4f
f3f9
7332
f3f2
8f55
23b5
6928
c621
a312
4d8a
4c7b
a236
c77e
69d9
21df
8ee6
f669
7329
f0c4
9022
2772
6750
c21b
a62b
517e
4804
9ebd
cd55
6c67
1ac8
8db0
fe81
72a4
e809
92b1
3055
6282
b9a0
ad46
58f6
3eb3
98e7
d89a
7004
0dfd
8ccf
0c3e
7066
da11
984b
3dba
5984
ada9
b97c
62a4
2fab
924d
e9d6
72db
fb5d
8e3b
1f48
6a6d
c7b4
a2d5
4e47
4aa9
a00b
cc1b
6c4a
1a1c
8d7d
0142
7236
e35a
94ad
367b
5e2f
b2c5
b482
5f88
3449
93c0
e619
7292
fde0
8df4
1e1e
6aa3
c79d
a347
4f4e
4914
9e92
cf22
6d98
1589
8d08
073c
7127
dc5b
97d1
3de5
588f
abb7
bcca
6555
2975
901e
f312
732f
ef75
9110
2d06
635c
b963
aedd
5b95
396d
9587
e23c
7236
0000
8dca
1ddd
6a62
c63a
a4cd
51c7
45a3
9bd6
d4dc
6f97
0d87
8cd1
1124
6e9c
d151
9de2
48f9
4e87
a1eb
cacf
6c6d
17e7
8d1d
073c
70ec
da11
9969
41e9
5495
a6f4
c3d2
6990
1f29
8ddd
0050
720c
e024
96c9
3d0e
583f
aa62
bfa0
6796
2368
8e80
fc6f
7280
e35a
9594
3aaf
59d5
abe3
be05
66d8
24bb
8eb2
fb97
728f
e3a2
9593
3ae9
597e
ab55
beeb
6775
232b
8e5d
fdca
7246
e0f9
96c5
3dba
5732
a8c4
c25f
6952
1ead
8da8
0307
7172
db70
9962
42fd
52ba
a46b
c88c
6c1e
172a
8cf6
0b4b
6fa6
d32d
9dd7
4a65
4bb8
9ebd
d1b5
6f49
0c87
8cea
167c
6c3b
c87e
a4bb
536e
41b4
986a
de21
7202
febe
8e63
245d
665c
bbec
aec4
5d50
3433
926d
edfe
7332
edf8
9275
3466
5d14
ae52
bca8
66eb
22d5
8e11
0142
7188
dab0
9a57
45b0
4f6f
a0f3
cef7
6ebf
0d87
8cea
1779
6b87
c5df
a73d
56d1
3ca9
9587
e5e4
72f3
f4b5
90bb
2f97
5fb8
b11b
ba1f
65cf
2472
8e37
0105
7172
d989
9b45
47cd
4cef
9ead
d368
7028
073c
8d70
1f07
682f
be17
adea
5d76
32ab
917e
f293
7309
e690
9593
3d7b
5593
a577
c936
6d2f
1193
8cd3
15c8
6bb8
c551
a869
58c3
3910
9399
ec4e
7332
ebe3
93c5
399c
583f
a7bf
c672
6c4a
13ce
8cce
1473
6c0a
c5b5
a869
590c
3847
9325
ee17
732c
e938
94e5
3cb7
5593
a4e8
cacf
6e05
0dfd
8cff
1b16
6950
bf35
adea
5e3f
3037
9069
f7fa
727b
deb1
9991
4660
4cef
9db8
d6c4
7145
0000
8ebc
2954
6229
b2c5
ba1f
66d8
2020
8d5a
0a0d
6ef0
cd0a
a3e1
5502
3ca9
9486
eb34
7332
e9f8
9502
3de5
53e6
a2c6
cef7
6f94
0739
8db8
23b5
64da
b654
b6ec
653e
22d5
8d97
087d
6f31
cd52
a411
55a4
3b52
93c0
edfe
7320
e5fa
96d8
4255
4fb2
9f0e
d598
7145
febe
8f38
2cd3
5f70
ae39
c043
6a81
165d
8cce
167c
6a6d
bffd
ae94
5fd8
2be6
8ef5
0074
70dc
d32d
a0c9
5257
3ebb
94e5
eb9d
732c
e6c3
96d8
42fd
4e87
9dc6
d89a
71ef
f9ec
9080
32ae
5b33
a8c4
c7d0
6dce
0c07
8d5c
222c
64da
b51a
b96f
6775
1ca6
8cee
1212
6bb8
c21b
ad7e
5f88
2b84
8eb2
02d4
7024
cf37
a3e1
569e
3882
9222
f4c2
7280
dbf9
9c65
4d3b
439f
96be
e810
7332
e809
96c9
43cd
4cef
9c15
dcd5
72a1
f329
92c3
3aaf
5495
a1c1
d318
712a
fd2c
9009
3226
5abf
a76d
cacf
6f25
05fb
8e52
2a68
5f9c
acd2
c3e8
6cdb
0d87
8d5c
239c
635c
b1b9
be4c
6a8c
13ce
8ceb
1ddd
662d
b5f4
b9e2
686d
18d3
8cce
193d
6836
b963
b692
66a6
1c99
8cdb
15c8
6999
bbec
b448
6555
1f29
8cf5
1385
6a6d
bd81
b2f5
6490
2086
8d08
1278
6ac4
be17
b28e
6463
20b5
8d08
12a1
6aa3
bdab
b311
64cf
1fb4
8cf6
1401
6a09
bc40
b482
65cf
1d83
8cdc
1696
68e8
b9dd
b6ec
6752
1a1c
8cce
1a5b
672d
b692
ba5d
6942
1579
8cea
1f48
64bb
b276
beeb
6b7a
0f96
8d58
2550
616b
ada9
c4ae
6dce
086d
8e4b
2c60
5d14
a855
cbbf
7004
0000
8ffd
3458
5786
a2b0
d435
71d9
f659
92b1
3d0e
5090
9cfe
de21
72fd
eb8d
96b0
4649
4804
9793
e98a
7316
dfc1
9c43
4fbe
3dba
92d1
f669
71c3
d32d
a3b5
590c
3195
8f28
04a3
6e9c
c621
ad46
61c1
238d
8d15
1401
693b
b90a
b92b
6952
13b2
8d1e
242f
6143
ac6e
c77e
6f25
0236
8fc8
34b3
5667
a0f3
d83c
7292
ef75
9593
44ef
4875
9756
eb34
72ee
dbf9
9ee8
541d
3766
9069
0003
6f94
c87e
ac0f
6153
2368
8d03
1608
67f8
b5f4
bd1e
6b90
0cee
8df4
2c60
5bba
a577
d1e2
71c8
f4b5
93ee
41e9
4aba
9844
e9d6
72f8
dbd1
9f6a
5547
3531
8fa4
0412
6e47
c3a3
b091
64f9
1bc2
8cd1
1f48
6321
add4
c71a
6f6e
ff8c
90cf
39c6
5160
9c36
e232
7332
e22c
9c43
5189
396d
90a6
0074
6f1c
c5b5
af44
6463
1c58
8cd1
1fdc
6282
ac92
c936
7028
fbee
91fd
3de5
4d72
9956
e8a7
72f8
daad
a0c0
57ab
30de
8e77
0b4b
6b8a
bba4
b8c5
6a37
0eba
8df4
2e0a
597e
a236
d89a
72d8
e9f8
98f5
4d3b
3da1
91b5
fd9a
6f94
c664
af70
6500
1a1c
8ceb
2407
5f9c
a846
cfe0
71c9
f273
9593
4754
43ac
93e2
f72a
70ec
cb4d
abd4
62a4
1e4a
8ccf
20bb
6143
a9fb
cde8
7180
f3c2
953c
46f6
43b3
93c0
f7fa
70ab
c9d2
ad46
63eb
1b6e
8ce6
245d
5eee
a6f4
d28a
7250
edde
97ca
4c31
3dba
9160
000d
6e97
c21b
b40e
686d
116a
8dd1
2eaf
57f4
9fe0
de21
7330
e0f9
9e51
5625
3109
8e27
0f59
6928
b51a
c14d
6e75
0000
918d
3ec8
4aba
96ae
f146
71b5
cdda
aaef
62c0
1c99
8ce5
2550
5db8
a4f2
d68b
72db
e773
9b45
5286
3531
8ed3
0c17
6a31
b692
c043
6e4b
ffe3
91c7
4003
4914
9591
f4c2
70f6
c985
aec4
65cf
15df
8d71
2d06
583f
9f62
e04c
732d
dc36
a1d1
5b0e
28b5
8d08
1ae8
6321
aab9
cf22
7217
ed88
98d3
4f71
3830
8f4f
0a8e
6a6d
b654
c14d
6ee7
fcc9
9305
4414
446e
9325
fc7f
6ef0
c140
b692
6aa9
0997
8f9a
39c6
4dbe
9793
f0fa
7172
cacc
ae94
663c
13ce
8dd5
3118
5484
9bd6
e810
72a4
d284
a8ee
6248
1b6e
8d12
2a68
5923
9f5c
e1b6
7316
d81e
a541
5f49
2086
8cd7
25ef
5bef
a1c1
ddda
7331
db70
a347
5d8e
232b
8cce
23ca
5d21
a2c6
dc6a
7332
dc64
a2d5
5d43
2368
8cce
2407
5cd5
a255
dd5f
7331
daf6
a3e1
5e6e
213f
8cd7
26a5
5b04
a078
e0be
7316
d72d
a682
60f2
1ca6
8d12
2b93
5786
9d5c
e697
72a4
d122
aaef
6490
1589
8dd5
32ae
5216
9956
eefc
7172
c906
b179
68df
0bd7
8f9a
3bb8
4a58
94e5
f9fc
6ef0
bf28
ba83
6d48
ff8c
9305
4649
3fe8
90b7
078c
6a6d
b409
c672
7101
f0c4
98d3
51c7
3266
8db0
1779
6321
a865
d598
7312
dfd0
a1d1
5d50
2192
8ce0
294b
583f
9d40
e819
7253
cd52
aec4
67bc
0d6d
8f7e
3c33
4914
93eb
fdca
6d86
ba50
c043
6f94
f659
96c9
4ef1
3531
8dfe
1608
6374
a846
d68b
7324
dd40
a3e1
5fca
1c99
8d3e
2f97
5323
9928
f146
70a3
c3b7
b78b
6c98
0000
936a
4889
3c18
8f47
0f59
666f
ac04
d1e2
72eb
e0f9
a1ef
5e3f
1ead
8d1e
2eaf
536c
9915
f203
705a
c21b
b97c
6d93
fc5e
94e5
4c31
3774
8e34
15c8
62ff
a6f4
d98f
7332
d806
a80c
63eb
13ce
8e93
39a4
4a0a
93c0
0003
6c3b
b5de
c693
7180
eb8d
9c8c
58c3
2671
8ccf
28d3
5712
9b31
ee6d
70ec
c3a3
b8c5
6d93
fb77
9593
4e34
3441
8d97
1b16
5f9c
a28a
e153
72c7
ced9
af70
693e
073c
91b9
45b0
3da1
8f47
1124
64bb
a865
d89a
7331
d6ac
a9cc
65cf
0eba
8fdc
4018
430f
90ba
0b4b
6750
abe3
d405
7324
daad
a73d
6412
11f9
8f38
3de5
44ea
9141
09a7
67e3
ac92
d368
7321
dab0
a771
6463
1104
8f7e
3f42
4358
90a6
0c3e
6697
aa5c
d6bb
7332
d6b5
aa6d
66b1
0bd7
90cf
4414
3e39
8f28
1306
6321
a587
de21
72e8
cee8
b091
6a81
0266
93c5
4bf7
3531
8d7d
1ddd
5cd5
9ebd
e9d6
715e
c3b7
ba83
6ee0
f4b5
995d
5625
27c4
8cd4
2c60
52ba
9721
fa05
6d3d
b5f4
c90b
7258
e30c
a2ec
6153
1589
8ed9
3dba
43b3
9069
0e8d
64da
a70a
dcd5
72ee
ce3a
b1e3
6b90
fe7b
9593
5064
2ecf
8ce3
26a5
5667
9928
f613
6e39
b7e3
c77e
7236
e35a
a32b
61ee
13b2
8f5d
4083
4060
8f51
1401
61af
a2c6
e43e
720c
c621
b96f
6ee7
f329
9ac5
590c
2226
8d39
3466
4b3c
92d1
073c
67b5
aa5c
d916
7316
cfc3
b179
6bc4
fcc9
96b0
532e
2a1d
8cd1
2d7c
5090
9530
00ce
6a31
ae39
d435
7332
d3d0
ae94
6a6f
0000
9594
517e
2bfb
8cce
2c60
5123
9557
00ce
6a09
ada9
d553
732f
d1f6
b04e
6b7a
fcc9
9704
5449
27dc
8cea
3127
4d0b
9335
073c
672d
a8c4
dc83
72c7
ca5a
b6ec
6e75
f329
9b8c
5b0e
1d83
8df4
3b6d
43ac
8fc1
1401
609b
a078
ea21
70a3
bdab
c357
71df
e35a
a49e
6463
0c87
91c7
4a22
33e5
8d08
26a5
5484
96be
fe81
6a6d
ad7a
d6c4
731a
ce3a
b448
6db3
f4d9
9b26
5b18
1c99
8e39
3dba
40bd
8ed6
193d
5d14
9cb0
f203
6e73
b5f4
cc9c
730b
d78d
ad46
6a8c
fd8a
976f
5625
2396
8d5c
384c
457d
8ff6
1473
5f9c
9ebd
ee96
6f42
b7e3
cacf
72f3
d88e
acdd
6a81
fd2c
97ca
5704
21df
8d9a
3aaf
42e2
8f28
188d
5cee
9c15
f429
6d86
b2e2
d128
7332
d122
b2f5
6d98
f3c2
9c65
5d76
1759
8f7e
4488
3882
8d49
2550
542c
95c9
02d4
67e3
a801
e04c
7201
c21b
c0d9
71c9
e197
a73d
6775
0391
959e
541d
2504
8d5c
399c
430f
8eff
1a5b
5b33
9a31
f915
6b87
add4
d89a
72d7
c81c
bb92
70b9
e6c3
a446
6587
073c
9476
5257
26ea
8d39
38d3
4358
8ef5
1b16
5a65
9956
fb7d
6a6d
ab66
dc73
7262
c3a3
c043
71d9
e024
a8ee
6909
febe
9808
58c3
1d38
8ea2
4255
396d
8d3b
2772
5173
93c0
0a0d
63bd
a192
ec32
6f31
b59b
cfe0
7332
ce65
b6ec
6fa8
ea38
a2df
64f9
0739
94e5
53fc
238d
8dba
3de5
3d76
8da8
242f
536c
9486
087d
6435
a1c1
ec81
6ef0
b46a
d1e2
7324
cb4d
ba1f
70b9
e4ff
a682
67fb
0000
9808
598e
1ac8
8f5d
4660
33e5
8cd4
2f97
4a0a
9069
167c
5c1f
99c4
fc6f
6950
a846
e2c8
7112
bb11
cacf
7325
d119
b5a8
6f94
e938
a446
66b1
0236
9764
590c
1ae1
8f7e
4768
3218
8cce
32ae
46d5
8f4f
1be1
583f
96c2
0412
65a9
a2b0
ec4e
6e9c
b276
d598
72d7
c551
c0d9
7250
da64
aedd
6d2f
f0c4
a048
63ca
0786
9593
569e
1dc4
8f0a
4649
32ab
8cce
3380
457d
8ed3
1f07
5599
94e5
09a7
6282
9ead
f429
6bdd
abb7
df4b
7172
bb78
cbbf
7331
cd52
ba1f
712a
e09f
aaef
6b8d
f4b5
9e95
62a4
08ed
955d
56d1
1ca6
8f73
4889
2f4d
8cea
384c
4060
8db6
26a5
4f6f
91b5
141d
5c1f
98ae
0142
662d
a255
ee96
6d6b
ae52
dc98
71c3
bc40
cbb7
7332
cbb1
bc54
71cc
dc36
aec4
6db3
ed5f
a347
6719
febe
9a0f
5e3f
0fec
933a
536e
2086
8ed9
46f6
3037
8cea
392c
3eb3
8d5f
2a68
4bb8
901e
1b01
5712
9500
0b4b
609b
9bd6
fb97
6836
a46b
ec32
6dd5
ae82
dd5f
7172
b9dd
cf5d
7315
c63a
c25f
72cc
d359
b692
70af
e0f9
ac1a
6cdb
eedc
a312
6775
fcc9
9b8c
60a4
0a87
9593
5893
17e7
9129
4f71
24bb
8e4b
456b
30de
8cf0
3aaf
3c2e
8d08
2f6b
4691
8e80
23ca
4ff1
9141
17f7
583f
9530
0c17
5f70
9a31
0050
6580
a028
f4c2
6a6c
a6f4
e98a
6e39
ae77
dec1
70ec
b692
d47c
728f
bf28
cacf
7330
c81c
c1c7
72db
d151
b96f
71a3
dab0
b1d0
6f97
e41f
aaef
6ccb
ed88
a4cd
6952
f6d9
9f6a
653e
0000
9ac5
60a4
08ed
96d8
5b95
1193
939e
5625
19e7
9110
5064
21df
8f24
4a65
2975
8dd1
4435
30a3
8d0d
3de5
3766
8cce
3782
3dba
8d08
3118
439f
8db0
2ab3
4914
8ebb
245d
4e1d
901e
1e1e
52ba
91ce
1800
56ef
93c0
1208
5abf
95eb
0c3e
5e2f
9844
06a5
6143
9ac2
0142
6402
9d5c
fc18
666f
a00b
f72a
6891
a2c6
f279
6a6d
a587
ee07
6c0a
a846
e9d6
6d6b
aafe
e5e4
6e97
ada9
e232
6f94
b042
dec1
7066
b2c5
db8e
7112
b52d
d89a
719d
b777
d5e3
720c
b9a0
d368
7262
bba4
d128
72a4
bd81
cf22
72d5
bf35
cd55
72f8
c0be
cbbf
7310
c21b
ca60
7320
c349
c936
7329
c448
c840
732f
c517
c77e
7331
c5b5
c6f0
7332
c621
c693
7332
c65c
c66a
7332
c664
c672
7332
c63a
c6ad
7332
c5df
c71a
7331
c551
c7b9
732f
c493
c88c
7329
c3a3
c993
7320
c285
cacf
7310
c138
cc40
72f8
bfbd
cde8
72d5
be17
cfc9
72a4
bc47
d1e2
7262
ba50
d435
720c
b833
d6c4
719d
b5f4
d98f
7112
b395
dc98
7066
b11b
dfe0
6f94
ae89
e367
6e97
abe3
e72d
6d6b
a92f
eb34
6c0a
a672
ef7c
6a6d
a3b1
f402
6891
a0f3
f8c7
666f
9e3f
fdca
6402
9b9d
0307
6143
9915
087d
5e2f
96ae
0e27
5abf
9473
1401
56ef
926d
1a06
52ba
90a6
2030
4e1d
8f28
2677
4914
8dfe
2cd3
439f
8d34
333b
3dba
8cd4
39a4
3766
8cea
4003
30a3
8d80
4649
2975
8ea2
4c6b
21df
905a
5257
19e7
92b1
57ff
1193
95b1
5d50
08ed
9962
623a
0000
9dc9
66aa
f6d9
a2ec
6a8c
ed88
a8ce
6dce
e41f
af70
705c
dab0
b6d0
7223
d151
beeb
7312
c81c
c7b9
7316
bf28
d131
7221
b692
db45
7024
ae77
e5e4
6d14
a6f4
f0fa
68e8
a028
fc6f
639b
9a31
0826
5d2b
9530
1401
5599
9141
1fdc
4cef
8e80
2b93
4336
8d08
36fa
3882
8cf0
41e9
2ce8
8e4b
4c31
2086
9129
55a4
137f
9593
5e15
05fb
9b8c
6555
f827
a312
6b39
ea38
ac1a
6f97
dc64
b692
724a
cee8
c25f
7332
c202
cf5d
7236
b5f4
dd5f
6f42
aafe
ec32
6a4f
a161
fb97
635c
995a
0b4b
5a75
9325
1b01
4fb2
8ef5
2a68
4336
8cf5
392c
3531
8d4a
46f6
25df
9009
536e
1589
953c
5e3f
0483
9cdf
6719
f329
a6dd
6db3
e1e2
b311
71cc
d119
c145
7332
c140
d131
71c3
b2c5
e27d
6d6b
a617
f4c2
662d
9b9d
078c
5c1f
93b6
1a5b
4f6f
8eb2
2ca7
4060
8cd0
3de5
2f4d
8e3b
4d8a
1ca6
9305
5b0e
08ed
9b26
65f4
f4b5
a67c
6dce
e09f
b4c4
7240
cd52
c5a1
7309
bb78
d89a
7003
abb7
ed19
6928
9ead
0276
5e96
94e5
17f7
5090
8ed3
2cd3
3f7d
8cce
4043
2be6
8f0a
517e
1676
9593
5fca
fff3
a048
6a81
e938
aedd
711a
d32d
c0d9
7331
bebe
d598
708d
acd2
ec4e
6928
9e3f
0412
5d30
93c0
1be1
4d0b
8de9
32ae
3953
8d1e
4768
22d5
918d
590c
0a87
9b26
66b1
f183
a999
6f94
d8f7
bc54
7325
c21b
d28a
7112
ae1c
eb34
6950
9e12
0523
5c1f
92ea
1f07
4a0a
8d5a
3782
33e5
8dd5
4d3b
1ac8
9479
5ef2
0000
a112
6b90
e4ff
b311
7240
cb4d
c993
727b
b46a
e367
6c12
a1c1
ff1c
5f40
9486
1b16
4c9f
8da8
35a6
3531
8dba
4d1e
1a4b
94e5
5ff5
fd8a
a2df
6cdb
e0b8
b6ec
72d8
c5b5
cfe0
715e
ae52
ec32
685b
9c36
0a0d
583f
90ba
2772
41fb
8cce
4255
26f9
90e4
58c3
0907
9cdf
6909
ea38
b00f
71d9
ccc5
c936
7262
b2e2
e697
6a6d
9e92
0614
5a65
917e
2553
4358
8ccf
41e9
26ea
9110
5988
073c
9e1a
6a37
e6c3
b311
7278
c81c
ce6b
7172
add4
ee07
670b
9a31
0f59
53f1
8eff
2f97
3996
8d5c
4bf7
1a1c
959e
61ee
f827
a73d
6f6e
d6ac
c0d9
7316
b8ac
e04c
6c62
a0f3
02d4
5bba
91ce
2550
427a
8ccf
4488
22d5
92a2
5d76
ffb0
a2ec
6d98
dc5b
bc4d
7332
bc47
dc73
6d86
a2b0
0050
5cee
9241
245d
42e2
8ccf
44ef
21df
931e
5e9f
fd2c
a4bb
6ea0
d88e
c003
7316
b7e3
e23c
6b53
9ebd
07d9
57f4
8ff6
2cd3
3ae3
8d5c
4d17
172a
976f
64f9
f0a7
ad46
71a3
cba8
cc9c
7172
ac6e
f203
6435
96ae
193d
4b3c
8d1d
3dba
2945
9110
5b18
0236
a248
6db3
daad
beeb
731a
b777
e3a8
6a6d
9cfe
0c17
5484
8eb2
333b
33e5
8e93
541d
0c87
9cdf
6a6f
e35a
b7fc
7324
bdab
dc98
6ce2
a078
060b
583f
8fc1
2ee7
37c0
8df4
51ae
0f96
9b8c
6990
e518
b6ec
731c
be17
dc83
6cc6
a00b
073c
5732
8f4f
3127
3531
8e78
5449
0b6e
9de2
6b7a
dfd0
bb92
732f
b8ac
e367
6a09
9bd6
0fa5
5123
8dc0
39c6
2bfb
90be
5b66
0000
a49e
6f49
d3d0
c693
722b
ae39
f193
635c
9530
1f07
44ea
8cd1
47cd
1b6e
96b0
6555
ed5f
b179
72b7
c21b
d916
6d8b
a0b7
073c
5667
8ed6
3466
30de
8fa6
590c
0301
a347
6ee7
d46d
c6ad
720c
ad0e
f402
61af
93c0
239c
4060
8d18
4d3b
13b2
9a80
697c
e35a
b9e2
7331
b7e3
e5e4
685b
9928
16c8
4aa9
8ce3
43c0
1f42
9593
6484
edee
b1e3
72db
bfbd
dcd5
6bdd
9d5c
0e8d
5090
8d6f
3dba
25df
933a
6153
f3c2
adea
7258
c3cd
d89a
6d3d
9f5c
0b27
52ba
8dc0
3bb8
27c4
92b1
609e
f4b5
ad7e
7250
c3b7
d907
6cfb
9ebd
0ca7
516c
8d7d
3de5
2504
93c5
628b
f0c4
b091
72cc
bf7d
de21
6afe
9b9d
1306
4c7b
8cee
4414
1d83
96d8
66b1
e800
b784
7332
b77f
e819
6697
96ae
1e1e
4358
8cff
4dad
1104
9cdf
6c15
dab0
c30d
7248
ac92
f72a
5e96
9141
2d7c
3531
8f38
598e
ff62
a73d
710b
c985
d405
6e39
a036
0b4b
5173
8d5a
4018
213f
95b1
65cf
e8ec
b78b
7331
b5f4
eb05
64bb
94c7
23ca
3da1
8db8
53fc
073c
a2d0
6f97
ced9
cf22
6f80
a28a
07d9
536c
8d97
3ec8
2226
9593
65f4
e800
b8c5
7327
b3cf
ee6d
62af
9325
28d3
3882
8ebc
58c3
ff62
a80c
7180
c63a
d8b5
6c3b
9c3b
1401
4a0a
8cce
4a22
13ce
9c65
6c67
d806
c71a
7144
a6f4
0185
5712
8e34
3bb8
24bb
94e5
6587
e800
b97c
7316
b1cc
f203
6046
917e
2eaf
3218
9080
5e3f
f572
af70
72eb
bba4
e5b5
666f
9574
23ca
3c18
8e3b
579b
0000
a869
71c9
c3b7
dc98
6a4f
9928
1b7e
430f
8d3e
5257
0786
a3e1
707e
c985
d68b
6c86
9bee
1608
474f
8cea
4ef1
0bfe
a16a
6f94
ccc5
d368
6d86
9d5c
1385
4914
8cd8
4dad
0d6d
a0c0
6f5a
cd52
d318
6d8b
9d40
1401
487c
8ce0
4ea6
0bd7
a1d1
6fe2
cb27
d598
6c96
9b9d
1779
457d
8d18
51c7
0739
a4bb
7101
c65c
dafc
6a6d
98ae
1ddd
3fe8
8dd1
56d1
ff8c
a9cc
7250
bf28
e367
66a3
94e5
2709
3774
8f9a
5d50
f4d9
b179
7328
b5f4
eefc
6096
90f7
32ae
2bcb
933a
6490
e743
bc4d
72a4
ab66
fdca
5786
8ddd
4043
1ca6
99a4
6b90
d72d
cacf
6fa6
a078
0fa5
4aa9
8cd7
4ee5
09ed
a3e1
70fc
c551
dd5f
68e8
9684
2407
3953
8f5d
5d43
f3e9
b2ee
7332
b2e9
f402
5d21
8f47
39df
232b
9704
6990
db70
c77e
705a
a1c1
0e27
4b3c
8cd7
4f71
086d
a541
7189
c21b
e1b6
669e
943c
2a68
32ab
9164
6248
ea38
bb16
72a4
aa62
00ce
5484
8d34
4660
13ce
9ee8
6f49
cacc
d89a
6a6c
9793
22c0
396d
8f9a
5e9f
f05b
b692
730a
ada9
fc7f
5712
8d88
4414
162a
9de2
6ee7
cba8
d824
6a6d
9761
23a5
3830
9009
5ff5
ed88
b92b
72c7
aab9
0142
538d
8d08
48f9
0f96
a1d1
70b9
c493
e04c
66a3
93c0
2d06
2ecf
931e
65cf
e1e2
c357
70f6
a255
0f0c
4914
8d0d
541d
ffe3
ac0f
72f8
b692
f193
5d2b
8ed3
3de5
1c58
9b45
6dbf
ce3a
d68b
6aa3
9721
2550
35a0
9110
62c0
e743
bf43
71b5
a46b
0c3e
4aba
8cf7
5392
0000
ac73
730b
b51a
f429
5b33
8e27
41c1
172a
9e51
6f97
c7b4
de21
670b
9399
2eaf
2be6
94ad
686d
daf6
cacf
6e97
9c36
1b7e
3dba
8f14
5e9f
edde
ba83
7266
a6f4
090d
4c7b
8ce6
532e
ffb0
ad46
7321
b2e2
f7fa
583f
8d6f
46f6
0fec
a2ec
7180
bf35
e8a7
6143
8ffc
3aaf
1e4a
9b26
6e32
cb4d
db45
67e3
93e2
2ee7
2aad
9593
69d9
d6ac
cfe0
6c86
988b
2407
3517
91c7
6500
e0f9
c66a
6f94
9d75
1a5b
3da1
8f5d
6020
e9f8
bec3
7172
a236
1212
446e
8df4
5b95
f183
b8c5
727b
a678
0b4b
49a7
8d39
57ab
f783
b448
72f8
a9fb
0614
4d72
8cea
549a
fbee
b127
7327
ac92
0276
4ff1
8cd1
5286
febe
af44
7332
ae1c
0074
513c
8cce
5189
fff3
ae8d
7332
ae89
000d
5160
8cce
51ae
ff8c
aefb
7332
add4
0142
5060
8cd1
52f2
fd8a
b091
7327
ac04
0412
4e30
8cea
5547
f9ec
b361
72f8
a92f
087d
4aba
8d39
5893
f4b5
b784
727b
a577
0e7d
45e1
8df4
5cab
edee
bd1e
7172
a10e
1608
3f7d
8f5d
6153
e5a5
c456
6f94
9c3b
1f07
3766
91c7
663c
dbf9
cd55
6c86
9756
2954
2d76
9593
6b00
d119
d83c
67e3
92d1
34b3
2192
9b26
6f25
c551
e51f
6143
8f32
40cb
13b2
a2ec
7217
b90a
f3f9
583f
8d15
4d1e
03e8
ad46
7332
acd2
04a3
4c7b
8d29
590c
f273
ba83
71c3
a161
16c8
3dba
9022
63ca
dfc1
cacf
6d14
9793
29db
2be6
96b0
6c67
cc80
de21
6481
9069
3d0e
172a
a16a
71d9
b9a0
f429
5786
8cf5
4f4e
0000
b0b7
7309
a855
0c3e
45e1
8e4b
5f49
e743
c4ae
6ef0
9a0c
2550
2fab
955d
6b7a
ce3a
dcfd
64bb
9058
3de5
1579
a2d5
724a
b692
f8c7
53f1
8cce
541d
f874
b6ec
7236
a255
1696
3ca9
90cf
65cf
da64
d131
6a09
93c0
344f
1fb4
9d51
70b9
bdab
f06a
5923
8d08
4f4e
febe
b28e
72c7
a528
1278
3fbd
9009
6490
dc5b
cfc9
6a6d
93eb
3458
1f29
9de2
710b
bbec
f312
5712
8cdb
5257
f9f5
b692
7221
a161
193d
396d
922b
686d
d3e8
d89a
662d
90b7
3dfe
13ce
a4cd
72cc
b1b9
00ce
4d12
8d5c
5c4f
ea38
c3e8
6e9c
988b
2a68
28b5
9962
6f25
c21b
ec81
5abf
8d1d
4f71
fd2c
b4c4
7253
a1c1
1970
3882
92c3
6990
d095
dcd5
639b
8f47
43cd
0bfe
aa67
7332
aa62
0c17
439f
8f5d
63eb
dbf9
d1b5
68e8
9222
3aaf
1676
a3e1
72c5
b11b
02d4
4aa9
8ddf
5f88
e3a2
cacf
6bb8
9470
34d9
1ca6
a064
7223
b51a
fdca
4e30
8d5c
5d34
e743
c7d0
6cc6
9574
32ae
1ead
9f6a
71ef
b5f4
fcff
4e87
8d58
5d50
e6c3
c88c
6c62
94e5
344f
1c99
a0c9
7250
b395
0074
4bb8
8dd1
5fd8
e223
cd10
6a6d
92ea
39a4
165d
a4bb
72f8
ae39
0826
457d
8f38
6463
d989
d598
665c
901e
4255
0bd7
abd4
7320
a678
1401
3b52
9275
6a15
cd52
e27d
5f40
8d97
4dad
fcf9
b6ec
7188
9d5c
23b5
2c98
98d3
6f94
be3f
f402
53e6
8cea
5a79
e9f8
c6f0
6c86
9486
367b
18d3
a3e1
72f3
ada9
0a0d
430f
9022
66d8
d3a0
dc98
6229
8e37
4ad3
0000
b532
71c5
9db8
23ca
2bcb
9991
7028
bba4
f7fa
5090
8d4a
5e3f
e30c
cde8
6950
917e
3f42
0dfd
ab6b
7316
a4e8
1800
366d
94e5
6d2f
c448
ee17
5712
8cd0
590c
eaff
c71a
6c0a
9399
39df
13ce
a7d4
7332
a7bf
1401
3996
93c5
6c4a
c63a
ec4e
57f4
8cce
58c3
eaff
c77e
6bb8
9325
3b6d
1193
a999
7327
a577
1800
35a0
9593
6e05
c138
f293
536c
8d12
5d76
e30c
cf22
682f
9069
43b9
073c
b127
7248
9ead
23ca
2a1d
9b45
7145
b5f4
0105
4875
8f24
65cf
d3a0
dec1
5fb8
8d5a
5177
f4b5
c003
6e39
9587
367b
162a
a73d
7332
a672
1779
3531
962a
6ebf
be3f
f72a
4f6f
8db8
61c1
dab0
d824
6321
8e11
4dad
f95b
bca8
6f31
96ae
3466
17e7
a67c
7332
a678
1800
3433
96d8
6f5a
bbec
fa96
4c7b
8e63
6463
d54d
de21
5f70
8d34
536e
f0c4
c456
6c3b
92ea
3de5
0c87
ae94
7280
9ebd
2553
26f9
9dd7
7250
af9c
0b4b
3ebb
92b1
6c1e
c448
f146
52ba
8d58
60a4
db70
d89a
6237
8da8
50d3
f3c2
c25f
6cc6
9335
3dba
0c07
af70
7246
9d5c
2873
232b
a064
72db
ab55
1212
3847
9593
6ee0
bc40
fb97
4aa9
8f14
66d8
cf37
e5e4
59d5
8ccf
5b66
e35a
d1b5
6580
8e80
4d3b
f7da
bfa0
6d8e
93c0
3d0e
0bfe
b00f
720c
9c15
2b93
1f29
a347
7328
a6f4
1970
30de
9969
712a
b3cf
073c
40bd
9275
6c6d
c21b
f579
4e87
8e52
6555
d151
e492
5a15
8cd1
5c4f
e0f9
d4dc
635c
8db6
51c7
f0a7
c693
6a62
90b7
4623
0000
b9e2
6f42
9587
39c6
0eba
aedd
7221
9bd6
2d06
1c99
a58b
732f
a355
2030
2975
9de2
72a1
abb7
1385
3531
97d1
70b1
b4b8
073c
3fbd
933a
6d98
be17
fb7d
4914
8ffd
6990
c79d
f06a
513c
8df4
64cf
d119
e619
583f
8cf6
5f88
da64
dc98
5e2f
8cdc
59e9
e35a
d3ee
6321
8d7d
541d
ebe3
cc1b
672d
8eb2
4e47
f3e9
c51d
6a6d
9058
4889
fb5d
beeb
6cfb
924d
42fd
0236
b97c
6ef0
9473
3dba
086d
b4c4
7066
96ae
38d3
0dfd
b0b7
7172
98e7
3458
12e7
ad46
722b
9b07
3055
172a
aa67
72a4
9cfe
2cd3
1ac8
a80c
72ee
9ebd
29db
1dc4
a62b
7316
a036
2772
2020
a4bb
7329
a161
259c
21df
a3b5
7331
a236
245d
2303
a312
7332
a2b0
23b5
238d
a2d0
7332
a2cc
23a5
237d
a2ec
7332
a28a
242f
22d5
a368
7331
a1eb
2550
2192
a446
7329
a0f3
2709
1fb4
a58b
7316
9fa8
2954
1d38
a73d
72ee
9e12
2c30
1a1c
a966
72a4
9c3b
2f97
165d
ac0f
722b
9a31
3380
11f9
af44
7172
9805
37e4
0cee
b311
7066
95c9
3cb7
073c
b784
6ef0
9393
41e9
00e4
bca8
6cfb
917e
4768
f9ec
c28a
6a6d
8fa4
4d1e
f259
c936
672d
8e27
52f2
ea38
d0b3
6321
8d28
58c3
e197
d907
5e2f
8cce
5e6e
d88e
e232
583f
8d3e
63ca
cf37
ec32
513c
8ea2
68aa
c5b5
f6f9
4914
9122
6cdb
bc33
0276
3fbd
94e5
7028
b2e2
0e8d
3531
9a0f
7258
a9fb
1b16
2975
a0c0
7331
a1c1
27e2
1c99
a911
727b
9a79
34b3
0eba
b311
6ffd
9470
4142
0000
bec3
6b87
8ff6
4d3b
f0a7
cc1b
64f1
8d5a
5841
e0f9
dafc
5c1f
8ceb
61ee
d151
eb34
5105
8eee
69d9
c21b
fc7f
43ac
939e
6f94
b3cf
0e7d
3433
9b26
72b7
a6f4
20bb
22d5
a59b
72e2
9c15
32ae
0fec
b2f5
6fc6
93c0
43b9
fbee
c30d
6928
8e80
532e
e773
d598
5eee
8ccf
6058
d32d
ea21
5123
8f14
6a81
bfe8
000d
3ffd
9593
70fc
ae82
1696
2be6
a064
7332
9fe0
2cd3
1579
af70
70ad
94e5
41c1
fd8a
c25f
6928
8e5d
5449
e518
d89a
5c98
8cf7
6350
cd52
f146
4b3c
9129
6dce
b77f
0b4b
35a0
9b26
72da
a4f2
2553
1ca6
aace
71c5
96f7
3de5
017f
bfa0
6a31
8eb2
536e
e5a5
d8b5
5c1f
8d0d
6463
cacc
f4c2
4804
9295
6f5a
b2c5
1222
2ecf
9f65
7332
9f62
2ee7
11e9
b311
6f31
924d
48f9
f329
cc9c
6321
8ce4
5e3f
d4be
ea77
4f6f
9009
6ccb
b90a
0a8e
3531
9bfe
730b
a272
2a68
162a
b04e
6ffd
9325
4754
f4b5
cbb7
635c
8ce3
5e9f
d3a0
ec32
4dbe
90be
6dde
b5f4
0f0c
30a3
9ee8
7332
9ead
3118
0e6d
b692
6d8e
9069
4ef1
ea38
d5e3
5cee
8d12
6555
c79d
fa05
427a
9593
7189
aa5c
1f61
2086
a999
71b5
95eb
41e9
fa76
c77e
653b
8d08
5d8e
d46d
ec4e
4cef
914c
6ebf
b2e9
1401
2b24
a2d5
72e8
9a31
39df
0391
c018
68e8
8dca
590c
daf6
e5e4
5160
8fdc
6d2f
b692
0fa5
2ecf
a0c9
7316
9b7c
37e4
056a
beeb
6950
8ddd
58f6
dab0
e697
5090
903a
6dce
b4b8
1278
2bcb
a2ec
72d5
9956
3c33
0000
c3d2
669e
8d26
5d50
d3a0
ee6d
4a58
92b1
703f
ada9
1c5e
21df
a9cc
715e
9486
4649
f359
cf5d
5fc7
8cea
6500
c65c
fd9a
3dba
98d3
72cc
a2bd
2cd3
1084
b6ec
6c96
8f28
54ab
dfd0
e27d
52ba
8fc8
6d93
b46a
1401
2945
a541
7253
96ae
4255
f783
cc40
6143
8cd8
6463
c6d4
fdca
3cf3
9991
72f8
a0f3
3055
0bfe
bb16
6a6d
8dfe
598e
d806
eb34
4bb8
9295
707e
abe3
203f
1c99
ae8d
6f94
9160
4ee5
e6c3
dc98
5634
8eee
6c98
b5f4
1306
293c
a5eb
720c
9574
45b0
f259
d1e2
5d30
8d5c
689f
be17
0927
3218
a064
72f8
9915
3ec8
fa76
cacf
616b
8ce0
6587
c3a3
02d4
3774
9d51
732f
9b7c
3aaf
fefb
c71a
6374
8cce
63eb
c63a
001d
398e
9c3e
7332
9c3b
39a4
ffe3
c693
639b
8cce
6412
c5b5
0105
3882
9d01
732f
9b31
3bb8
fd2c
c936
61e6
8ce0
65f4
c21b
058a
3441
9fba
72f8
988b
40cb
f6d9
cf22
5e11
8d5c
693e
bba4
0da7
2c98
a4cd
720c
94c7
4889
ecfa
d89a
5797
8eee
6d48
b2c5
193d
213f
acdd
6f94
90ba
5257
dfc1
e5e4
4dbe
9295
710b
a846
27fa
11f9
b8b1
6a6d
8d9a
5d3a
cfab
f72a
3fbd
9991
7321
9d5c
392c
febe
c90b
6143
8cff
67bc
bdab
0c3e
2ce8
a541
71c7
93c0
4b96
e800
de6e
52ba
90cf
6fe2
ab55
245d
14fb
b6ec
6afe
8db0
5d43
cee8
f8c7
3dba
9b0f
7332
9b00
3de5
f874
cf5d
5cd5
8dd1
6b7a
b59b
1714
21df
ad7e
6ef0
8fc1
5625
d8f7
ee6d
45e1
96d8
72da
9f5c
36fa
0000
c90b
6096
8d2b
6952
b9a0
1278
25df
aaef
6fc6
9069
549a
dab0
ed19
4691
96b0
72db
9f0e
37e4
fe7b
cacf
5f37
8d71
6aa9
b692
16c8
213f
aea0
6e39
8f04
590c
d3e8
f4c2
3fe8
9a80
7332
9a31
4083
f3e9
d4dc
583f
8f53
6ebf
ad0e
23ca
13b2
b96f
68fc
8d08
623a
c551
058a
30de
a411
71b5
92d1
4f71
e09f
e819
49a7
9593
72b7
9f5c
3863
fcc9
cd55
5cee
8e16
6cdb
b10f
1f07
17f0
b692
6a31
8d34
6153
c63a
0523
30a3
a49e
7172
9222
517e
dd40
ec32
45e1
97ca
731d
9bd6
3ec0
f4b5
d553
5712
9003
6fe2
a92f
2a68
0b6e
c14d
6402
8cea
689f
b90a
1599
2086
b091
6cc6
8de9
5e3f
ca5a
0142
3364
a347
71ae
924d
51ae
dc36
ee17
43ac
995d
7332
995a
43c0
edde
dc98
513c
9295
71df
a255
3534
febe
cd10
5c1f
8e93
6e4b
ac92
26a5
0e6d
bfa0
6481
8cea
6909
b777
188d
1ca6
b448
6aa3
8d26
62a4
c285
0b4b
2945
aaef
6ed7
8ed6
5b95
cd52
ff1c
3441
a368
7172
918b
5449
d78d
f429
3da1
9d7e
72cb
94e5
4d17
e0f9
ea87
457d
98f5
7332
988b
4649
e96a
e23c
4bf2
9593
72f3
9c36
4018
f0c4
db45
5123
931e
7250
9fa8
3aaf
f6f3
d598
5532
9164
7180
a2b0
362e
fbee
d128
583f
903a
70b1
a528
32ae
ffb0
cde8
5a65
8f7e
7004
a6f4
303d
0236
cbcd
5bba
8f14
6f94
a801
2ee7
0381
cacf
5c4b
8eee
6f6e
a846
2eaf
0391
cae9
5c1f
8f05
6f97
a7bf
2f97
0266
cc1b
5b33
8f5d
700a
a672
319b
0000
ce6b
597e
9003
70b9
a46b
34b3
fc5e
d1e2
56ef
9110
7189
a1c1
38d3
f783
d68b
536c
92a2
7258
9e92
3de5
f173
dc73
4ed9
94e5
72f8
9b07
43cd
ea38
e3a8
4914
9808
7332
9756
4a65
e1e2
ec32
41fb
9c43
72c2
93c0
5177
d88e
f613
396d
a1d1
715e
9092
58c3
ce65
0142
2f4d
a8ee
6eb4
8e27
5ff5
c3a3
0da7
238d
b1d0
6a6d
8ce4
66aa
b898
1b16
162a
bca8
6435
8d39
6c6d
ada9
294b
073c
c993
5bba
8f9a
70b9
a355
37e4
f6f3
d89a
50bc
9479
72fd
9a31
4660
e5a5
e9a3
430f
9c3e
72a4
92ea
541d
d3d0
fc6f
32ab
a73d
6f1c
8e37
6058
c21b
108b
1fb4
b5a8
67e3
8cd7
6a37
b15a
2550
0a87
c77e
5c98
8f7e
70ce
a28a
39df
f3c2
dc83
4d0b
96c5
7332
96c2
4d1e
dc4b
f429
3953
a312
708d
8f28
5dca
c551
0d8d
21df
b482
6836
8cd7
6a81
b042
2772
0786
cacf
59d5
90be
71df
9ebd
4043
eb8d
e538
457d
9b7f
72a4
9270
5625
cfab
0276
2bcb
ad46
6bdd
8cf5
6719
b5f4
20bb
0dfd
c5a1
5d14
8f9a
712a
a0b7
3dba
edf8
e367
4684
9b26
72a8
924d
56d1
ce3a
04a3
293c
afa0
6a6d
8cd0
6942
b1b9
26a5
0739
cc1b
582c
91c7
7283
9b9d
4623
e35a
ee96
3ca9
a1d1
70a3
8ee6
5f88
c140
1401
19e7
bc54
62af
8df4
6f5a
a4f2
3863
f329
df4b
4914
9a0f
72c7
9268
573c
ccc5
073c
25df
b2f5
682f
8cea
6c15
abb7
2f6b
fcc9
d68b
4fb2
9667
732f
9500
5257
d2fa
00ce
2b84
aedd
6a4f
8cce
6a79
ae82
2c18
0000
d3ee
516c
959e
7332
9574
51c7
d359
00ce
2b24
af70
69d6
8cd1
6b39
acd2
2eaf
fcc9
d74b
4e87
9764
7316
9393
55a4
cdda
073c
24bb
b4c4
6697
8d39
6e05
a6f4
36fa
f329
e0d7
4691
9c65
720c
9033
5d3a
c2f2
1401
17f0
bfa0
5f70
8f5d
7180
9e12
4435
e35a
f0fa
3882
a62b
6e39
8d3b
66d8
b3cf
26a5
0469
d131
5282
9593
7330
9470
54ab
ce3a
07d9
232b
b6d0
64da
8dba
6f97
a2cc
3dba
ea67
ea77
3da1
a2ec
6f80
8da8
653e
b5f4
2490
05fb
d055
52ba
95b1
732c
93e2
5625
cbb1
0b4b
1f42
ba83
6229
8ea2
710b
9ebd
4435
e223
f379
3531
a966
6c3b
8cd4
6a81
ac92
3118
f7da
de21
474f
9cdf
719d
8f28
60f2
bbec
1e1e
0bd7
cbcd
5593
9476
7332
9473
55a4
cb9a
0c3e
1d83
bca8
6046
8f7e
71ef
9b9d
49ac
dab0
fc18
2c98
b091
67e3
8d35
6ebf
a3b1
3de5
e887
ee07
3910
a73d
6cfb
8cdc
6a79
abe3
32f6
f4b5
e232
430f
a048
7024
8dc0
65cf
b395
2954
fefb
d89a
4ace
9b45
71ea
8f47
6153
ba50
214f
073c
d128
5090
97d1
72c7
90f7
5d76
bfbd
1b16
0d6d
cbbf
5495
9593
731b
926d
5a89
c3a3
16c8
1193
c840
5712
9448
7331
9368
58c3
c5df
1473
13b2
c693
582c
93c5
7332
93c0
5841
c65c
141d
13ce
c6ad
57f4
93f6
7332
9368
590c
c517
15c8
11e9
c88c
5667
94e5
7324
926d
5b18
c21b
1970
0dfd
cc40
536c
96b0
72e2
90f7
5e3f
bd81
1f07
0806
d1e2
4ed9
9991
722b
8f47
6248
b777
2677
0000
d98f
4875
9dd7
70a3
8dc0
66d8
b042
2f97
f5f3
e367
3ffd
a3e1
6dd5
8cdc
6b7a
a846
3a21
e9f8
ef7c
3531
ac1a
6937
8d35
6f94
a00b
45b0
dc4b
fdca
27dc
b6ec
6237
8f7e
7269
9844
51ae
cd52
0e27
17e7
c4ae
583f
9476
7320
91ce
5d50
bdab
2030
056a
d598
4ace
9cdf
70c8
8db0
6796
ae39
333b
f0c4
e9a3
398e
a966
6a6d
8d0d
6f49
a028
4649
daad
0074
2472
ba83
5f37
9110
730a
94e5
57ff
c448
193d
0bd7
d055
4e87
9ac5
7172
8e11
66aa
af2d
32ae
f0a7
ea77
3830
aaef
693b
8d5c
705c
9d5c
4ae6
d46d
07d9
1ca6
c1c7
597e
9448
7316
9120
5f88
b963
26a5
fd2c
dec1
41fb
a3e1
6d14
8ccf
6dde
a255
4435
dbf9
0050
2368
bc61
5d2b
9272
7332
9270
5d3a
bc33
23ca
ffb0
dcd5
4336
a347
6d3d
8ccf
6e05
a1c1
456b
da11
02d4
2086
bf43
5abf
93ee
7316
90db
60a4
b707
2a68
f827
e492
3c18
a8ee
69d6
8d5c
70af
9bd6
4e47
cee8
0f59
13ce
cae9
516c
99d3
7172
8dca
686d
aafe
39c6
e6c3
f669
2b84
b692
609b
9110
7325
9325
5cab
bbec
2553
fcc9
e0d7
3eb3
a771
6a6d
8d4a
70b1
9b70
4f71
ccc5
1278
0fec
cf22
4d72
9cdf
7003
8d08
6bc4
a4f2
4255
dc36
0220
1fb4
c145
583f
95f7
728f
8ee6
65cf
ae52
367b
e96a
f4c2
2c12
b6ec
5fc7
91c7
7332
91b5
5ff5
b692
2ca7
f3e9
ea87
3531
afa0
64bb
8f73
72db
9486
5b0e
bd03
2550
fb77
e367
3b52
aaef
67b5
8e4b
7240
96ae
57ab
c138
20bb
0000
df4b
3eb3
a87a
6928
8dd5
71d9
97c3
5625
c2f2
1f07
017f
de21
3f7d
a80c
6950
8dd1
71df
9793
569e
c21b
203f
fff3
dfe0
3dba
a999
6836
8e3d
7250
9627
590c
bebe
245d
fb5d
e492
3953
ad46
65a9
8f55
72eb
93c0
5d34
b90a
2b42
f3c2
ec4e
3218
b361
6143
918d
7331
90db
62a4
b15a
34b3
e938
f72a
27c4
bc54
5a75
9593
7266
8e37
68aa
a846
4043
dbf9
0523
1a1c
c89a
5090
9c3e
6f94
8cd4
6e4b
9ead
4d3b
cc80
1608
0907
d89a
42e2
a682
6999
8df4
7240
95c9
5a89
bba4
294b
f4b5
ec81
30de
b546
5f40
9305
72f8
8f32
66aa
aab9
3de5
ddd4
0412
1a4b
c936
4f6f
9d7e
6eb4
8cd1
6fa8
9b9d
522c
c5b5
1e69
ff8c
e27d
396d
aea0
63bd
90bb
7332
90ba
63ca
ae77
39c6
e1e2
0074
1d38
c71a
50bc
9cdf
6ede
8cd1
6fcd
9b07
536e
c3a3
214f
fbee
e697
3531
b28e
6096
92a2
72f8
8ef5
67bc
a855
41e9
d81e
0b4b
1202
d1e2
473b
a446
6a4f
8df4
7278
9470
5dca
b5f4
319b
e9f8
f915
2368
c25f
53f1
9b0f
6f94
8cce
6f97
9b00
541d
c202
2407
f827
eb34
3020
b78b
5c4b
9593
7201
8d6e
6c1e
a0f3
4c31
cb4d
1a06
0236
e1b6
3882
b0b7
6143
92a2
72e2
8e80
6952
a528
46f6
d122
1401
0806
dc73
3cf3
ad46
639b
9164
731a
8f28
67fb
a6f4
44ef
d32d
1222
0997
db45
3dba
acdd
63bd
9169
7316
8f04
686d
a617
4649
d151
1473
06eb
de21
3ae3
af70
61af
92b1
72cb
8e27
6a8c
a2b0
4ae6
cba8
1ae8
0000
e51f
3441
b546
5d14
95b1
71b5
8d1d
6dce
9d40
5257
c285
2550
f4d9
f06a
2975
beeb
5532
9b45
6ede
8cea
712d
96be
5bc4
b692
333b
e5a5
001d
1a1c
cd10
4914
a49e
68e8
8f0a
7324
90a6
65cf
a8fc
43c0
d2fa
1401
0604
e04c
37c0
b311
5e2f
955d
71ae
8d08
6e75
9b9d
5547
be17
2b42
ed88
f8c7
2086
c7d0
4d0b
a1ef
6a6d
8e78
730b
9119
6555
a92f
4414
d1f6
15c8
0381
e367
3449
b692
5b04
97ca
7066
8cce
707e
9793
5b66
b5f4
3534
e223
0523
13ce
d435
41b4
ab7c
635c
9272
72a4
8d9a
6cdb
9db8
532e
bfbd
2a68
ed5f
fa05
1e4a
cacf
49a7
a541
67b5
9009
7329
8ed6
6a15
a1c1
4e34
c551
2490
f329
f492
232b
c6ad
4cef
a2df
6937
8f53
7332
8f51
6942
a2bd
4d3b
c621
2407
f359
f4c2
22a1
c77e
4bf2
a3e1
685b
8fdc
7329
8eb2
6aa9
a078
5064
c21b
28d3
edee
fa96
1ca6
cd55
4691
a87a
64da
91fd
72a4
8d6f
6dce
9b70
573c
b9a0
32ae
e30c
0614
1104
d89a
3c2e
b179
5db8
96d8
7066
8cd4
7161
94e5
609e
ada9
40d8
d32d
1714
ff8c
e9d6
2be6
c018
516c
a039
6a6d
8f05
7332
8eff
6a81
a00b
51c7
bf7d
2cd3
e887
0142
14fb
d598
3e39
b04e
5e2f
96d8
7038
8ce0
71c8
93c0
62c0
aa5c
456b
cd52
1e1e
f783
f293
22d5
c90b
4914
a771
64da
927a
7248
8d08
6f94
97c3
5d3a
b10f
3de5
d54d
1608
ff62
eb34
2975
c357
4dbe
a3e1
6750
9110
72c2
8d5a
6ea0
9928
5b95
b2c5
3c49
d6ac
1501
0000
eb05
293c
c3e8
4cef
a4cd
666f
91b9
727b
8d15
6f97
9761
5e3f
af2d
40cb
d151
1b16
f95b
f203
2226
cacf
4684
aa6d
61e6
94e5
70ec
8cd4
71cc
9325
6484
a6f4
4ad3
c5b5
27fa
eb8d
0050
13ce
d8b5
398e
b5f6
583f
9c3e
6c3b
8e93
7332
8e80
6c67
9bee
58c3
b52d
3aaf
d72d
15c8
fde0
ee6d
24bb
c936
473b
aa6d
616b
9593
705a
8cf7
7269
917e
6775
a28a
50d3
be17
3127
e0f9
0c0e
073c
e5b5
2c98
c25f
4cef
a5eb
64bb
936a
7172
8ccf
71c9
92b8
65cf
a46b
4ee5
bfe8
2f97
e22c
0b4b
0786
e5e4
2bfb
c357
4bb8
a73d
6374
9479
70c8
8cea
7266
9141
683d
a0f3
536e
ba50
362e
dab0
1385
febe
eefc
22d5
cc40
4358
aec4
5d14
9969
6d8b
8e39
7332
8e38
6d93
994f
5d50
ae52
4414
cb27
245d
ecfa
0142
1084
de21
3266
be4c
4f6f
a4bb
64f1
93c5
70fb
8cea
7283
90b7
697c
9ebd
56d1
b59b
3c49
d32d
1c5e
f4b5
f9fc
172a
d83c
3774
ba1f
52ba
a248
669e
92c3
7172
8cd8
7258
90f7
6952
9ead
573c
b4b8
3dba
d122
1f07
f173
fdca
12e7
dcd5
32ab
beeb
4e1d
a682
62ff
9593
6fa6
8d71
731d
8eb2
6d2f
9928
5e6e
abe3
481d
c551
2c18
e35a
0ca7
0391
ec4e
2368
cd9a
4060
b2ee
583f
9e51
6937
914c
720c
8cce
7223
9119
6990
9dc6
590c
b1cc
41e9
cb9a
25ef
e938
073c
086d
e819
26ea
cacf
427a
b179
5923
9de2
6950
9164
71ea
8cd1
7266
9069
6ad0
9bd6
5bc4
ae39
4660
c63a
2c30
e223
0f0c
0000
f0fa
1dc4
d405
396d
ba1f
5123
a4fc
635c
95f7
6ef0
8dff
732f
8d88
6fe2
9486
6555
a272
5449
b654
3de5
ced9
23a5
ea67
073c
0739
ea77
237d
cf22
3d76
b6ec
538d
a347
6474
955d
6f31
8df4
732d
8d6e
703f
93c0
66a6
a078
5704
b2c5
4255
c985
29db
e35a
0f0c
febe
f379
1a1c
d8b5
33e5
c043
4aa9
ab7c
5d2b
9b7f
6a6d
9122
71c5
8ce6
72db
8ef5
6db3
9721
62a4
a4e8
5257
b77f
3dba
cdda
25ef
e6c3
0c3e
00e4
f203
1ae1
d89a
3364
c14d
4930
ad46
5b33
9d7e
6891
92b1
70ad
8d5c
7330
8db0
700a
9399
6775
9ebd
59e9
ae82
481d
c21b
32f6
d88e
1b7e
f0c4
02d4
0997
ea21
21df
d28a
3882
bd1e
4c7b
aace
5cee
9c65
6928
927a
70ab
8d70
7332
8d6f
70b1
9268
6952
9c15
5d76
a9fb
4dad
bb78
3aaf
cfc3
2550
e5fa
0e7d
fd2c
f72a
1463
e04c
2aad
cacf
3f27
b78b
5105
a73d
5f9c
9a80
6a62
91c7
70fb
8d5c
7332
8d5a
7101
91b5
6a8c
9a31
6020
a672
522c
b5f4
4142
c81c
2e0a
dc36
193d
f183
03a2
073c
edfe
1c99
d916
30de
c5a1
4358
b448
536c
a59b
6096
9a0f
6a6d
91fd
70ab
8d9e
7327
8d08
71d9
9033
6cdb
96f7
6463
a10e
58c3
ae1c
4a65
bdab
39c6
cf37
2772
e22c
1401
f5f3
000d
09ed
ec32
1d83
d907
3020
c71a
413d
b6ec
5060
a8ee
5d21
9d7e
672d
94e5
6e47
8f55
7246
8cea
731c
8da8
70ce
917e
6b7a
9844
6350
a1c1
5893
ada9
4b96
bba4
3cb7
cb4d
2c60
dc36
1b01
edee
090d
0000
f6f9
11f9
e538
2368
d435
33e5
c456
430f
b5f6
5090
a966
5c1f
9ee8
6580
96b0
6c86
90e4
7112
8d9a
7316
8cdb
7292
8e9f
6f94
92d1
6a37
994f
62a4
a1eb
590c
ac6e
4dad
b898
40cb
c621
32ae
d4be
23a5
e41f
1401
f3f2
0412
03e8
f429
13b2
e492
2303
d598
3195
c77e
3f27
ba83
4b7e
aedd
5667
a4bb
5fb8
9c43
6750
9593
6d14
90be
70f6
8dd1
72ee
8cce
72fd
8db0
712d
9069
6d90
94e5
683d
9b07
6153
a2b0
58f6
abb7
4f4e
b5f4
4488
c138
38d3
cd52
2c60
da11
1f61
e743
1208
f4b5
0489
0236
f713
0f96
e9d6
1ca6
dcfd
293c
d0b3
3531
c51d
4060
ba5d
4aa9
b091
53f1
a7d4
5c1f
a039
6321
99d3
68e8
94ad
6d6b
90cf
70a3
8e3d
728f
8cf6
7332
8cf6
7292
8e34
70b9
90a6
6db3
943c
6990
98e7
6463
9e92
5e3f
a528
573c
ac92
4f71
b4b8
46f6
bd81
3de5
c6d4
3458
d095
2a68
daad
2030
e4ff
15c8
ef75
0b4b
f9f5
00ce
0469
f669
0eba
ec32
18d3
e23c
22a1
d89a
2c12
cf5d
3517
c693
3da1
be4c
45a3
b692
4d12
af70
53e6
a8ee
5a15
a312
5f9c
9de2
6474
9962
689c
9593
6c12
9275
6ed7
9009
70ec
8e4b
7253
8d39
7310
8ccf
7328
8d08
72a1
8ddd
7180
8f47
6fcd
9141
6d90
93c0
6ad0
96be
6796
9a31
63eb
9e12
5fd8
a255
5b66
a6f4
569e
abe3
5189
b11b
4c31
b692
469d
bc40
40d8
c21b
3ae9
c81c
34d9
ce3a
2eaf
d46d
2873
dab0
222c
e0f9
1be1
e743
1599
ed88
0f59
f3c2
0927
f9ec
0307
0000
fcff
05fb
f713
0bd7
f146
1193
eb9d
172a
e619
1c99
e0be
21df
db8e
26f9
d68b
2be6
d1b5
30a3
cd10
3531
c89a
398e
c456
3dba
c043
41b4
bc61
457d
b8b1
4914
b532
4c7b
b1e3
4fb2
aec4
52ba
abd4
5593
a911
583f
a67c
5abf
a411
5d14
a1d1
5f40
9fba
6143
9dc9
6321
9bfe
64da
9a57
666f
98d3
67e3
976f
6937
962a
6a6d
9502
6b87
93f6
6c86
9305
6d6b
922b
6e39
9169
6ef0
90bb
6f94
9022
7024
8f9a
70a3
8f24
7112
8ebc
7172
8e63
71c5
8e16
720c
8dd5
7248
8d9e
727b
8d70
72a4
8d4a
72c7
8d2b
72e2
8d12
72f8
8cff
7309
8cf0
7316
8ce5
7320
8cdc
7327
8cd7
732c
8cd3
732f
8cd0
7331
8ccf
7332
8cce
7332
8cce
7332
8cce
7332
8cce
0000
38cc
384a
1705
1858
44ca
5cb4
3719
0000
f9a1
1d23
27af
0000
dd81
f6bd
2fef
4282
2338
0fe8
30ea
5ada
4d53
11e4
ee9e
0000
1162
ee1c
b2ad
a526
cf16
f018
dcc8
bd7e
d011
0943
227f
0000
d851
e2dd
065f
0000
c8e7
a34c
bb36
e7a8
e8fb
c7b6
c734
0000
38cc
384a
1705
1858
44ca
5cb4
3719
0000
f9a1
1d23
27af
0000
dd81
f6bd
2fef
4282
2338
0fe8
30ea
5ada
4d53
11e4
ee9e
0000
1162
ee1c
b2ad
a526
cf16
f018
dcc8
bd7e
d011
0943
227f
0000
d851
e2dd
065f
0000
c8e7
a34c
bb36
e7a8
e8fb
c7b6
c734
0000
38cc
384a
1705
1858
44ca
5cb4
3719
0000
f9a1
1d23
27af
0000
dd81
f6bd
2fef
4282
2338
0fe8
30ea
5ada
4d53
11e4
ee9e
0000
1162
ee1c
b2ad
a526
cf16
f018
dcc8
bd7e
d011
0943
227f
0000
d851
e2dd
065f
0000
c8e7
a34c
bb36
e7a8
e8fb
c7b6
c734
0000
38cc
384a
1705
1858
44ca
5cb4
3719
0000
f9a1
1d23
27af
0000
dd81
f6bd
2fef
4282
2338
0fe8
30ea
5ada
4d53
11e4
ee9e
0000
1162
ee1c
b2ad
a526
cf16
f018
dcc8
bd7e
d011
0943
227f
0000
d851
e2dd
065f
0000
c8e7
a34c
bb36
e7a8
e8fb
c7b6
c734
0000
38cc
384a
1705
1858
44ca
5cb4
3719
0000
f9a1
1d23
27af
0000
dd81
f6bd
2fef
4282
2338
0fe8
30ea
5ada
4d53
11e4
ee9e
0000
1162
ee1c
b2ad
a526
cf16
f018
dcc8
bd7e
d011
0943
227f
0000
d851
e2dd
065f
0000
c8e7
a34c
bb36
e7a8
e8fb
c7b6
c734
0000
38cc
384a
1705
1858
44ca
5cb4
3719
0000
f9a1
1d23
27af
0000
dd81
f6bd
2fef
4282
2338
0fe8
30ea
5ada
4d53
11e4
ee9e
0000
1162
ee1c
b2ad
a526
cf16
f018
dcc8
bd7e
d011
0943
227f
0000
d851
e2dd
065f
0000
c8e7
a34c
bb36
e7a8
e8fb
c7b6
c734
0000
38cc
384a
1705
1858
44ca
5cb4
3719
0000
f9a1
1d23
27af
0000
dd81
f6bd
2fef
4282
2338
0fe8
30ea
5ada
4d53
11e4
ee9e
0000
1162
ee1c
b2ad
a526
cf16
f018
dcc8
bd7e
d011
0943
227f
0000
d851
e2dd
065f
0000
c8e7
a34c
bb36
e7a8
e8fb
c7b6
c734
0000
38cc
384a
1705
1858
44ca
5cb4
3719
0000
f9a1
1d23
27af
0000
dd81
f6bd
2fef
4282
2338
0fe8
30ea
5ada
4d53
11e4
ee9e
0000
1162
ee1c
b2ad
a526
cf16
f018
dcc8
bd7e
d011
0943
227f
0000
d851
e2dd
065f
0000
c8e7
a34c
bb36
e7a8
e8fb
c7b6
c734
0000
38cc
384a
1705
1858
44ca
5cb4
3719
0000
f9a1
1d23
27af
0000
dd81
f6bd
2fef
4282
2338
0fe8
30ea
5ada
4d53
11e4
ee9e
0000
1162
ee1c
b2ad
a526
cf16
f018
dcc8
bd7e
d011
0943
227f
0000
d851
e2dd
065f
0000
c8e7
a34c
bb36
e7a8
e8fb
c7b6
c734
0000
38cc
384a
1705
1858
44ca
5cb4
3719
0000
f9a1
1d23
27af
0000
dd81
f6bd
2fef
4282
2338
0fe8
30ea
5ada
4d53
11e4
ee9e
0000
1162
ee1c
b2ad
a526
cf16
f018
dcc8
bd7e
d011
0943
227f
0000
d851
e2dd
065f
0000
c8e7
a34c
bb36
e7a8
e8fb
c7b6
c734
0000
38cc
384a
1705
1858
44ca
5cb4
3719
0000
f9a1
1d23
27af
0000
dd81
f6bd
2fef
4282
2338
0fe8
30ea
5ada
4d53
11e4
ee9e
0000
1162
ee1c
b2ad
a526
cf16
f018
dcc8
bd7e
d011
0943
227f
0000
d851
e2dd
065f
0000
c8e7
a34c
bb36
e7a8
e8fb
c7b6
c734
0000
38cc
384a
1705
1858
44ca
5cb4
3719
0000
f9a1
1d23
27af
0000
dd81
f6bd
2fef
4282
2338
0fe8
30ea
5ada
4d53
11e4
ee9e
0000
1162
ee1c
b2ad
a526
cf16
f018
dcc8
bd7e
d011
0943
227f
0000
d851
e2dd
065f
0000
c8e7
a34c
bb36
e7a8
e8fb
c7b6
c734
0000
38cc
384a
1705
1858
44ca
5cb4
3719
0000
f9a1
1d23
27af
0000
dd81
f6bd
2fef
4282
2338
0fe8
30ea
5ada
4d53
11e4
ee9e
0000
1162
ee1c
b2ad
a526
cf16
f018
dcc8
bd7e
d011
0943
227f
0000
d851
e2dd
065f
0000
c8e7
a34c
bb36
e7a8
e8fb
c7b6
c734
0000
38cc
384a
1705
1858
44ca
5cb4
3719
0000
f9a1
1d23
27af
0000
dd81
f6bd
2fef
4282
2338
0fe8
30ea
5ada
4d53
11e4
ee9e
0000
1162
ee1c
b2ad
a526
cf16
f018
dcc8
bd7e
d011
0943
227f
0000
d851
e2dd
065f
0000
c8e7
a34c
bb36
e7a8
e8fb
c7b6
c734
0000
38cc
384a
1705
1858
44ca
5cb4
3719
0000
f9a1
1d23
27af
0000
dd81
f6bd
2fef
4282
2338
0fe8
30ea
5ada
4d53
11e4
ee9e
0000
1162
ee1c
b2ad
a526
cf16
f018
dcc8
bd7e
d011
0943
227f
0000
d851
e2dd
065f
0000
c8e7
a34c
bb36
e7a8
e8fb
c7b6
c734
0000
38cc
384a
1705
1858
44ca
5cb4
3719
0000
f9a1
1d23
27af
0000
dd81
f6bd
2fef
4282
2338
0fe8
30ea
5ada
4d53
11e4
ee9e
0000
1162
ee1c
b2ad
a526
cf16
f018
dcc8
bd7e
d011
0943
227f
0000
d851
e2dd
065f
0000
c8e7
a34c
bb36
e7a8
e8fb
c7b6
c734
0000
38cc
384a
1705
1858
44ca
5cb4
3719
0000
f9a1
1d23
27af
0000
dd81
f6bd
2fef
4282
2338
0fe8
30ea
5ada
4d53
11e4
ee9e
0000
1162
ee1c
b2ad
a526
cf16
f018
dcc8
bd7e
d011
0943
227f
0000
d851
e2dd
065f
0000
c8e7
a34c
bb36
e7a8
e8fb
c7b6
c734
0000
38cc
384a
1705
1858
44ca
5cb4
3719
0000
f9a1
1d23
27af
0000
dd81
f6bd
2fef
4282
2338
0fe8
30ea
5ada
4d53
11e4
ee9e
0000
1162
ee1c
b2ad
a526
cf16
f018
dcc8
bd7e
d011
0943
227f
0000
d851
e2dd
065f
0000
c8e7
a34c
bb36
e7a8
e8fb
c7b6
c734
0000
38cc
384a
1705
1858
44ca
5cb4
3719
0000
f9a1
1d23
27af
0000
dd81
f6bd
2fef
4282
2338
0fe8
30ea
5ada
4d53
11e4
ee9e
0000
1162
ee1c
b2ad
a526
cf16
f018
dcc8
bd7e
d011
0943
227f
0000
d851
e2dd
065f
0000
c8e7
a34c
bb36
e7a8
e8fb
c7b6
c734
0000
38cc
384a
1705
1858
44ca
5cb4
3719
0000
f9a1
1d23
27af
0000
dd81
f6bd
2fef
4282
2338
0fe8
30ea
5ada
4d53
11e4
ee9e
0000
1162
ee1c
b2ad
a526
cf16
f018
dcc8
bd7e
d011
0943
227f
0000
d851
e2dd
065f
0000
c8e7
a34c
bb36
e7a8
e8fb
c7b6
c734
0000
38cc
384a
1705
1858
44ca
5cb4
3719
0000
f9a1
1d23
27af
0000
dd81
f6bd
2fef
4282
2338
0fe8
30ea
5ada
4d53
11e4
ee9e
0000
1162
ee1c
b2ad
a526
cf16
f018
dcc8
bd7e
d011
0943
227f
0000
d851
e2dd
065f
0000
c8e7
a34c
bb36
e7a8
e8fb
c7b6
c734
0000
38cc
384a
1705
1858
44ca
5cb4
3719
0000
f9a1
1d23
27af
0000
dd81
f6bd
2fef
4282
2338
0fe8
30ea
5ada
4d53
11e4
ee9e
0000
1162
ee1c
b2ad
a526
cf16
f018
dcc8
bd7e
d011
0943
227f
0000
d851
e2dd
065f
0000
c8e7
a34c
bb36
e7a8
e8fb
c7b6
c734
0000
38cc
384a
1705
1858
44ca
5cb4
3719
0000
f9a1
1d23
27af
0000
dd81
f6bd
2fef
4282
2338
0fe8
30ea
5ada
4d53
11e4
ee9e
0000
1162
ee1c
b2ad
a526
cf16
f018
dcc8
bd7e
d011
0943
227f
0000
d851
e2dd
065f
0000
c8e7
a34c
bb36
e7a8
e8fb
c7b6
c734
0000
38cc
384a
1705
1858
44ca
5cb4
3719
0000
f9a1
1d23
27af
0000
dd81
f6bd
2fef
4282
2338
0fe8
30ea
5ada
4d53
11e4
ee9e
0000
1162
ee1c
b2ad
a526
cf16
f018
dcc8
bd7e
d011
0943
227f
0000
d851
e2dd
065f
0000
c8e7
a34c
bb36
e7a8
e8fb
c7b6
c734
0000
38cc
384a
1705
1858
44ca
5cb4
3719
0000
f9a1
1d23
27af
0000
dd81
f6bd
2fef
4282
2338
0fe8
30ea
5ada
4d53
11e4
ee9e
0000
1162
ee1c
b2ad
a526
cf16
f018
dcc8
bd7e
d011
0943
227f
0000
d851
e2dd
065f
0000
c8e7
a34c
bb36
e7a8
e8fb
c7b6
c734
0000
38cc
384a
1705
1858
44ca
5cb4
3719
0000
f9a1
1d23
27af
0000
dd81
f6bd
2fef
4282
2338
0fe8
30ea
5ada
4d53
11e4
ee9e
0000
1162
ee1c
b2ad
a526
cf16
f018
dcc8
bd7e
d011
0943
227f
0000
d851
e2dd
065f
0000
c8e7
a34c
bb36
e7a8
e8fb
c7b6
c734
0000
38cc
384a
1705
1858
44ca
5cb4
3719
0000
f9a1
1d23
27af
0000
dd81
f6bd
2fef
4282
2338
0fe8
30ea
5ada
4d53
11e4
ee9e
0000
1162
ee1c
b2ad
a526
cf16
f018
dcc8
bd7e
d011
0943
227f
0000
d851
e2dd
065f
0000
c8e7
a34c
bb36
e7a8
e8fb
c7b6
c734
0000
38cc
384a
1705
1858
44ca
5cb4
3719
0000
f9a1
1d23
27af
0000
dd81
f6bd
2fef
4282
2338
0fe8
30ea
5ada
4d53
11e4
ee9e
0000
1162
ee1c
b2ad
a526
cf16
f018
dcc8
bd7e
d011
0943
227f
0000
d851
e2dd
065f
0000
c8e7
a34c
bb36
e7a8
e8fb
c7b6
c734
0000
38cc
384a
1705
1858
44ca
5cb4
3719
0000
f9a1
1d23
27af
0000
dd81
f6bd
2fef
4282
2338
0fe8
30ea
5ada
4d53
11e4
ee9e
0000
1162
ee1c
b2ad
a526
cf16
f018
dcc8
bd7e
d011
0943
227f
0000
d851
e2dd
065f
0000
c8e7
a34c
bb36
e7a8
e8fb
c7b6
c734
0000
38cc
384a
1705
1858
44ca
5cb4
3719
0000
f9a1
1d23
27af
0000
dd81
f6bd
2fef
4282
2338
0fe8
30ea
5ada
4d53
11e4
ee9e
0000
1162
ee1c
b2ad
a526
cf16
f018
dcc8
bd7e
d011
0943
227f
0000
d851
e2dd
065f
0000
c8e7
a34c
bb36
e7a8
e8fb
c7b6
c734
0000
38cc
384a
1705
1858
44ca
5cb4
3719
0000
f9a1
1d23
27af
0000
dd81
f6bd
2fef
4282
2338
0fe8
30ea
5ada
4d53
11e4
ee9e
0000
1162
ee1c
b2ad
a526
cf16
f018
dcc8
bd7e
d011
0943
227f
0000
d851
e2dd
065f
0000
c8e7
a34c
bb36
e7a8
e8fb
c7b6
c734
0000
38cc
384a
1705
1858
44ca
5cb4
3719
0000
f9a1
1d23
27af
0000
dd81
f6bd
2fef
4282
2338
0fe8
30ea
5ada
4d53
11e4
ee9e
0000
1162
ee1c
b2ad
a526
cf16
f018
dcc8
bd7e
d011
0943
227f
0000
d851
e2dd
065f
0000
c8e7
a34c
bb36
e7a8
e8fb
c7b6
c734
0000
38cc
384a
1705
1858
44ca
5cb4
3719
0000
f9a1
1d23
27af
0000
dd81
f6bd
2fef
4282
2338
0fe8
30ea
5ada
4d53
11e4
ee9e
0000
1162
ee1c
b2ad
a526
cf16
f018
dcc8
bd7e
d011
0943
227f
0000
d851
e2dd
065f
0000
c8e7
a34c
bb36
e7a8
e8fb
c7b6
c734
0000
38cc
384a
1705
1858
44ca
5cb4
3719
0000
f9a1
1d23
27af
0000
dd81
f6bd
2fef
4282
2338
0fe8
30ea
5ada
4d53
11e4
ee9e
0000
1162
ee1c
b2ad
a526
cf16
f018
dcc8
bd7e
d011
0943
227f
0000
d851
e2dd
065f
0000
c8e7
a34c
bb36
e7a8
e8fb
c7b6
c734
0000
38cc
384a
1705
1858
44ca
5cb4
3719
0000
f9a1
1d23
27af
0000
dd81
f6bd
2fef
4282
2338
0fe8
30ea
5ada
4d53
11e4
ee9e
0000
1162
ee1c
b2ad
a526
cf16
f018
dcc8
bd7e
d011
0943
227f
0000
d851
e2dd
065f
0000
c8e7
a34c
bb36
e7a8
e8fb
c7b6
c734
0000
38cc
384a
1705
1858
44ca
5cb4
3719
0000
f9a1
1d23
27af
0000
dd81
f6bd
2fef
4282
2338
0fe8
30ea
5ada
4d53
11e4
ee9e
0000
1162
ee1c
b2ad
a526
cf16
f018
dcc8
bd7e
d011
0943
227f
0000
d851
e2dd
065f
0000
c8e7
a34c
bb36
e7a8
e8fb
c7b6
c734
0000
38cc
384a
1705
1858
44ca
5cb4
3719
0000
f9a1
1d23
27af
0000
dd81
f6bd
2fef
4282
2338
0fe8
30ea
5ada
4d53
11e4
ee9e
0000
1162
ee1c
b2ad
a526
cf16
f018
dcc8
bd7e
d011
0943
227f
0000
d851
e2dd
065f
0000
c8e7
a34c
bb36
e7a8
e8fb
c7b6
c734
0000
38cc
384a
1705
1858
44ca
5cb4
3719
0000
f9a1
1d23
27af
0000
dd81
f6bd
2fef
4282
2338
0fe8
30ea
5ada
4d53
11e4
ee9e
0000
1162
ee1c
b2ad
a526
cf16
f018
dcc8
bd7e
d011
0943
227f
0000
d851
e2dd
065f
0000
c8e7
a34c
bb36
e7a8
e8fb
c7b6
c734
0000
38cc
384a
1705
1858
44ca
5cb4
3719
0000
f9a1
1d23
27af
0000
dd81
f6bd
2fef
4282
2338
0fe8
30ea
5ada
4d53
11e4
ee9e
0000
1162
ee1c
b2ad
a526
cf16
f018
dcc8
bd7e
d011
0943
227f
0000
d851
e2dd
065f
0000
c8e7
a34c
bb36
e7a8
e8fb
c7b6
c734
0000
38cc
384a
1705
1858
44ca
5cb4
3719
0000
f9a1
1d23
27af
0000
dd81
f6bd
2fef
4282
2338
0fe8
30ea
5ada
4d53
11e4
ee9e
0000
1162
ee1c
b2ad
a526
cf16
f018
dcc8
bd7e
d011
0943
227f
0000
d851
e2dd
065f
0000
c8e7
a34c
bb36
e7a8
e8fb
c7b6
c734
0000
38cc
384a
1705
1858
44ca
5cb4
3719
0000
f9a1
1d23
27af
0000
dd81
f6bd
2fef
4282
2338
0fe8
30ea
5ada
4d53
11e4
ee9e
0000
1162
ee1c
b2ad
a526
cf16
f018
dcc8
bd7e
d011
0943
227f
0000
d851
e2dd
065f
0000
c8e7
a34c
bb36
e7a8
e8fb
c7b6
c734
0000
38cc
384a
1705
1858
44ca
5cb4
3719
0000
f9a1
1d23
27af
0000
dd81
f6bd
2fef
4282
2338
0fe8
30ea
5ada
4d53
11e4
ee9e
0000
1162
ee1c
b2ad
a526
cf16
f018
dcc8
bd7e
d011
0943
227f
0000
d851
e2dd
065f
0000
c8e7
a34c
bb36
e7a8
e8fb
c7b6
c734
0000
38cc
384a
1705
1858
44ca
5cb4
3719
0000
f9a1
1d23
27af
0000
dd81
f6bd
2fef
4282
2338
0fe8
30ea
5ada
4d53
11e4
ee9e
0000
1162
ee1c
b2ad
a526
cf16
f018
dcc8
bd7e
d011
0943
227f
0000
d851
e2dd
065f
0000
c8e7
a34c
bb36
e7a8
e8fb
c7b6
c734
0000
38cc
384a
1705
1858
44ca
5cb4
3719
0000
f9a1
1d23
27af
0000
dd81
f6bd
2fef
4282
2338
0fe8
30ea
5ada
4d53
11e4
ee9e
0000
1162
ee1c
b2ad
a526
cf16
f018
dcc8
bd7e
d011
0943
227f
0000
d851
e2dd
065f
0000
c8e7
a34c
bb36
e7a8
e8fb
c7b6
c734
0000
38cc
384a
1705
1858
44ca
5cb4
3719
0000
f9a1
1d23
27af
0000
dd81
f6bd
2fef
4282
2338
0fe8
30ea
5ada
4d53
11e4
ee9e
0000
1162
ee1c
b2ad
a526
cf16
f018
dcc8
bd7e
d011
0943
227f
0000
d851
e2dd
065f
0000
c8e7
a34c
bb36
e7a8
e8fb
c7b6
c734
0000
38cc
384a
1705
1858
44ca
5cb4
3719
0000
f9a1
1d23
27af
0000
dd81
f6bd
2fef
4282
2338
0fe8
30ea
5ada
4d53
11e4
ee9e
0000
1162
ee1c
b2ad
a526
cf16
f018
dcc8
bd7e
d011
0943
227f
0000
d851
e2dd
065f
0000
c8e7
a34c
bb36
e7a8
e8fb
c7b6
c734
0000
38cc
384a
1705
1858
44ca
5cb4
3719
0000
f9a1
1d23
27af
0000
dd81
f6bd
2fef
4282
2338
0fe8
30ea
5ada
4d53
11e4
ee9e
0000
1162
ee1c
b2ad
a526
cf16
f018
dcc8
bd7e
d011
0943
227f
0000
d851
e2dd
065f
0000
c8e7
a34c
bb36
e7a8
e8fb
c7b6
c734
0000
38cc
384a
1705
1858
44ca
5cb4
3719
0000
f9a1
1d23
27af
0000
dd81
f6bd
2fef
4282
2338
0fe8
30ea
5ada
4d53
11e4
ee9e
0000
1162
ee1c
b2ad
a526
cf16
f018
dcc8
bd7e
d011
0943
227f
0000
d851
e2dd
065f
0000
c8e7
a34c
bb36
e7a8
e8fb
c7b6
c734
0000
38cc
384a
1705
1858
44ca
5cb4
3719
0000
f9a1
1d23
27af
0000
dd81
f6bd
2fef
4282
2338
0fe8
30ea
5ada
4d53
11e4
ee9e
0000
1162
ee1c
b2ad
a526
cf16
f018
dcc8
bd7e
d011
0943
227f
0000
d851
e2dd
065f
0000
c8e7
a34c
bb36
e7a8
e8fb
c7b6
c734
0000
38cc
384a
1705
1858
44ca
5cb4
3719
0000
f9a1
1d23
27af
0000
dd81
f6bd
2fef
4282
2338
0fe8
30ea
5ada
4d53
11e4
ee9e
0000
1162
ee1c
b2ad
a526
cf16
f018
dcc8
bd7e
d011
0943
227f
0000
d851
e2dd
065f
0000
c8e7
a34c
bb36
e7a8
e8fb
c7b6
c734
0000
38cc
384a
1705
1858
44ca
5cb4
3719
0000
f9a1
1d23
27af
0000
dd81
f6bd
2fef
4282
2338
0fe8
30ea
5ada
4d53
11e4
ee9e
0000
1162
ee1c
b2ad
a526
cf16
f018
dcc8
bd7e
d011
0943
227f
0000
d851
e2dd
065f
0000
c8e7
a34c
bb36
e7a8
e8fb
c7b6
c734
0000
38cc
384a
1705
1858
44ca
5cb4
3719
0000
f9a1
1d23
27af
0000
dd81
f6bd
2fef
4282
2338
0fe8
30ea
5ada
4d53
11e4
ee9e
0000
1162
ee1c
b2ad
a526
cf16
f018
dcc8
bd7e
d011
0943
227f
0000
d851
e2dd
065f
0000
c8e7
a34c
bb36
e7a8
e8fb
c7b6
c734
0000
38cc
384a
1705
1858
44ca
5cb4
3719
0000
f9a1
1d23
27af
0000
dd81
f6bd
2fef
4282
2338
0fe8
30ea
5ada
4d53
11e4
ee9e
0000
1162
ee1c
b2ad
a526
cf16
f018
dcc8
bd7e
d011
0943
227f
0000
d851
e2dd
065f
0000
c8e7
a34c
bb36
e7a8
e8fb
c7b6
c734
0000
38cc
384a
1705
1858
44ca
5cb4
3719
0000
f9a1
1d23
27af
0000
dd81
f6bd
2fef
4282
2338
0fe8
30ea
5ada
4d53
11e4
ee9e
0000
1162
ee1c
b2ad
a526
cf16
f018
dcc8
bd7e
d011
0943
227f
0000
d851
e2dd
065f
0000
c8e7
a34c
bb36
e7a8
e8fb
c7b6
c734
0000
38cc
384a
1705
1858
44ca
5cb4
3719
0000
f9a1
1d23
27af
0000
dd81
f6bd
2fef
4282
2338
0fe8
30ea
5ada
4d53
11e4
ee9e
0000
1162
ee1c
b2ad
a526
cf16
f018
dcc8
bd7e
d011
0943
227f
0000
d851
e2dd
065f
0000
c8e7
a34c
bb36
e7a8
e8fb
c7b6
c734
0000
38cc
384a
1705
1858
44ca
5cb4
3719
0000
f9a1
1d23
27af
0000
dd81
f6bd
2fef
4282
2338
0fe8
30ea
5ada
4d53
11e4
ee9e
0000
1162
ee1c
b2ad
a526
cf16
f018
dcc8
bd7e
d011
0943
227f
0000
d851
e2dd
065f
0000
c8e7
a34c
bb36
e7a8
e8fb
c7b6
c734
0000
38cc
384a
1705
1858
44ca
5cb4
3719
0000
f9a1
1d23
27af
0000
dd81
f6bd
2fef
4282
2338
0fe8
30ea
5ada
4d53
11e4
ee9e
0000
1162
ee1c
b2ad
a526
cf16
f018
dcc8
bd7e
d011
0943
227f
0000
d851
e2dd
065f
0000
c8e7
a34c
bb36
e7a8
e8fb
c7b6
c734
0000
38cc
384a
1705
1858
44ca
5cb4
3719
0000
f9a1
1d23
27af
0000
dd81
f6bd
2fef
4282
2338
0fe8
30ea
5ada
4d53
11e4
ee9e
0000
1162
ee1c
b2ad
a526
cf16
f018
dcc8
bd7e
d011
0943
227f
0000
d851
e2dd
065f
0000
c8e7
a34c
bb36
e7a8
e8fb
c7b6
c734
0000
38cc
384a
1705
1858
44ca
5cb4
3719
0000
f9a1
1d23
27af
0000
dd81
f6bd
2fef
4282
2338
0fe8
30ea
5ada
4d53
11e4
ee9e
0000
1162
ee1c
b2ad
a526
cf16
f018
dcc8
bd7e
d011
0943
227f
0000
d851
e2dd
065f
0000
c8e7
a34c
bb36
e7a8
e8fb
c7b6
c734
0000
38cc
384a
1705
1858
44ca
5cb4
3719
0000
f9a1
1d23
27af
0000
dd81
f6bd
2fef
4282
2338
0fe8
30ea
5ada
4d53
11e4
ee9e
0000
1162
ee1c
b2ad
a526
cf16
f018
dcc8
bd7e
d011
0943
227f
0000
d851
e2dd
065f
0000
c8e7
a34c
bb36
e7a8
e8fb
c7b6
c734
0000
38cc
384a
1705
1858
44ca
5cb4
3719
0000
f9a1
1d23
27af
0000
dd81
f6bd
2fef
4282
2338
0fe8
30ea
5ada
4d53
11e4
ee9e
0000
1162
ee1c
b2ad
a526
cf16
f018
dcc8
bd7e
d011
0943
227f
0000
d851
e2dd
065f
0000
c8e7
a34c
bb36
e7a8
e8fb
c7b6
c734
0000
38cc
384a
1705
1858
44ca
5cb4
3719
0000
f9a1
1d23
27af
0000
dd81
f6bd
2fef
4282
2338
0fe8
30ea
5ada
4d53
11e4
ee9e
0000
1162
ee1c
b2ad
a526
cf16
f018
dcc8
bd7e
d011
0943
227f
0000
d851
e2dd
065f
0000
c8e7
a34c
bb36
e7a8
e8fb
c7b6
c734
0000
38cc
384a
1705
1858
44ca
5cb4
3719
0000
f9a1
1d23
27af
0000
dd81
f6bd
2fef
4282
2338
0fe8
30ea
5ada
4d53
11e4
ee9e
0000
1162
ee1c
b2ad
a526
cf16
f018
dcc8
bd7e
d011
0943
227f
0000
d851
e2dd
065f
0000
c8e7
a34c
bb36
e7a8
e8fb
c7b6
c734
0000
38cc
384a
1705
1858
44ca
5cb4
3719
0000
f9a1
1d23
27af
0000
dd81
f6bd
2fef
4282
2338
0fe8
30ea
5ada
4d53
11e4
ee9e
0000
1162
ee1c
b2ad
a526
cf16
f018
dcc8
bd7e
d011
0943
227f
0000
d851
e2dd
065f
0000
c8e7
a34c
bb36
e7a8
e8fb
c7b6
c734
0000
38cc
384a
1705
1858
44ca
5cb4
3719
0000
f9a1
1d23
27af
0000
dd81
f6bd
2fef
4282
2338
0fe8
30ea
5ada
4d53
11e4
ee9e
0000
1162
ee1c
b2ad
a526
cf16
f018
dcc8
bd7e
d011
0943
227f
0000
d851
e2dd
065f
0000
c8e7
a34c
bb36
e7a8
e8fb
c7b6
c734
0000
38cc
384a
1705
1858
44ca
5cb4
3719
0000
f9a1
1d23
27af
0000
dd81
f6bd
2fef
4282
2338
0fe8
30ea
5ada
4d53
11e4
ee9e
0000
1162
ee1c
b2ad
a526
cf16
f018
dcc8
bd7e
d011
0943
227f
0000
d851
e2dd
065f
0000
c8e7
a34c
bb36
e7a8
e8fb
c7b6
c734
0000
38cc
384a
1705
1858
44ca
5cb4
3719
0000
f9a1
1d23
27af
0000
dd81
f6bd
2fef
4282
2338
0fe8
30ea
5ada
4d53
11e4
ee9e
0000
1162
ee1c
b2ad
a526
cf16
f018
dcc8
bd7e
d011
0943
227f
0000
d851
e2dd
065f
0000
c8e7
a34c
bb36
e7a8
e8fb
c7b6
c734
0000
38cc
384a
1705
1858
44ca
5cb4
3719
0000
f9a1
1d23
27af
0000
dd81
f6bd
2fef
4282
2338
0fe8
30ea
5ada
4d53
11e4
ee9e
0000
1162
ee1c
b2ad
a526
cf16
f018
dcc8
bd7e
d011
0943
227f
0000
d851
e2dd
065f
0000
c8e7
a34c
bb36
e7a8
e8fb
c7b6
c734
0000
38cc
384a
1705
1858
44ca
5cb4
3719
0000
f9a1
1d23
27af
0000
dd81
f6bd
2fef
4282
2338
0fe8
30ea
5ada
4d53
11e4
ee9e
0000
1162
ee1c
b2ad
a526
cf16
f018
dcc8
bd7e
d011
0943
227f
0000
d851
e2dd
065f
0000
c8e7
a34c
bb36
e7a8
e8fb
c7b6
c734
0000
38cc
384a
1705
1858
44ca
5cb4
3719
0000
f9a1
1d23
27af
0000
dd81
f6bd
2fef
4282
2338
0fe8
30ea
5ada
4d53
11e4
ee9e
0000
1162
ee1c
b2ad
a526
cf16
f018
dcc8
bd7e
d011
0943
227f
0000
d851
e2dd
065f
0000
c8e7
a34c
bb36
e7a8
e8fb
c7b6
c734
0000
38cc
384a
1705
1858
44ca
5cb4
3719
0000
f9a1
1d23
27af
0000
dd81
f6bd
2fef
4282
2338
0fe8
30ea
5ada
4d53
11e4
ee9e
0000
1162
ee1c
b2ad
a526
cf16
f018
dcc8
bd7e
d011
0943
227f
0000
d851
e2dd
065f
0000
c8e7
a34c
bb36
e7a8
e8fb
c7b6
c734
0000
38cc
384a
1705
1858
44ca
5cb4
3719
0000
f9a1
1d23
27af
0000
dd81
f6bd
2fef
4282
2338
0fe8
30ea
5ada
4d53
11e4
ee9e
0000
1162
ee1c
b2ad
a526
cf16
f018
dcc8
bd7e
d011
0943
227f
0000
d851
e2dd
065f
0000
c8e7
a34c
bb36
e7a8
e8fb
c7b6
c734
0000
38cc
384a
1705
1858
44ca
5cb4
3719
0000
f9a1
1d23
27af
0000
dd81
f6bd
2fef
4282
2338
0fe8
30ea
5ada
4d53
11e4
ee9e
0000
1162
ee1c
b2ad
a526
cf16
f018
dcc8
bd7e
d011
0943
227f
0000
d851
e2dd
065f
0000
c8e7
a34c
bb36
e7a8
e8fb
c7b6
c734
0000
38cc
384a
1705
1858
44ca
5cb4
3719
0000
f9a1
1d23
27af
0000
dd81
f6bd
2fef
4282
2338
0fe8
30ea
5ada
4d53
11e4
ee9e
0000
1162
ee1c
b2ad
a526
cf16
f018
dcc8
bd7e
d011
0943
227f
0000
d851
e2dd
065f
0000
c8e7
a34c
bb36
e7a8
e8fb
c7b6
c734
0000
38cc
384a
1705
1858
44ca
5cb4
3719
0000
f9a1
1d23
27af
0000
dd81
f6bd
2fef
4282
2338
0fe8
30ea
5ada
4d53
11e4
ee9e
0000
1162
ee1c
b2ad
a526
cf16
f018
dcc8
bd7e
d011
0943
227f
0000
d851
e2dd
065f
0000
c8e7
a34c
bb36
e7a8
e8fb
c7b6
c734
0000
38cc
384a
1705
1858
44ca
5cb4
3719
0000
f9a1
1d23
27af
0000
dd81
f6bd
2fef
4282
2338
0fe8
30ea
5ada
4d53
11e4
ee9e
0000
1162
ee1c
b2ad
a526
cf16
f018
dcc8
bd7e
d011
0943
227f
0000
d851
e2dd
065f
0000
c8e7
a34c
bb36
e7a8
e8fb
c7b6
c734
0000
38cc
384a
1705
1858
44ca
5cb4
3719
0000
f9a1
1d23
27af
0000
dd81
f6bd
2fef
4282
2338
0fe8
30ea
5ada
4d53
11e4
ee9e
0000
1162
ee1c
b2ad
a526
cf16
f018
dcc8
bd7e
d011
0943
227f
0000
d851
e2dd
065f
0000
c8e7
a34c
bb36
e7a8
e8fb
c7b6
c734
0000
38cc
384a
1705
1858
44ca
5cb4
3719
0000
f9a1
1d23
27af
0000
dd81
f6bd
2fef
4282
2338
0fe8
30ea
5ada
4d53
11e4
ee9e
0000
1162
ee1c
b2ad
a526
cf16
f018
dcc8
bd7e
d011
0943
227f
0000
d851
e2dd
065f
0000
c8e7
a34c
bb36
e7a8
e8fb
c7b6
c734
0000
38cc
384a
1705
1858
44ca
5cb4
3719
0000
f9a1
1d23
27af
0000
dd81
f6bd
2fef
4282
2338
0fe8
30ea
5ada
4d53
11e4
ee9e
0000
1162
ee1c
b2ad
a526
cf16
f018
dcc8
bd7e
d011
0943
227f
0000
d851
e2dd
065f
0000
c8e7
a34c
bb36
e7a8
e8fb
c7b6
c734
0000
38cc
384a
1705
1858
44ca
5cb4
3719
0000
f9a1
1d23
27af
0000
dd81
f6bd
2fef
4282
2338
0fe8
30ea
5ada
4d53
11e4
ee9e
0000
1162
ee1c
b2ad
a526
cf16
f018
dcc8
bd7e
d011
0943
227f
0000
d851
e2dd
065f
0000
c8e7
a34c
bb36
e7a8
e8fb
c7b6
c734
0000
38cc
384a
1705
1858
44ca
5cb4
3719
0000
f9a1
1d23
27af
0000
dd81
f6bd
2fef
4282
2338
0fe8
30ea
5ada
4d53
11e4
ee9e
0000
1162
ee1c
b2ad
a526
cf16
f018
dcc8
bd7e
d011
0943
227f
0000
d851
e2dd
065f
0000
c8e7
a34c
bb36
e7a8
e8fb
c7b6
c734
0000
38cc
384a
1705
1858
44ca
5cb4
3719
0000
f9a1
1d23
27af
0000
dd81
f6bd
2fef
4282
2338
0fe8
30ea
5ada
4d53
11e4
ee9e
0000
1162
ee1c
b2ad
a526
cf16
f018
dcc8
bd7e
d011
0943
227f
0000
d851
e2dd
065f
0000
c8e7
a34c
bb36
e7a8
e8fb
c7b6
c734
0000
38cc
384a
1705
1858
44ca
5cb4
3719
0000
f9a1
1d23
27af
0000
dd81
f6bd
2fef
4282
2338
0fe8
30ea
5ada
4d53
11e4
ee9e
0000
1162
ee1c
b2ad
a526
cf16
f018
dcc8
bd7e
d011
0943
227f
0000
d851
e2dd
065f
0000
c8e7
a34c
bb36
e7a8
e8fb
c7b6
c734
0000
38cc
384a
1705
1858
44ca
5cb4
3719
0000
f9a1
1d23
27af
0000
dd81
f6bd
2fef
4282
2338
0fe8
30ea
5ada
4d53
11e4
ee9e
0000
1162
ee1c
b2ad
a526
cf16
f018
dcc8
bd7e
d011
0943
227f
0000
d851
e2dd
065f
0000
c8e7
a34c
bb36
e7a8
e8fb
c7b6
c734
0000
38cc
384a
1705
1858
44ca
5cb4
3719
0000
f9a1
1d23
27af
0000
dd81
f6bd
2fef
4282
2338
0fe8
30ea
5ada
4d53
11e4
ee9e
0000
1162
ee1c
b2ad
a526
cf16
f018
dcc8
bd7e
d011
0943
227f
0000
d851
e2dd
065f
0000
c8e7
a34c
bb36
e7a8
e8fb
c7b6
c734
0000
38cc
384a
1705
1858
44ca
5cb4
3719
0000
f9a1
1d23
27af
0000
dd81
f6bd
2fef
4282
2338
0fe8
30ea
5ada
4d53
11e4
ee9e
0000
1162
ee1c
b2ad
a526
cf16
f018
dcc8
bd7e
d011
0943
227f
0000
d851
e2dd
065f
0000
c8e7
a34c
bb36
e7a8
e8fb
c7b6
c734
0000
38cc
384a
1705
1858
44ca
5cb4
3719
0000
f9a1
1d23
27af
0000
dd81
f6bd
2fef
4282
2338
0fe8
30ea
5ada
4d53
11e4
ee9e
0000
1162
ee1c
b2ad
a526
cf16
f018
dcc8
bd7e
d011
0943
227f
0000
d851
e2dd
065f
0000
c8e7
a34c
bb36
e7a8
e8fb
c7b6
c734
0000
38cc
384a
1705
1858
44ca
5cb4
3719
0000
f9a1
1d23
27af
0000
dd81
f6bd
2fef
4282
2338
0fe8
30ea
5ada
4d53
11e4
ee9e
0000
1162
ee1c
b2ad
a526
cf16
f018
dcc8
bd7e
d011
0943
227f
0000
d851
e2dd
065f
0000
c8e7
a34c
bb36
e7a8
e8fb
c7b6
c734
0000
38cc
384a
1705
1858
44ca
5cb4
3719
0000
f9a1
1d23
27af
0000
dd81
f6bd
2fef
4282
2338
0fe8
30ea
5ada
4d53
11e4
ee9e
0000
1162
ee1c
b2ad
a526
cf16
f018
dcc8
bd7e
d011
0943
227f
0000
d851
e2dd
065f
0000
c8e7
a34c
bb36
e7a8
e8fb
c7b6
c734
0000
38cc
384a
1705
1858
44ca
5cb4
3719
0000
f9a1
1d23
27af
0000
dd81
f6bd
2fef
4282
2338
0fe8
30ea
5ada
4d53
11e4
ee9e
0000
1162
ee1c
b2ad
a526
cf16
f018
dcc8
bd7e
d011
0943
227f
0000
d851
e2dd
065f
0000
c8e7
a34c
bb36
e7a8
e8fb
c7b6
c734
0000
38cc
384a
1705
1858
44ca
5cb4
3719
0000
f9a1
1d23
27af
0000
dd81
f6bd
2fef
4282
2338
0fe8
30ea
5ada
4d53
11e4
ee9e
0000
1162
ee1c
b2ad
a526
cf16
f018
dcc8
bd7e
d011
0943
227f
0000
d851
e2dd
065f
0000
c8e7
a34c
bb36
e7a8
e8fb
c7b6
c734
0000
38cc
384a
1705
1858
44ca
5cb4
3719
0000
f9a1
1d23
27af
0000
dd81
f6bd
2fef
4282
2338
0fe8
30ea
5ada
4d53
11e4
ee9e
0000
1162
ee1c
b2ad
a526
cf16
f018
dcc8
bd7e
d011
0943
227f
0000
d851
e2dd
065f
0000
c8e7
a34c
bb36
e7a8
e8fb
c7b6
c734
0000
38cc
384a
1705
1858
44ca
5cb4
3719
0000
f9a1
1d23
27af
0000
dd81
f6bd
2fef
4282
2338
0fe8
30ea
5ada
4d53
11e4
ee9e
0000
1162
ee1c
b2ad
a526
cf16
f018
dcc8
bd7e
d011
0943
227f
0000
d851
e2dd
065f
0000
c8e7
a34c
bb36
e7a8
e8fb
c7b6
c734
0000
38cc
384a
1705
1858
44ca
5cb4
3719
0000
f9a1
1d23
27af
0000
dd81
f6bd
2fef
4282
2338
0fe8
30ea
5ada
4d53
11e4
ee9e
0000
1162
ee1c
b2ad
a526
cf16
f018
dcc8
bd7e
d011
0943
227f
0000
d851
e2dd
065f
0000
c8e7
a34c
bb36
e7a8
e8fb
c7b6
c734
0000
38cc
384a
1705
1858
44ca
5cb4
3719
0000
f9a1
1d23
27af
0000
dd81
f6bd
2fef
4282
2338
0fe8
30ea
5ada
4d53
11e4
ee9e
0000
1162
ee1c
b2ad
a526
cf16
f018
dcc8
bd7e
d011
0943
227f
0000
d851
e2dd
065f
0000
c8e7
a34c
bb36
e7a8
e8fb
c7b6
c734
0000
38cc
384a
1705
1858
44ca
5cb4
3719
0000
f9a1
1d23
27af
0000
dd81
f6bd
2fef
4282
2338
0fe8
30ea
5ada
4d53
11e4
ee9e
0000
1162
ee1c
b2ad
a526
cf16
f018
dcc8
bd7e
d011
0943
227f
0000
d851
e2dd
065f
0000
c8e7
a34c
bb36
e7a8
e8fb
c7b6
c734
0000
38cc
384a
1705
1858
44ca
5cb4
3719
0000
f9a1
1d23
27af
0000
dd81
f6bd
2fef
4282
2338
0fe8
30ea
5ada
4d53
11e4
ee9e
0000
1162
ee1c
b2ad
a526
cf16
f018
dcc8
bd7e
d011
0943
227f
0000
d851
e2dd
065f
0000
c8e7
a34c
bb36
e7a8
e8fb
c7b6
c734
0000
38cc
384a
1705
1858
44ca
5cb4
3719
0000
f9a1
1d23
27af
0000
dd81
f6bd
2fef
4282
2338
0fe8
30ea
5ada
4d53
11e4
ee9e
0000
1162
ee1c
b2ad
a526
cf16
f018
dcc8
bd7e
d011
0943
227f
0000
d851
e2dd
065f
0000
c8e7
a34c
bb36
e7a8
e8fb
c7b6
c734
0000
38cc
384a
1705
1858
44ca
5cb4
3719
0000
f9a1
1d23
27af
0000
dd81
f6bd
2fef
4282
2338
0fe8
30ea
5ada
4d53
11e4
ee9e
0000
1162
ee1c
b2ad
a526
cf16
f018
dcc8
bd7e
d011
0943
227f
0000
d851
e2dd
065f
0000
c8e7
a34c
bb36
e7a8
e8fb
c7b6
c734
0000
38cc
384a
1705
1858
44ca
5cb4
3719
0000
f9a1
1d23
27af
0000
dd81
f6bd
2fef
4282
2338
0fe8
30ea
5ada
4d53
11e4
ee9e
0000
1162
ee1c
b2ad
a526
cf16
f018
dcc8
bd7e
d011
0943
227f
0000
d851
e2dd
065f
0000
c8e7
a34c
bb36
e7a8
e8fb
c7b6
c734
0000
38cc
384a
1705
1858
44ca
5cb4
3719
0000
f9a1
1d23
27af
0000
dd81
f6bd
2fef
4282
2338
0fe8
30ea
5ada
4d53
11e4
ee9e
0000
1162
ee1c
b2ad
a526
cf16
f018
dcc8
bd7e
d011
0943
227f
0000
d851
e2dd
065f
0000
c8e7
a34c
bb36
e7a8
e8fb
c7b6
c734
0000
38cc
384a
1705
1858
44ca
5cb4
3719
0000
f9a1
1d23
27af
0000
dd81
f6bd
2fef
4282
2338
0fe8
30ea
5ada
4d53
11e4
ee9e
0000
1162
ee1c
b2ad
a526
cf16
f018
dcc8
bd7e
d011
0943
227f
0000
d851
e2dd
065f
0000
c8e7
a34c
bb36
e7a8
e8fb
c7b6
c734
0000
38cc
384a
1705
1858
44ca
5cb4
3719
0000
f9a1
1d23
27af
0000
dd81
f6bd
2fef
4282
2338
0fe8
30ea
5ada
4d53
11e4
ee9e
0000
1162
ee1c
b2ad
a526
cf16
f018
dcc8
bd7e
d011
0943
227f
0000
d851
e2dd
065f
0000
c8e7
a34c
bb36
e7a8
e8fb
c7b6
c734
0000
38cc
384a
1705
1858
44ca
5cb4
3719
0000
f9a1
1d23
27af
0000
dd81
f6bd
2fef
4282
2338
0fe8
30ea
5ada
4d53
11e4
ee9e
0000
1162
ee1c
b2ad
a526
cf16
f018
dcc8
bd7e
d011
0943
227f
0000
d851
e2dd
065f
0000
c8e7
a34c
bb36
e7a8
e8fb
c7b6
c734
0000
38cc
384a
1705
1858
44ca
5cb4
3719
0000
f9a1
1d23
27af
0000
dd81
f6bd
2fef
4282
2338
0fe8
30ea
5ada
4d53
11e4
ee9e
0000
1162
ee1c
b2ad
a526
cf16
f018
dcc8
bd7e
d011
0943
227f
0000
d851
e2dd
065f
0000
c8e7
a34c
bb36
e7a8
e8fb
c7b6
c734
0000
38cc
384a
1705
1858
44ca
5cb4
3719
0000
f9a1
1d23
27af
0000
dd81
f6bd
2fef
4282
2338
0fe8
30ea
5ada
4d53
11e4
ee9e
0000
1162
ee1c
b2ad
a526
cf16
f018
dcc8
bd7e
d011
0943
227f
0000
d851
e2dd
065f
0000
c8e7
a34c
bb36
e7a8
e8fb
c7b6
c734
0000
38cc
384a
1705
1858
44ca
5cb4
3719
0000
f9a1
1d23
27af
0000
dd81
f6bd
2fef
4282
2338
0fe8
30ea
5ada
4d53
11e4
ee9e
0000
1162
ee1c
b2ad
a526
cf16
f018
dcc8
bd7e
d011
0943
227f
0000
d851
e2dd
065f
0000
c8e7
a34c
bb36
e7a8
e8fb
c7b6
c734
0000
38cc
384a
1705
1858
44ca
5cb4
3719
0000
f9a1
1d23
27af
0000
dd81
f6bd
2fef
4282
2338
0fe8
30ea
5ada
4d53
11e4
ee9e
0000
1162
ee1c
b2ad
a526
cf16
f018
dcc8
bd7e
d011
0943
227f
0000
d851
e2dd
065f
0000
c8e7
a34c
bb36
e7a8
e8fb
c7b6
c734
0000
38cc
384a
1705
1858
44ca
5cb4
3719
0000
f9a1
1d23
27af
0000
dd81
f6bd
2fef
4282
2338
0fe8
30ea
5ada
4d53
11e4
ee9e
0000
1162
ee1c
b2ad
a526
cf16
f018
dcc8
bd7e
d011
0943
227f
0000
d851
e2dd
065f
0000
c8e7
a34c
bb36
e7a8
e8fb
c7b6
c734
0000
38cc
384a
1705
1858
44ca
5cb4
3719
0000
f9a1
1d23
27af
0000
dd81
f6bd
2fef
4282
2338
0fe8
30ea
5ada
4d53
11e4
ee9e
0000
1162
ee1c
b2ad
a526
cf16
f018
dcc8
bd7e
d011
0943
227f
0000
d851
e2dd
065f
0000
c8e7
a34c
bb36
e7a8
e8fb
c7b6
c734
0000
38cc
384a
1705
1858
44ca
5cb4
3719
0000
f9a1
1d23
27af
0000
dd81
f6bd
2fef
4282
2338
0fe8
30ea
5ada
4d53
11e4
ee9e
0000
1162
ee1c
b2ad
a526
cf16
f018
dcc8
bd7e
d011
0943
227f
0000
d851
e2dd
065f
0000
c8e7
a34c
bb36
e7a8
e8fb
c7b6
c734
0000
38cc
384a
1705
1858
44ca
5cb4
3719
0000
f9a1
1d23
27af
0000
dd81
f6bd
2fef
4282
2338
0fe8
30ea
5ada
4d53
11e4
ee9e
0000
1162
ee1c
b2ad
a526
cf16
f018
dcc8
bd7e
d011
0943
227f
0000
d851
e2dd
065f
0000
c8e7
a34c
bb36
e7a8
e8fb
c7b6
c734
0000
38cc
384a
1705
1858
44ca
5cb4
3719
0000
f9a1
1d23
27af
0000
dd81
f6bd
2fef
4282
2338
0fe8
30ea
5ada
4d53
11e4
ee9e
0000
1162
ee1c
b2ad
a526
cf16
f018
dcc8
bd7e
d011
0943
227f
0000
d851
e2dd
065f
0000
c8e7
a34c
bb36
e7a8
e8fb
c7b6
c734
0000
38cc
384a
1705
1858
44ca
5cb4
3719
0000
f9a1
1d23
27af
0000
dd81
f6bd
2fef
4282
2338
0fe8
30ea
5ada
4d53
11e4
ee9e
0000
1162
ee1c
b2ad
a526
cf16
f018
dcc8
bd7e
d011
0943
227f
0000
d851
e2dd
065f
0000
c8e7
a34c
bb36
e7a8
e8fb
c7b6
c734
0000
38cc
384a
1705
1858
44ca
5cb4
3719
0000
f9a1
1d23
27af
0000
dd81
f6bd
2fef
4282
2338
0fe8
30ea
5ada
4d53
11e4
ee9e
0000
1162
ee1c
b2ad
a526
cf16
f018
dcc8
bd7e
d011
0943
227f
0000
d851
e2dd
065f
0000
c8e7
a34c
bb36
e7a8
e8fb
c7b6
c734
0000
38cc
384a
1705
1858
44ca
5cb4
3719
0000
f9a1
1d23
27af
0000
dd81
f6bd
2fef
4282
2338
0fe8
30ea
5ada
4d53
11e4
ee9e
0000
1162
ee1c
b2ad
a526
cf16
f018
dcc8
bd7e
d011
0943
227f
0000
d851
e2dd
065f
0000
c8e7
a34c
bb36
e7a8
e8fb
c7b6
c734
0000
38cc
384a
1705
1858
44ca
5cb4
3719
0000
f9a1
1d23
27af
0000
dd81
f6bd
2fef
4282
2338
0fe8
30ea
5ada
4d53
11e4
ee9e
0000
1162
ee1c
b2ad
a526
cf16
f018
dcc8
bd7e
d011
0943
227f
0000
d851
e2dd
065f
0000
c8e7
a34c
bb36
e7a8
e8fb
c7b6
c734
0000
38cc
384a
1705
1858
44ca
5cb4
3719
0000
f9a1
1d23
27af
0000
dd81
f6bd
2fef
4282
2338
0fe8
30ea
5ada
4d53
11e4
ee9e
0000
1162
ee1c
b2ad
a526
cf16
f018
dcc8
bd7e
d011
0943
227f
0000
d851
e2dd
065f
0000
c8e7
a34c
bb36
e7a8
e8fb
c7b6
c734
0000
38cc
384a
1705
1858
44ca
5cb4
3719
0000
f9a1
1d23
27af
0000
dd81
f6bd
2fef
4282
2338
0fe8
30ea
5ada
4d53
11e4
ee9e
0000
1162
ee1c
b2ad
a526
cf16
f018
dcc8
bd7e
d011
0943
227f
0000
d851
e2dd
065f
0000
c8e7
a34c
bb36
e7a8
e8fb
c7b6
c734
0000
38cc
384a
1705
1858
44ca
5cb4
3719
0000
f9a1
1d23
27af
0000
dd81
f6bd
2fef
4282
2338
0fe8
30ea
5ada
4d53
11e4
ee9e
0000
1162
ee1c
b2ad
a526
cf16
f018
dcc8
bd7e
d011
0943
227f
0000
d851
e2dd
065f
0000
c8e7
a34c
bb36
e7a8
e8fb
c7b6
c734
0000
38cc
384a
1705
1858
44ca
5cb4
3719
0000
f9a1
1d23
27af
0000
dd81
f6bd
2fef
4282
2338
0fe8
30ea
5ada
4d53
11e4
ee9e
0000
1162
ee1c
b2ad
a526
cf16
f018
dcc8
bd7e
d011
0943
227f
0000
d851
e2dd
065f
0000
c8e7
a34c
bb36
e7a8
e8fb
c7b6
c734
0000
38cc
384a
1705
1858
44ca
5cb4
3719
0000
f9a1
1d23
27af
0000
dd81
f6bd
2fef
4282
2338
0fe8
30ea
5ada
4d53
11e4
ee9e
0000
1162
ee1c
b2ad
a526
cf16
f018
dcc8
bd7e
d011
0943
227f
0000
d851
e2dd
065f
0000
c8e7
a34c
bb36
e7a8
e8fb
c7b6
c734
0000
38cc
384a
1705
1858
44ca
5cb4
3719
0000
f9a1
1d23
27af
0000
dd81
f6bd
2fef
4282
2338
0fe8
30ea
5ada
4d53
11e4
ee9e
0000
1162
ee1c
b2ad
a526
cf16
f018
dcc8
bd7e
d011
0943
227f
0000
d851
e2dd
065f
0000
c8e7
a34c
bb36
e7a8
e8fb
c7b6
c734
0000
38cc
384a
1705
1858
44ca
5cb4
3719
0000
f9a1
1d23
27af
0000
dd81
f6bd
2fef
4282
2338
0fe8
30ea
5ada
4d53
11e4
ee9e
0000
1162
ee1c
b2ad
a526
cf16
f018
dcc8
bd7e
d011
0943
227f
0000
d851
e2dd
065f
0000
c8e7
a34c
bb36
e7a8
e8fb
c7b6
c734
0000
38cc
384a
1705
1858
44ca
5cb4
3719
0000
f9a1
1d23
27af
0000
dd81
f6bd
2fef
4282
2338
0fe8
30ea
5ada
4d53
11e4
ee9e
0000
1162
ee1c
b2ad
a526
cf16
f018
dcc8
bd7e
d011
0943
227f
0000
d851
e2dd
065f
0000
c8e7
a34c
bb36
e7a8
e8fb
c7b6
c734
0000
38cc
384a
1705
1858
44ca
5cb4
3719
0000
f9a1
1d23
27af
0000
dd81
f6bd
2fef
4282
2338
0fe8
30ea
5ada
4d53
11e4
ee9e
0000
1162
ee1c
b2ad
a526
cf16
f018
dcc8
bd7e
d011
0943
227f
0000
d851
e2dd
065f
0000
c8e7
a34c
bb36
e7a8
e8fb
c7b6
c734
0000
38cc
384a
1705
1858
44ca
5cb4
3719
0000
f9a1
1d23
27af
0000
dd81
f6bd
2fef
4282
2338
0fe8
30ea
5ada
4d53
11e4
ee9e
0000
1162
ee1c
b2ad
a526
cf16
f018
dcc8
bd7e
d011
0943
227f
0000
d851
e2dd
065f
0000
c8e7
a34c
bb36
e7a8
e8fb
c7b6
c734
0000
38cc
384a
1705
1858
44ca
5cb4
3719
0000
f9a1
1d23
27af
0000
dd81
f6bd
2fef
4282
2338
0fe8
30ea
5ada
4d53
11e4
ee9e
0000
1162
ee1c
b2ad
a526
cf16
f018
dcc8
bd7e
d011
0943
227f
0000
d851
e2dd
065f
0000
c8e7
a34c
bb36
e7a8
e8fb
c7b6
c734
0000
38cc
384a
1705
1858
44ca
5cb4
3719
0000
f9a1
1d23
27af
0000
dd81
f6bd
2fef
4282
2338
0fe8
30ea
5ada
4d53
11e4
ee9e
0000
1162
ee1c
b2ad
a526
cf16
f018
dcc8
bd7e
d011
0943
227f
0000
d851
e2dd
065f
0000
c8e7
a34c
bb36
e7a8
e8fb
c7b6
c734
0000
38cc
384a
1705
1858
44ca
5cb4
3719
0000
f9a1
1d23
27af
0000
dd81
f6bd
2fef
4282
2338
0fe8
30ea
5ada
4d53
11e4
ee9e
0000
1162
ee1c
b2ad
a526
cf16
f018
dcc8
bd7e
d011
0943
227f
0000
d851
e2dd
065f
0000
c8e7
a34c
bb36
e7a8
e8fb
c7b6
c734
0000
38cc
384a
1705
1858
44ca
5cb4
3719
0000
f9a1
1d23
27af
0000
dd81
f6bd
2fef
4282
2338
0fe8
30ea
5ada
4d53
11e4
ee9e
0000
1162
ee1c
b2ad
a526
cf16
f018
dcc8
bd7e
d011
0943
227f
0000
d851
e2dd
065f
0000
c8e7
a34c
bb36
e7a8
e8fb
c7b6
c734
0000
38cc
384a
1705
1858
44ca
5cb4
3719
0000
f9a1
1d23
27af
0000
dd81
f6bd
2fef
4282
2338
0fe8
30ea
5ada
4d53
11e4
ee9e
0000
1162
ee1c
b2ad
a526
cf16
f018
dcc8
bd7e
d011
0943
227f
0000
d851
e2dd
065f
0000
c8e7
a34c
bb36
e7a8
e8fb
c7b6
c734
0000
38cc
384a
1705
1858
44ca
5cb4
3719
0000
f9a1
1d23
27af
0000
dd81
f6bd
2fef
4282
2338
0fe8
30ea
5ada
4d53
11e4
ee9e
0000
1162
ee1c
b2ad
a526
cf16
f018
dcc8
bd7e
d011
0943
227f
0000
d851
e2dd
065f
0000
c8e7
a34c
bb36
e7a8
e8fb
c7b6
c734
0000
38cc
384a
1705
1858
44ca
5cb4
3719
0000
f9a1
1d23
27af
0000
dd81
f6bd
2fef
4282
2338
0fe8
30ea
5ada
4d53
11e4
ee9e
0000
1162
ee1c
b2ad
a526
cf16
f018
dcc8
bd7e
d011
0943
227f
0000
d851
e2dd
065f
0000
c8e7
a34c
bb36
e7a8
e8fb
c7b6
c734
0000
38cc
384a
1705
1858
44ca
5cb4
3719
0000
f9a1
1d23
27af
0000
dd81
f6bd
2fef
4282
2338
0fe8
30ea
5ada
4d53
11e4
ee9e
0000
1162
ee1c
b2ad
a526
cf16
f018
dcc8
bd7e
d011
0943
227f
0000
d851
e2dd
065f
0000
c8e7
a34c
bb36
e7a8
e8fb
c7b6
c734
0000
38cc
384a
1705
1858
44ca
5cb4
3719
0000
f9a1
1d23
27af
0000
dd81
f6bd
2fef
4282
2338
0fe8
30ea
5ada
4d53
11e4
ee9e
0000
1162
ee1c
b2ad
a526
cf16
f018
dcc8
bd7e
d011
0943
227f
0000
d851
e2dd
065f
0000
c8e7
a34c
bb36
e7a8
e8fb
c7b6
c734
0000
38cc
384a
1705
1858
44ca
5cb4
3719
0000
f9a1
1d23
27af
0000
dd81
f6bd
2fef
4282
2338
0fe8
30ea
5ada
4d53
11e4
ee9e
0000
1162
ee1c
b2ad
a526
cf16
f018
dcc8
bd7e
d011
0943
227f
0000
d851
e2dd
065f
0000
c8e7
a34c
bb36
e7a8
e8fb
c7b6
c734
0000
38cc
384a
1705
1858
44ca
5cb4
3719
0000
f9a1
1d23
27af
0000
dd81
f6bd
2fef
4282
2338
0fe8
30ea
5ada
4d53
11e4
ee9e
0000
1162
ee1c
b2ad
a526
cf16
f018
dcc8
bd7e
d011
0943
227f
0000
d851
e2dd
065f
0000
c8e7
a34c
bb36
e7a8
e8fb
c7b6
c734
0000
38cc
384a
1705
1858
44ca
5cb4
3719
0000
f9a1
1d23
27af
0000
dd81
f6bd
2fef
4282
2338
0fe8
30ea
5ada
4d53
11e4
ee9e
0000
1162
ee1c
b2ad
a526
cf16
f018
dcc8
bd7e
d011
0943
227f
0000
d851
e2dd
065f
0000
c8e7
a34c
bb36
e7a8
e8fb
c7b6
c734
0000
38cc
384a
1705
1858
44ca
5cb4
3719
0000
f9a1
1d23
27af
0000
dd81
f6bd
2fef
4282
2338
0fe8
30ea
5ada
4d53
11e4
ee9e
0000
1162
ee1c
b2ad
a526
cf16
f018
dcc8
bd7e
d011
0943
227f
0000
d851
e2dd
065f
0000
c8e7
a34c
bb36
e7a8
e8fb
c7b6
c734
0000
38cc
384a
1705
1858
44ca
5cb4
3719
0000
f9a1
1d23
27af
0000
dd81
f6bd
2fef
4282
2338
0fe8
30ea
5ada
4d53
11e4
ee9e
0000
1162
ee1c
b2ad
a526
cf16
f018
dcc8
bd7e
d011
0943
227f
0000
d851
e2dd
065f
0000
c8e7
a34c
bb36
e7a8
e8fb
c7b6
c734
0000
38cc
384a
1705
1858
44ca
5cb4
3719
0000
f9a1
1d23
27af
0000
dd81
f6bd
2fef
4282
2338
0fe8
30ea
5ada
4d53
11e4
ee9e
0000
1162
ee1c
b2ad
a526
cf16
f018
dcc8
bd7e
d011
0943
227f
0000
d851
e2dd
065f
0000
c8e7
a34c
bb36
e7a8
e8fb
c7b6
c734
0000
38cc
384a
1705
1858
44ca
5cb4
3719
0000
f9a1
1d23
27af
0000
dd81
f6bd
2fef
4282
2338
0fe8
30ea
5ada
4d53
11e4
ee9e
0000
1162
ee1c
b2ad
a526
cf16
f018
dcc8
bd7e
d011
0943
227f
0000
d851
e2dd
065f
0000
c8e7
a34c
bb36
e7a8
e8fb
c7b6
c734
0000
38cc
384a
1705
1858
44ca
5cb4
3719
0000
f9a1
1d23
27af
0000
dd81
f6bd
2fef
4282
2338
0fe8
30ea
5ada
4d53
11e4
ee9e
0000
1162
ee1c
b2ad
a526
cf16
f018
dcc8
bd7e
d011
0943
227f
0000
d851
e2dd
065f
0000
c8e7
a34c
bb36
e7a8
e8fb
c7b6
c734
0000
38cc
384a
1705
1858
44ca
5cb4
3719
0000
f9a1
1d23
27af
0000
dd81
f6bd
2fef
4282
2338
0fe8
30ea
5ada
4d53
11e4
ee9e
0000
1162
ee1c
b2ad
a526
cf16
f018
dcc8
bd7e
d011
0943
227f
0000
d851
e2dd
065f
0000
c8e7
a34c
bb36
e7a8
e8fb
c7b6
c734
0000
38cc
384a
1705
1858
44ca
5cb4
3719
0000
f9a1
1d23
27af
0000
dd81
f6bd
2fef
4282
2338
0fe8
30ea
5ada
4d53
11e4
ee9e
0000
1162
ee1c
b2ad
a526
cf16
f018
dcc8
bd7e
d011
0943
227f
0000
d851
e2dd
065f
0000
c8e7
a34c
bb36
e7a8
e8fb
c7b6
c734
0000
38cc
384a
1705
1858
44ca
5cb4
3719
0000
f9a1
1d23
27af
0000
dd81
f6bd
2fef
4282
2338
0fe8
30ea
5ada
4d53
11e4
ee9e
0000
1162
ee1c
b2ad
a526
cf16
f018
dcc8
bd7e
d011
0943
227f
0000
d851
e2dd
065f
0000
c8e7
a34c
bb36
e7a8
e8fb
c7b6
c734
0000
38cc
384a
1705
1858
44ca
5cb4
3719
0000
f9a1
1d23
27af
0000
dd81
f6bd
2fef
4282
2338
0fe8
30ea
5ada
4d53
11e4
ee9e
0000
1162
ee1c
b2ad
a526
cf16
f018
dcc8
bd7e
d011
0943
227f
0000
d851
e2dd
065f
0000
c8e7
a34c
bb36
e7a8
e8fb
c7b6
c734
0000
38cc
384a
1705
1858
44ca
5cb4
3719
0000
f9a1
1d23
27af
0000
dd81
f6bd
2fef
4282
2338
0fe8
30ea
5ada
4d53
11e4
ee9e
0000
1162
ee1c
b2ad
a526
cf16
f018
dcc8
bd7e
d011
0943
227f
0000
d851
e2dd
065f
0000
c8e7
a34c
bb36
e7a8
e8fb
c7b6
c734
0000
38cc
384a
1705
1858
44ca
5cb4
3719
0000
f9a1
1d23
27af
0000
dd81
f6bd
2fef
4282
2338
0fe8
30ea
5ada
4d53
11e4
ee9e
0000
1162
ee1c
b2ad
a526
cf16
f018
dcc8
bd7e
d011
0943
227f
0000
d851
e2dd
065f
0000
c8e7
a34c
bb36
e7a8
e8fb
c7b6
c734
0000
38cc
384a
1705
1858
44ca
5cb4
3719
0000
f9a1
1d23
27af
0000
dd81
f6bd
2fef
4282
2338
0fe8
30ea
5ada
4d53
11e4
ee9e
0000
1162
ee1c
b2ad
a526
cf16
f018
dcc8
bd7e
d011
0943
227f
0000
d851
e2dd
065f
0000
c8e7
a34c
bb36
e7a8
e8fb
c7b6
c734
0000
38cc
384a
1705
1858
44ca
5cb4
3719
0000
f9a1
1d23
27af
0000
dd81
f6bd
2fef
4282
2338
0fe8
30ea
5ada
4d53
11e4
ee9e
0000
1162
ee1c
b2ad
a526
cf16
f018
dcc8
bd7e
d011
0943
227f
0000
d851
e2dd
065f
0000
c8e7
a34c
bb36
e7a8
e8fb
c7b6
c734
0000
38cc
384a
1705
1858
44ca
5cb4
3719
0000
f9a1
1d23
27af
0000
dd81
f6bd
2fef
4282
2338
0fe8
30ea
5ada
4d53
11e4
ee9e
0000
1162
ee1c
b2ad
a526
cf16
f018
dcc8
bd7e
d011
0943
227f
0000
d851
e2dd
065f
0000
c8e7
a34c
bb36
e7a8
e8fb
c7b6
c734
0000
38cc
384a
1705
1858
44ca
5cb4
3719
0000
f9a1
1d23
27af
0000
dd81
f6bd
2fef
4282
2338
0fe8
30ea
5ada
4d53
11e4
ee9e
0000
1162
ee1c
b2ad
a526
cf16
f018
dcc8
bd7e
d011
0943
227f
0000
d851
e2dd
065f
0000
c8e7
a34c
bb36
e7a8
e8fb
c7b6
c734
0000
38cc
384a
1705
1858
44ca
5cb4
3719
0000
f9a1
1d23
27af
0000
dd81
f6bd
2fef
4282
2338
0fe8
30ea
5ada
4d53
11e4
ee9e
0000
1162
ee1c
b2ad
a526
cf16
f018
dcc8
bd7e
d011
0943
227f
0000
d851
e2dd
065f
0000
c8e7
a34c
bb36
e7a8
e8fb
c7b6
c734
0000
38cc
384a
1705
1858
44ca
5cb4
3719
0000
f9a1
1d23
27af
0000
dd81
f6bd
2fef
4282
2338
0fe8
30ea
5ada
4d53
11e4
ee9e
0000
1162
ee1c
b2ad
a526
cf16
f018
dcc8
bd7e
d011
0943
227f
0000
d851
e2dd
065f
0000
c8e7
a34c
bb36
e7a8
e8fb
c7b6
c734
0000
38cc
384a
1705
1858
44ca
5cb4
3719
0000
f9a1
1d23
27af
0000
dd81
f6bd
2fef
4282
2338
0fe8
30ea
5ada
4d53
11e4
ee9e
0000
1162
ee1c
b2ad
a526
cf16
f018
dcc8
bd7e
d011
0943
227f
0000
d851
e2dd
065f
0000
c8e7
a34c
bb36
e7a8
e8fb
c7b6
c734
0000
38cc
384a
1705
1858
44ca
5cb4
3719
0000
f9a1
1d23
27af
0000
dd81
f6bd
2fef
4282
2338
0fe8
30ea
5ada
4d53
11e4
ee9e
0000
1162
ee1c
b2ad
a526
cf16
f018
dcc8
bd7e
d011
0943
227f
0000
d851
e2dd
065f
0000
c8e7
a34c
bb36
e7a8
e8fb
c7b6
c734
0000
38cc
384a
1705
1858
44ca
5cb4
3719
0000
f9a1
1d23
27af
0000
dd81
f6bd
2fef
4282
2338
0fe8
30ea
5ada
4d53
11e4
ee9e
0000
1162
ee1c
b2ad
a526
cf16
f018
dcc8
bd7e
d011
0943
227f
0000
d851
e2dd
065f
0000
c8e7
a34c
bb36
e7a8
e8fb
c7b6
c734
0000
38cc
384a
1705
1858
44ca
5cb4
3719
0000
f9a1
1d23
27af
0000
dd81
f6bd
2fef
4282
2338
0fe8
30ea
5ada
4d53
11e4
ee9e
0000
1162
ee1c
b2ad
a526
cf16
f018
dcc8
bd7e
d011
0943
227f
0000
d851
e2dd
065f
0000
c8e7
a34c
bb36
e7a8
e8fb
c7b6
c734
0000
38cc
384a
1705
1858
44ca
5cb4
3719
0000
f9a1
1d23
27af
0000
dd81
f6bd
2fef
4282
2338
0fe8
30ea
5ada
4d53
11e4
ee9e
0000
1162
ee1c
b2ad
a526
cf16
f018
dcc8
bd7e
d011
0943
227f
0000
d851
e2dd
065f
0000
c8e7
a34c
bb36
e7a8
e8fb
c7b6
c734
0000
38cc
384a
1705
1858
44ca
5cb4
3719
0000
f9a1
1d23
27af
0000
dd81
f6bd
2fef
4282
2338
0fe8
30ea
5ada
4d53
11e4
ee9e
0000
1162
ee1c
b2ad
a526
cf16
f018
dcc8
bd7e
d011
0943
227f
0000
d851
e2dd
065f
0000
c8e7
a34c
bb36
e7a8
e8fb
c7b6
c734
0000
38cc
384a
1705
1858
44ca
5cb4
3719
0000
f9a1
1d23
27af
0000
dd81
f6bd
2fef
4282
2338
0fe8
30ea
5ada
4d53
11e4
ee9e
0000
1162
ee1c
b2ad
a526
cf16
f018
dcc8
bd7e
d011
0943
227f
0000
d851
e2dd
065f
0000
c8e7
a34c
bb36
e7a8
e8fb
c7b6
c734
0000
38cc
384a
1705
1858
44ca
5cb4
3719
0000
f9a1
1d23
27af
0000
dd81
f6bd
2fef
4282
2338
0fe8
30ea
5ada
4d53
11e4
ee9e
0000
1162
ee1c
b2ad
a526
cf16
f018
dcc8
bd7e
d011
0943
227f
0000
d851
e2dd
065f
0000
c8e7
a34c
bb36
e7a8
e8fb
c7b6
c734
0000
38cc
384a
1705
1858
44ca
5cb4
3719
0000
f9a1
1d23
27af
0000
dd81
f6bd
2fef
4282
2338
0fe8
30ea
5ada
4d53
11e4
ee9e
0000
1162
ee1c
b2ad
a526
cf16
f018
dcc8
bd7e
d011
0943
227f
0000
d851
e2dd
065f
0000
c8e7
a34c
bb36
e7a8
e8fb
c7b6
c734
0000
38cc
384a
1705
1858
44ca
5cb4
3719
0000
f9a1
1d23
27af
0000
dd81
f6bd
2fef
4282
2338
0fe8
30ea
5ada
4d53
11e4
ee9e
0000
1162
ee1c
b2ad
a526
cf16
f018
dcc8
bd7e
d011
0943
227f
0000
d851
e2dd
065f
0000
c8e7
a34c
bb36
e7a8
e8fb
c7b6
c734
0000
38cc
384a
1705
1858
44ca
5cb4
3719
0000
f9a1
1d23
27af
0000
dd81
f6bd
2fef
4282
2338
0fe8
30ea
5ada
4d53
11e4
ee9e
0000
1162
ee1c
b2ad
a526
cf16
f018
dcc8
bd7e
d011
0943
227f
0000
d851
e2dd
065f
0000
c8e7
a34c
bb36
e7a8
e8fb
c7b6
c734
0000
38cc
384a
1705
1858
44ca
5cb4
3719
0000
f9a1
1d23
27af
0000
dd81
f6bd
2fef
4282
2338
0fe8
30ea
5ada
4d53
11e4
ee9e
0000
1162
ee1c
b2ad
a526
cf16
f018
dcc8
bd7e
d011
0943
227f
0000
d851
e2dd
065f
0000
c8e7
a34c
bb36
e7a8
e8fb
c7b6
c734
0000
38cc
384a
1705
1858
44ca
5cb4
3719
0000
f9a1
1d23
27af
0000
dd81
f6bd
2fef
4282
2338
0fe8
30ea
5ada
4d53
11e4
ee9e
0000
1162
ee1c
b2ad
a526
cf16
f018
dcc8
bd7e
d011
0943
227f
0000
d851
e2dd
065f
0000
c8e7
a34c
bb36
e7a8
e8fb
c7b6
c734
0000
38cc
384a
1705
1858
44ca
5cb4
3719
0000
f9a1
1d23
27af
0000
dd81
f6bd
2fef
4282
2338
0fe8
30ea
5ada
4d53
11e4
ee9e
0000
1162
ee1c
b2ad
a526
cf16
f018
dcc8
bd7e
d011
0943
227f
0000
d851
e2dd
065f
0000
c8e7
a34c
bb36
e7a8
e8fb
c7b6
c734
0000
38cc
384a
1705
1858
44ca
5cb4
3719
0000
f9a1
1d23
27af
0000
dd81
f6bd
2fef
4282
2338
0fe8
30ea
5ada
4d53
11e4
ee9e
0000
1162
ee1c
b2ad
a526
cf16
f018
dcc8
bd7e
d011
0943
227f
0000
d851
e2dd
065f
0000
c8e7
a34c
bb36
e7a8
e8fb
c7b6
c734
0000
38cc
384a
1705
1858
44ca
5cb4
3719
0000
f9a1
1d23
27af
0000
dd81
f6bd
2fef
4282
2338
0fe8
30ea
5ada
4d53
11e4
ee9e
0000
1162
ee1c
b2ad
a526
cf16
f018
dcc8
bd7e
d011
0943
227f
0000
d851
e2dd
065f
0000
c8e7
a34c
bb36
e7a8
e8fb
c7b6
c734
0000
38cc
384a
1705
1858
44ca
5cb4
3719
0000
f9a1
1d23
27af
0000
dd81
f6bd
2fef
4282
2338
0fe8
30ea
5ada
4d53
11e4
ee9e
0000
1162
ee1c
b2ad
a526
cf16
f018
dcc8
bd7e
d011
0943
227f
0000
d851
e2dd
065f
0000
c8e7
a34c
bb36
e7a8
e8fb
c7b6
c734
0000
38cc
384a
1705
1858
44ca
5cb4
3719
0000
f9a1
1d23
27af
0000
dd81
f6bd
2fef
4282
2338
0fe8
30ea
5ada
4d53
11e4
ee9e
0000
1162
ee1c
b2ad
a526
cf16
f018
dcc8
bd7e
d011
0943
227f
0000
d851
e2dd
065f
0000
c8e7
a34c
bb36
e7a8
e8fb
c7b6
c734
0000
38cc
384a
1705
1858
44ca
5cb4
3719
0000
f9a1
1d23
27af
0000
dd81
f6bd
2fef
4282
2338
0fe8
30ea
5ada
4d53
11e4
ee9e
0000
1162
ee1c
b2ad
a526
cf16
f018
dcc8
bd7e
d011
0943
227f
0000
d851
e2dd
065f
0000
c8e7
a34c
bb36
e7a8
e8fb
c7b6
c734
0000
38cc
384a
1705
1858
44ca
5cb4
3719
0000
f9a1
1d23
27af
0000
dd81
f6bd
2fef
4282
2338
0fe8
30ea
5ada
4d53
11e4
ee9e
0000
1162
ee1c
b2ad
a526
cf16
f018
dcc8
bd7e
d011
0943
227f
0000
d851
e2dd
065f
0000
c8e7
a34c
bb36
e7a8
e8fb
c7b6
c734
0000
38cc
384a
1705
1858
44ca
5cb4
3719
0000
f9a1
1d23
27af
0000
dd81
f6bd
2fef
4282
2338
0fe8
30ea
5ada
4d53
11e4
ee9e
0000
1162
ee1c
b2ad
a526
cf16
f018
dcc8
bd7e
d011
0943
227f
0000
d851
e2dd
065f
0000
c8e7
a34c
bb36
e7a8
e8fb
c7b6
c734
0000
38cc
384a
1705
1858
44ca
5cb4
3719
0000
f9a1
1d23
27af
0000
dd81
f6bd
2fef
4282
2338
0fe8
30ea
5ada
4d53
11e4
ee9e
0000
1162
ee1c
b2ad
a526
cf16
f018
dcc8
bd7e
d011
0943
227f
0000
d851
e2dd
065f
0000
c8e7
a34c
bb36
e7a8
e8fb
c7b6
c734
0000
38cc
384a
1705
1858
44ca
5cb4
3719
0000
f9a1
1d23
27af
0000
dd81
f6bd
2fef
4282
2338
0fe8
30ea
5ada
4d53
11e4
ee9e
0000
1162
ee1c
b2ad
a526
cf16
f018
dcc8
bd7e
d011
0943
227f
0000
d851
e2dd
065f
0000
c8e7
a34c
bb36
e7a8
e8fb
c7b6
c734
0000
38cc
384a
1705
1858
44ca
5cb4
3719
0000
f9a1
1d23
27af
0000
dd81
f6bd
2fef
4282
2338
0fe8
30ea
5ada
4d53
11e4
ee9e
0000
1162
ee1c
b2ad
a526
cf16
f018
dcc8
bd7e
d011
0943
227f
0000
d851
e2dd
065f
0000
c8e7
a34c
bb36
e7a8
e8fb
c7b6
c734
0000
38cc
384a
1705
1858
44ca
5cb4
3719
0000
f9a1
1d23
27af
0000
dd81
f6bd
2fef
4282
2338
0fe8
30ea
5ada
4d53
11e4
ee9e
0000
1162
ee1c
b2ad
a526
cf16
f018
dcc8
bd7e
d011
0943
227f
0000
d851
e2dd
065f
0000
c8e7
a34c
bb36
e7a8
e8fb
c7b6
c734
0000
38cc
384a
1705
1858
44ca
5cb4
3719
0000
f9a1
1d23
27af
0000
dd81
f6bd
2fef
4282
2338
0fe8
30ea
5ada
4d53
11e4
ee9e
0000
1162
ee1c
b2ad
a526
cf16
f018
dcc8
bd7e
d011
0943
227f
0000
d851
e2dd
065f
0000
c8e7
a34c
bb36
e7a8
e8fb
c7b6
c734
0000
38cc
384a
1705
1858
44ca
5cb4
3719
0000
f9a1
1d23
27af
0000
dd81
f6bd
2fef
4282
2338
0fe8
30ea
5ada
4d53
11e4
ee9e
0000
1162
ee1c
b2ad
a526
cf16
f018
dcc8
bd7e
d011
0943
227f
0000
d851
e2dd
065f
0000
c8e7
a34c
bb36
e7a8
e8fb
c7b6
c734
0000
38cc
384a
1705
1858
44ca
5cb4
3719
0000
f9a1
1d23
27af
0000
dd81
f6bd
2fef
4282
2338
0fe8
30ea
5ada
4d53
11e4
ee9e
0000
1162
ee1c
b2ad
a526
cf16
f018
dcc8
bd7e
d011
0943
227f
0000
d851
e2dd
065f
0000
c8e7
a34c
bb36
e7a8
e8fb
c7b6
c734
0000
38cc
384a
1705
1858
44ca
5cb4
3719
0000
f9a1
1d23
27af
0000
dd81
f6bd
2fef
4282
2338
0fe8
30ea
5ada
4d53
11e4
ee9e
0000
1162
ee1c
b2ad
a526
cf16
f018
dcc8
bd7e
d011
0943
227f
0000
d851
e2dd
065f
0000
c8e7
a34c
bb36
e7a8
e8fb
c7b6
c734
0000
38cc
384a
1705
1858
44ca
5cb4
3719
0000
f9a1
1d23
27af
0000
dd81
f6bd
2fef
4282
2338
0fe8
30ea
5ada
4d53
11e4
ee9e
0000
1162
ee1c
b2ad
a526
cf16
f018
dcc8
bd7e
d011
0943
227f
0000
d851
e2dd
065f
0000
c8e7
a34c
bb36
e7a8
e8fb
c7b6
c734
0000
38cc
384a
1705
1858
44ca
5cb4
3719
0000
f9a1
1d23
27af
0000
dd81
f6bd
2fef
4282
2338
0fe8
30ea
5ada
4d53
11e4
ee9e
0000
1162
ee1c
b2ad
a526
cf16
f018
dcc8
bd7e
d011
0943
227f
0000
d851
e2dd
065f
0000
c8e7
a34c
bb36
e7a8
e8fb
c7b6
c734
0000
38cc
384a
1705
1858
44ca
5cb4
3719
0000
f9a1
1d23
27af
0000
dd81
f6bd
2fef
4282
2338
0fe8
30ea
5ada
4d53
11e4
ee9e
0000
1162
ee1c
b2ad
a526
cf16
f018
dcc8
bd7e
d011
0943
227f
0000
d851
e2dd
065f
0000
c8e7
a34c
bb36
e7a8
e8fb
c7b6
c734
0000
38cc
384a
1705
1858
44ca
5cb4
3719
0000
f9a1
1d23
27af
0000
dd81
f6bd
2fef
4282
2338
0fe8
30ea
5ada
4d53
11e4
ee9e
0000
1162
ee1c
b2ad
a526
cf16
f018
dcc8
bd7e
d011
0943
227f
0000
d851
e2dd
065f
0000
c8e7
a34c
bb36
e7a8
e8fb
c7b6
c734
0000
38cc
384a
1705
1858
44ca
5cb4
3719
0000
f9a1
1d23
27af
0000
dd81
f6bd
2fef
4282
2338
0fe8
30ea
5ada
4d53
11e4
ee9e
0000
1162
ee1c
b2ad
a526
cf16
f018
dcc8
bd7e
d011
0943
227f
0000
d851
e2dd
065f
0000
c8e7
a34c
bb36
e7a8
e8fb
c7b6
c734
0000
38cc
384a
1705
1858
44ca
5cb4
3719
0000
f9a1
1d23
27af
0000
dd81
f6bd
2fef
4282
2338
0fe8
30ea
5ada
4d53
11e4
ee9e
0000
1162
ee1c
b2ad
a526
cf16
f018
dcc8
bd7e
d011
0943
227f
0000
d851
e2dd
065f
0000
c8e7
a34c
bb36
e7a8
e8fb
c7b6
c734
0000
38cc
384a
1705
1858
44ca
5cb4
3719
0000
f9a1
1d23
27af
0000
dd81
f6bd
2fef
4282
2338
0fe8
30ea
5ada
4d53
11e4
ee9e
0000
1162
ee1c
b2ad
a526
cf16
f018
dcc8
bd7e
d011
0943
227f
0000
d851
e2dd
065f
0000
c8e7
a34c
bb36
e7a8
e8fb
c7b6
c734
0000
38cc
384a
1705
1858
44ca
5cb4
3719
0000
f9a1
1d23
27af
0000
dd81
f6bd
2fef
4282
2338
0fe8
30ea
5ada
4d53
11e4
ee9e
0000
1162
ee1c
b2ad
a526
cf16
f018
dcc8
bd7e
d011
0943
227f
0000
d851
e2dd
065f
0000
c8e7
a34c
bb36
e7a8
e8fb
c7b6
c734
0000
38cc
384a
1705
1858
44ca
5cb4
3719
0000
f9a1
1d23
27af
0000
dd81
f6bd
2fef
4282
2338
0fe8
30ea
5ada
4d53
11e4
ee9e
0000
1162
ee1c
b2ad
a526
cf16
f018
dcc8
bd7e
d011
0943
227f
0000
d851
e2dd
065f
0000
c8e7
a34c
bb36
e7a8
e8fb
c7b6
c734
0000
38cc
384a
1705
1858
44ca
5cb4
3719
0000
f9a1
1d23
27af
0000
dd81
f6bd
2fef
4282
2338
0fe8
30ea
5ada
4d53
11e4
ee9e
0000
1162
ee1c
b2ad
a526
cf16
f018
dcc8
bd7e
d011
0943
227f
0000
d851
e2dd
065f
0000
c8e7
a34c
bb36
e7a8
e8fb
c7b6
c734
0000
38cc
384a
1705
1858
44ca
5cb4
3719
0000
f9a1
1d23
27af
0000
dd81
f6bd
2fef
4282
2338
0fe8
30ea
5ada
4d53
11e4
ee9e
0000
1162
ee1c
b2ad
a526
cf16
f018
dcc8
bd7e
d011
0943
227f
0000
d851
e2dd
065f
0000
c8e7
a34c
bb36
e7a8
e8fb
c7b6
c734
0000
38cc
384a
1705
1858
44ca
5cb4
3719
0000
f9a1
1d23
27af
0000
dd81
f6bd
2fef
4282
2338
0fe8
30ea
5ada
4d53
11e4
ee9e
0000
1162
ee1c
b2ad
a526
cf16
f018
dcc8
bd7e
d011
0943
227f
0000
d851
e2dd
065f
0000
c8e7
a34c
bb36
e7a8
e8fb
c7b6
c734
0000
38cc
384a
1705
1858
44ca
5cb4
3719
0000
f9a1
1d23
27af
0000
dd81
f6bd
2fef
4282
2338
0fe8
30ea
5ada
4d53
11e4
ee9e
0000
1162
ee1c
b2ad
a526
cf16
f018
dcc8
bd7e
d011
0943
227f
0000
d851
e2dd
065f
0000
c8e7
a34c
bb36
e7a8
e8fb
c7b6
c734
0000
38cc
384a
1705
1858
44ca
5cb4
3719
0000
f9a1
1d23
27af
0000
dd81
f6bd
2fef
4282
2338
0fe8
30ea
5ada
4d53
11e4
ee9e
0000
1162
ee1c
b2ad
a526
cf16
f018
dcc8
bd7e
d011
0943
227f
0000
d851
e2dd
065f
0000
c8e7
a34c
bb36
e7a8
e8fb
c7b6
c734
0000
38cc
384a
1705
1858
44ca
5cb4
3719
0000
f9a1
1d23
27af
0000
dd81
f6bd
2fef
4282
2338
0fe8
30ea
5ada
4d53
11e4
ee9e
0000
1162
ee1c
b2ad
a526
cf16
f018
dcc8
bd7e
d011
0943
227f
0000
d851
e2dd
065f
0000
c8e7
a34c
bb36
e7a8
e8fb
c7b6
c734
0000
38cc
384a
1705
1858
44ca
5cb4
3719
0000
f9a1
1d23
27af
0000
dd81
f6bd
2fef
4282
2338
0fe8
30ea
5ada
4d53
11e4
ee9e
0000
1162
ee1c
b2ad
a526
cf16
f018
dcc8
bd7e
d011
0943
227f
0000
d851
e2dd
065f
0000
c8e7
a34c
bb36
e7a8
e8fb
c7b6
c734
0000
38cc
384a
1705
1858
44ca
5cb4
3719
0000
f9a1
1d23
27af
0000
dd81
f6bd
2fef
4282
2338
0fe8
30ea
5ada
4d53
11e4
ee9e
0000
1162
ee1c
b2ad
a526
cf16
f018
dcc8
bd7e
d011
0943
227f
0000
d851
e2dd
065f
0000
c8e7
a34c
bb36
e7a8
e8fb
c7b6
c734
0000
38cc
384a
1705
1858
44ca
5cb4
3719
0000
f9a1
1d23
27af
0000
dd81
f6bd
2fef
4282
2338
0fe8
30ea
5ada
4d53
11e4
ee9e
0000
1162
ee1c
b2ad
a526
cf16
f018
dcc8
bd7e
d011
0943
227f
0000
d851
e2dd
065f
0000
c8e7
a34c
bb36
e7a8
e8fb
c7b6
c734
0000
38cc
384a
1705
1858
44ca
5cb4
3719
0000
f9a1
1d23
27af
0000
dd81
f6bd
2fef
4282
2338
0fe8
30ea
5ada
4d53
11e4
ee9e
0000
1162
ee1c
b2ad
a526
cf16
f018
dcc8
bd7e
d011
0943
227f
0000
d851
e2dd
065f
0000
c8e7
a34c
bb36
e7a8
e8fb
c7b6
c734
0000
38cc
384a
1705
1858
44ca
5cb4
3719
0000
f9a1
1d23
27af
0000
dd81
f6bd
2fef
4282
2338
0fe8
30ea
5ada
4d53
11e4
ee9e
0000
1162
ee1c
b2ad
a526
cf16
f018
dcc8
bd7e
d011
0943
227f
0000
d851
e2dd
065f
0000
c8e7
a34c
bb36
e7a8
e8fb
c7b6
c734
0000
38cc
384a
1705
1858
44ca
5cb4
3719
0000
f9a1
1d23
27af
0000
dd81
f6bd
2fef
4282
2338
0fe8
30ea
5ada
4d53
11e4
ee9e
0000
1162
ee1c
b2ad
a526
cf16
f018
dcc8
bd7e
d011
0943
227f
0000
d851
e2dd
065f
0000
c8e7
a34c
bb36
e7a8
e8fb
c7b6
c734
0000
38cc
384a
1705
1858
44ca
5cb4
3719
0000
f9a1
1d23
27af
0000
dd81
f6bd
2fef
4282
2338
0fe8
30ea
5ada
4d53
11e4
ee9e
0000
1162
ee1c
b2ad
a526
cf16
f018
dcc8
bd7e
d011
0943
227f
0000
d851
e2dd
065f
0000
c8e7
a34c
bb36
e7a8
e8fb
c7b6
c734
0000
38cc
384a
1705
1858
44ca
5cb4
3719
0000
f9a1
1d23
27af
0000
dd81
f6bd
2fef
4282
2338
0fe8
30ea
5ada
4d53
11e4
ee9e
0000
1162
ee1c
b2ad
a526
cf16
f018
dcc8
bd7e
d011
0943
227f
0000
d851
e2dd
065f
0000
c8e7
a34c
bb36
e7a8
e8fb
c7b6
c734
0000
38cc
384a
1705
1858
44ca
5cb4
3719
0000
f9a1
1d23
27af
0000
dd81
f6bd
2fef
4282
2338
0fe8
30ea
5ada
4d53
11e4
ee9e
0000
1162
ee1c
b2ad
a526
cf16
f018
dcc8
bd7e
d011
0943
227f
0000
d851
e2dd
065f
0000
c8e7
a34c
bb36
e7a8
e8fb
c7b6
c734
0000
38cc
384a
1705
1858
44ca
5cb4
3719
0000
f9a1
1d23
27af
0000
dd81
f6bd
2fef
4282
2338
0fe8
30ea
5ada
4d53
11e4
ee9e
0000
1162
ee1c
b2ad
a526
cf16
f018
dcc8
bd7e
d011
0943
227f
0000
d851
e2dd
065f
0000
c8e7
a34c
bb36
e7a8
e8fb
c7b6
c734
0000
38cc
384a
1705
1858
44ca
5cb4
3719
0000
f9a1
1d23
27af
0000
dd81
f6bd
2fef
4282
2338
0fe8
30ea
5ada
4d53
11e4
ee9e
0000
1162
ee1c
b2ad
a526
cf16
f018
dcc8
bd7e
d011
0943
227f
0000
d851
e2dd
065f
0000
c8e7
a34c
bb36
e7a8
e8fb
c7b6
c734
0000
38cc
384a
1705
1858
44ca
5cb4
3719
0000
f9a1
1d23
27af
0000
dd81
f6bd
2fef
4282
2338
0fe8
30ea
5ada
4d53
11e4
ee9e
0000
1162
ee1c
b2ad
a526
cf16
f018
dcc8
bd7e
d011
0943
227f
0000
d851
e2dd
065f
0000
c8e7
a34c
bb36
e7a8
e8fb
c7b6
c734
0000
38cc
384a
1705
1858
44ca
5cb4
3719
0000
f9a1
1d23
27af
0000
dd81
f6bd
2fef
4282
2338
0fe8
30ea
5ada
4d53
11e4
ee9e
0000
1162
ee1c
b2ad
a526
cf16
f018
dcc8
bd7e
d011
0943
227f
0000
d851
e2dd
065f
0000
c8e7
a34c
bb36
e7a8
e8fb
c7b6
c734
0000
38cc
384a
1705
1858
44ca
5cb4
3719
0000
f9a1
1d23
27af
0000
dd81
f6bd
2fef
4282
2338
0fe8
30ea
5ada
4d53
11e4
ee9e
0000
1162
ee1c
b2ad
a526
cf16
f018
dcc8
bd7e
d011
0943
227f
0000
d851
e2dd
065f
0000
c8e7
a34c
bb36
e7a8
e8fb
c7b6
c734
0000
38cc
384a
1705
1858
44ca
5cb4
3719
0000
f9a1
1d23
27af
0000
dd81
f6bd
2fef
4282
2338
0fe8
30ea
5ada
4d53
11e4
ee9e
0000
1162
ee1c
b2ad
a526
cf16
f018
dcc8
bd7e
d011
0943
227f
0000
d851
e2dd
065f
0000
c8e7
a34c
bb36
e7a8
e8fb
c7b6
c734
0000
38cc
384a
1705
1858
44ca
5cb4
3719
0000
f9a1
1d23
27af
0000
dd81
f6bd
2fef
4282
2338
0fe8
30ea
5ada
4d53
11e4
ee9e
0000
1162
ee1c
b2ad
a526
cf16
f018
dcc8
bd7e
d011
0943
227f
0000
d851
e2dd
065f
0000
c8e7
a34c
bb36
e7a8
e8fb
c7b6
c734
0000
38cc
384a
1705
1858
44ca
5cb4
3719
0000
f9a1
1d23
27af
0000
dd81
f6bd
2fef
4282
2338
0fe8
30ea
5ada
4d53
11e4
ee9e
0000
1162
ee1c
b2ad
a526
cf16
f018
dcc8
bd7e
d011
0943
227f
0000
d851
e2dd
065f
0000
c8e7
a34c
bb36
e7a8
e8fb
c7b6
c734
0000
38cc
384a
1705
1858
44ca
5cb4
3719
0000
f9a1
1d23
27af
0000
dd81
f6bd
2fef
4282
2338
0fe8
30ea
5ada
4d53
11e4
ee9e
0000
1162
ee1c
b2ad
a526
cf16
f018
dcc8
bd7e
d011
0943
227f
0000
d851
e2dd
065f
0000
c8e7
a34c
bb36
e7a8
e8fb
c7b6
c734
0000
38cc
384a
1705
1858
44ca
5cb4
3719
0000
f9a1
1d23
27af
0000
dd81
f6bd
2fef
4282
2338
0fe8
30ea
5ada
4d53
11e4
ee9e
0000
1162
ee1c
b2ad
a526
cf16
f018
dcc8
bd7e
d011
0943
227f
0000
d851
e2dd
065f
0000
c8e7
a34c
bb36
e7a8
e8fb
c7b6
c734
0000
38cc
384a
1705
1858
44ca
5cb4
3719
0000
f9a1
1d23
27af
0000
dd81
f6bd
2fef
4282
2338
0fe8
30ea
5ada
4d53
11e4
ee9e
0000
1162
ee1c
b2ad
a526
cf16
f018
dcc8
bd7e
d011
0943
227f
0000
d851
e2dd
065f
0000
c8e7
a34c
bb36
e7a8
e8fb
c7b6
c734
0000
38cc
384a
1705
1858
44ca
5cb4
3719
0000
f9a1
1d23
27af
0000
dd81
f6bd
2fef
4282
2338
0fe8
30ea
5ada
4d53
11e4
ee9e
0000
1162
ee1c
b2ad
a526
cf16
f018
dcc8
bd7e
d011
0943
227f
0000
d851
e2dd
065f
0000
c8e7
a34c
bb36
e7a8
e8fb
c7b6
c734
0000
38cc
384a
1705
1858
44ca
5cb4
3719
0000
f9a1
1d23
27af
0000
dd81
f6bd
2fef
4282
2338
0fe8
30ea
5ada
4d53
11e4
ee9e
0000
1162
ee1c
b2ad
a526
cf16
f018
dcc8
bd7e
d011
0943
227f
0000
d851
e2dd
065f
0000
c8e7
a34c
bb36
e7a8
e8fb
c7b6
c734
0000
38cc
384a
1705
1858
44ca
5cb4
3719
0000
f9a1
1d23
27af
0000
dd81
f6bd
2fef
4282
2338
0fe8
30ea
5ada
4d53
11e4
ee9e
0000
1162
ee1c
b2ad
a526
cf16
f018
dcc8
bd7e
d011
0943
227f
0000
d851
e2dd
065f
0000
c8e7
a34c
bb36
e7a8
e8fb
c7b6
c734
0000
38cc
384a
1705
1858
44ca
5cb4
3719
0000
f9a1
1d23
27af
0000
dd81
f6bd
2fef
4282
2338
0fe8
30ea
5ada
4d53
11e4
ee9e
0000
1162
ee1c
b2ad
a526
cf16
f018
dcc8
bd7e
d011
0943
227f
0000
d851
e2dd
065f
0000
c8e7
a34c
bb36
e7a8
e8fb
c7b6
c734
0000
38cc
384a
1705
1858
44ca
5cb4
3719
0000
f9a1
1d23
27af
0000
dd81
f6bd
2fef
4282
2338
0fe8
30ea
5ada
4d53
11e4
ee9e
0000
1162
ee1c
b2ad
a526
cf16
f018
dcc8
bd7e
d011
0943
227f
0000
d851
e2dd
065f
0000
c8e7
a34c
bb36
e7a8
e8fb
c7b6
c734
0000
38cc
384a
1705
1858
44ca
5cb4
3719
0000
f9a1
1d23
27af
0000
dd81
f6bd
2fef
4282
2338
0fe8
30ea
5ada
4d53
11e4
ee9e
0000
1162
ee1c
b2ad
a526
cf16
f018
dcc8
bd7e
d011
0943
227f
0000
d851
e2dd
065f
0000
c8e7
a34c
bb36
e7a8
e8fb
c7b6
c734
0000
38cc
384a
1705
1858
44ca
5cb4
3719
0000
f9a1
1d23
27af
0000
dd81
f6bd
2fef
4282
2338
0fe8
30ea
5ada
4d53
11e4
ee9e
0000
1162
ee1c
b2ad
a526
cf16
f018
dcc8
bd7e
d011
0943
227f
0000
d851
e2dd
065f
0000
c8e7
a34c
bb36
e7a8
e8fb
c7b6
c734
0000
38cc
384a
1705
1858
44ca
5cb4
3719
0000
f9a1
1d23
27af
0000
dd81
f6bd
2fef
4282
2338
0fe8
30ea
5ada
4d53
11e4
ee9e
0000
1162
ee1c
b2ad
a526
cf16
f018
dcc8
bd7e
d011
0943
227f
0000
d851
e2dd
065f
0000
c8e7
a34c
bb36
e7a8
e8fb
c7b6
c734
0000
38cc
384a
1705
1858
44ca
5cb4
3719
0000
f9a1
1d23
27af
0000
dd81
f6bd
2fef
4282
2338
0fe8
30ea
5ada
4d53
11e4
ee9e
0000
1162
ee1c
b2ad
a526
cf16
f018
dcc8
bd7e
d011
0943
227f
0000
d851
e2dd
065f
0000
c8e7
a34c
bb36
e7a8
e8fb
c7b6
c734
0000
38cc
384a
1705
1858
44ca
5cb4
3719
0000
f9a1
1d23
27af
0000
dd81
f6bd
2fef
4282
2338
0fe8
30ea
5ada
4d53
11e4
ee9e
0000
1162
ee1c
b2ad
a526
cf16
f018
dcc8
bd7e
d011
0943
227f
0000
d851
e2dd
065f
0000
c8e7
a34c
bb36
e7a8
e8fb
c7b6
c734
0000
38cc
384a
1705
1858
44ca
5cb4
3719
0000
f9a1
1d23
27af
0000
dd81
f6bd
2fef
4282
2338
0fe8
30ea
5ada
4d53
11e4
ee9e
0000
1162
ee1c
b2ad
a526
cf16
f018
dcc8
bd7e
d011
0943
227f
0000
d851
e2dd
065f
0000
c8e7
a34c
bb36
e7a8
e8fb
c7b6
c734
0000
38cc
384a
1705
1858
44ca
5cb4
3719
0000
f9a1
1d23
27af
0000
dd81
f6bd
2fef
4282
2338
0fe8
30ea
5ada
4d53
11e4
ee9e
0000
1162
ee1c
b2ad
a526
cf16
f018
dcc8
bd7e
d011
0943
227f
0000
d851
e2dd
065f
0000
c8e7
a34c
bb36
e7a8
e8fb
c7b6
c734
0000
38cc
384a
1705
1858
44ca
5cb4
3719
0000
f9a1
1d23
27af
0000
dd81
f6bd
2fef
4282
2338
0fe8
30ea
5ada
4d53
11e4
ee9e
0000
1162
ee1c
b2ad
a526
cf16
f018
dcc8
bd7e
d011
0943
227f
0000
d851
e2dd
065f
0000
c8e7
a34c
bb36
e7a8
e8fb
c7b6
c734
0000
38cc
384a
1705
1858
44ca
5cb4
3719
0000
f9a1
1d23
27af
0000
dd81
f6bd
2fef
4282
2338
0fe8
30ea
5ada
4d53
11e4
ee9e
0000
1162
ee1c
b2ad
a526
cf16
f018
dcc8
bd7e
d011
0943
227f
0000
d851
e2dd
065f
0000
c8e7
a34c
bb36
e7a8
e8fb
c7b6
c734
0000
38cc
384a
1705
1858
44ca
5cb4
3719
0000
f9a1
1d23
27af
0000
dd81
f6bd
2fef
4282
2338
0fe8
30ea
5ada
4d53
11e4
ee9e
0000
1162
ee1c
b2ad
a526
cf16
f018
dcc8
bd7e
d011
0943
227f
0000
d851
e2dd
065f
0000
c8e7
a34c
bb36
e7a8
e8fb
c7b6
c734
0000
38cc
384a
1705
1858
44ca
5cb4
3719
0000
f9a1
1d23
27af
0000
dd81
f6bd
2fef
4282
2338
0fe8
30ea
5ada
4d53
11e4
ee9e
0000
1162
ee1c
b2ad
a526
cf16
f018
dcc8
bd7e
d011
0943
227f
0000
d851
e2dd
065f
0000
c8e7
a34c
bb36
e7a8
e8fb
c7b6
c734
0000
38cc
384a
1705
1858
44ca
5cb4
3719
0000
f9a1
1d23
27af
0000
dd81
f6bd
2fef
4282
2338
0fe8
30ea
5ada
4d53
11e4
ee9e
0000
1162
ee1c
b2ad
a526
cf16
f018
dcc8
bd7e
d011
0943
227f
0000
d851
e2dd
065f
0000
c8e7
a34c
bb36
e7a8
e8fb
c7b6
c734
0000
38cc
384a
1705
1858
44ca
5cb4
3719
0000
f9a1
1d23
27af
0000
dd81
f6bd
2fef
4282
2338
0fe8
30ea
5ada
4d53
11e4
ee9e
0000
1162
ee1c
b2ad
a526
cf16
f018
dcc8
bd7e
d011
0943
227f
0000
d851
e2dd
065f
0000
c8e7
a34c
bb36
e7a8
e8fb
c7b6
c734
0000
38cc
384a
1705
1858
44ca
5cb4
3719
0000
f9a1
1d23
27af
0000
dd81
f6bd
2fef
4282
2338
0fe8
30ea
5ada
4d53
11e4
ee9e
0000
1162
ee1c
b2ad
a526
cf16
f018
dcc8
bd7e
d011
0943
227f
0000
d851
e2dd
065f
0000
c8e7
a34c
bb36
e7a8
e8fb
c7b6
c734
0000
38cc
384a
1705
1858
44ca
5cb4
3719
0000
f9a1
1d23
27af
0000
dd81
f6bd
2fef
4282
2338
0fe8
30ea
5ada
4d53
11e4
ee9e
0000
1162
ee1c
b2ad
a526
cf16
f018
dcc8
bd7e
d011
0943
227f
0000
d851
e2dd
065f
0000
c8e7
a34c
bb36
e7a8
e8fb
c7b6
c734
0000
38cc
384a
1705
1858
44ca
5cb4
3719
0000
f9a1
1d23
27af
0000
dd81
f6bd
2fef
4282
2338
0fe8
30ea
5ada
4d53
11e4
ee9e
0000
1162
ee1c
b2ad
a526
cf16
f018
dcc8
bd7e
d011
0943
227f
0000
d851
e2dd
065f
0000
c8e7
a34c
bb36
e7a8
e8fb
c7b6
c734
0000
38cc
384a
1705
1858
44ca
5cb4
3719
0000
f9a1
1d23
27af
0000
dd81
f6bd
2fef
4282
2338
0fe8
30ea
5ada
4d53
11e4
ee9e
0000
1162
ee1c
b2ad
a526
cf16
f018
dcc8
bd7e
d011
0943
227f
0000
d851
e2dd
065f
0000
c8e7
a34c
bb36
e7a8
e8fb
c7b6
c734
0000
38cc
384a
1705
1858
44ca
5cb4
3719
0000
f9a1
1d23
27af
0000
dd81
f6bd
2fef
4282
2338
0fe8
30ea
5ada
4d53
11e4
ee9e
0000
1162
ee1c
b2ad
a526
cf16
f018
dcc8
bd7e
d011
0943
227f
0000
d851
e2dd
065f
0000
c8e7
a34c
bb36
e7a8
e8fb
c7b6
c734
0000
38cc
384a
1705
1858
44ca
5cb4
3719
0000
f9a1
1d23
27af
0000
dd81
f6bd
2fef
4282
2338
0fe8
30ea
5ada
4d53
11e4
ee9e
0000
1162
ee1c
b2ad
a526
cf16
f018
dcc8
bd7e
d011
0943
227f
0000
d851
e2dd
065f
0000
c8e7
a34c
bb36
e7a8
e8fb
c7b6
c734
0000
38cc
384a
1705
1858
44ca
5cb4
3719
0000
f9a1
1d23
27af
0000
dd81
f6bd
2fef
4282
2338
0fe8
30ea
5ada
4d53
11e4
ee9e
0000
1162
ee1c
b2ad
a526
cf16
f018
dcc8
bd7e
d011
0943
227f
0000
d851
e2dd
065f
0000
c8e7
a34c
bb36
e7a8
e8fb
c7b6
c734
0000
38cc
384a
1705
1858
44ca
5cb4
3719
0000
f9a1
1d23
27af
0000
dd81
f6bd
2fef
4282
2338
0fe8
30ea
5ada
4d53
11e4
ee9e
0000
1162
ee1c
b2ad
a526
cf16
f018
dcc8
bd7e
d011
0943
227f
0000
d851
e2dd
065f
0000
c8e7
a34c
bb36
e7a8
e8fb
c7b6
c734
0000
38cc
384a
1705
1858
44ca
5cb4
3719
0000
f9a1
1d23
27af
0000
dd81
f6bd
2fef
4282
2338
0fe8
30ea
5ada
4d53
11e4
ee9e
0000
1162
ee1c
b2ad
a526
cf16
f018
dcc8
bd7e
d011
0943
227f
0000
d851
e2dd
065f
0000
c8e7
a34c
bb36
e7a8
e8fb
c7b6
c734
0000
38cc
384a
1705
1858
44ca
5cb4
3719
0000
f9a1
1d23
27af
0000
dd81
f6bd
2fef
4282
2338
0fe8
30ea
5ada
4d53
11e4
ee9e
0000
1162
ee1c
b2ad
a526
cf16
f018
dcc8
bd7e
d011
0943
227f
0000
d851
e2dd
065f
0000
c8e7
a34c
bb36
e7a8
e8fb
c7b6
c734
0000
38cc
384a
1705
1858
44ca
5cb4
3719
0000
f9a1
1d23
27af
0000
dd81
f6bd
2fef
4282
2338
0fe8
30ea
5ada
4d53
11e4
ee9e
0000
1162
ee1c
b2ad
a526
cf16
f018
dcc8
bd7e
d011
0943
227f
0000
d851
e2dd
065f
0000
c8e7
a34c
bb36
e7a8
e8fb
c7b6
c734
0000
38cc
384a
1705
1858
44ca
5cb4
3719
0000
f9a1
1d23
27af
0000
dd81
f6bd
2fef
4282
2338
0fe8
30ea
5ada
4d53
11e4
ee9e
0000
1162
ee1c
b2ad
a526
cf16
f018
dcc8
bd7e
d011
0943
227f
0000
d851
e2dd
065f
0000
c8e7
a34c
bb36
e7a8
e8fb
c7b6
c734
0000
38cc
384a
1705
1858
44ca
5cb4
3719
0000
f9a1
1d23
27af
0000
dd81
f6bd
2fef
4282
2338
0fe8
30ea
5ada
4d53
11e4
ee9e
0000
1162
ee1c
b2ad
a526
cf16
f018
dcc8
bd7e
d011
0943
227f
0000
d851
e2dd
065f
0000
c8e7
a34c
bb36
e7a8
e8fb
c7b6
c734
0000
38cc
384a
1705
1858
44ca
5cb4
3719
0000
f9a1
1d23
27af
0000
dd81
f6bd
2fef
4282
2338
0fe8
30ea
5ada
4d53
11e4
ee9e
0000
1162
ee1c
b2ad
a526
cf16
f018
dcc8
bd7e
d011
0943
227f
0000
d851
e2dd
065f
0000
c8e7
a34c
bb36
e7a8
e8fb
c7b6
c734
0000
38cc
384a
1705
1858
44ca
5cb4
3719
0000
f9a1
1d23
27af
0000
dd81
f6bd
2fef
4282
2338
0fe8
30ea
5ada
4d53
11e4
ee9e
0000
1162
ee1c
b2ad
a526
cf16
f018
dcc8
bd7e
d011
0943
227f
0000
d851
e2dd
065f
0000
c8e7
a34c
bb36
e7a8
e8fb
c7b6
c734
0000
38cc
384a
1705
1858
44ca
5cb4
3719
0000
f9a1
1d23
27af
0000
dd81
f6bd
2fef
4282
2338
0fe8
30ea
5ada
4d53
11e4
ee9e
0000
1162
ee1c
b2ad
a526
cf16
f018
dcc8
bd7e
d011
0943
227f
0000
d851
e2dd
065f
0000
c8e7
a34c
bb36
e7a8
e8fb
c7b6
c734
0000
38cc
384a
1705
1858
44ca
5cb4
3719
0000
f9a1
1d23
27af
0000
dd81
f6bd
2fef
4282
2338
0fe8
30ea
5ada
4d53
11e4
ee9e
0000
1162
ee1c
b2ad
a526
cf16
f018
dcc8
bd7e
d011
0943
227f
0000
d851
e2dd
065f
0000
c8e7
a34c
bb36
e7a8
e8fb
c7b6
c734
0000
38cc
384a
1705
1858
44ca
5cb4
3719
0000
f9a1
1d23
27af
0000
dd81
f6bd
2fef
4282
2338
0fe8
30ea
5ada
4d53
11e4
ee9e
0000
1162
ee1c
b2ad
a526
cf16
f018
dcc8
bd7e
d011
0943
227f
0000
d851
e2dd
065f
0000
c8e7
a34c
bb36
e7a8
e8fb
c7b6
c734
0000
38cc
384a
1705
1858
44ca
5cb4
3719
0000
f9a1
1d23
27af
0000
dd81
f6bd
2fef
4282
2338
0fe8
30ea
5ada
4d53
11e4
ee9e
0000
1162
ee1c
b2ad
a526
cf16
f018
dcc8
bd7e
d011
0943
227f
0000
d851
e2dd
065f
0000
c8e7
a34c
bb36
e7a8
e8fb
c7b6
c734
0000
38cc
384a
1705
1858
44ca
5cb4
3719
0000
f9a1
1d23
27af
0000
dd81
f6bd
2fef
4282
2338
0fe8
30ea
5ada
4d53
11e4
ee9e
0000
1162
ee1c
b2ad
a526
cf16
f018
dcc8
bd7e
d011
0943
227f
0000
d851
e2dd
065f
0000
c8e7
a34c
bb36
e7a8
e8fb
c7b6
c734
0000
38cc
384a
1705
1858
44ca
5cb4
3719
0000
f9a1
1d23
27af
0000
dd81
f6bd
2fef
4282
2338
0fe8
30ea
5ada
4d53
11e4
ee9e
0000
1162
ee1c
b2ad
a526
cf16
f018
dcc8
bd7e
d011
0943
227f
0000
d851
e2dd
065f
0000
c8e7
a34c
bb36
e7a8
e8fb
c7b6
c734
0000
38cc
384a
1705
1858
44ca
5cb4
3719
0000
f9a1
1d23
27af
0000
dd81
f6bd
2fef
4282
2338
0fe8
30ea
5ada
4d53
11e4
ee9e
0000
1162
ee1c
b2ad
a526
cf16
f018
dcc8
bd7e
d011
0943
227f
0000
d851
e2dd
065f
0000
c8e7
a34c
bb36
e7a8
e8fb
c7b6
c734
0000
38cc
384a
1705
1858
44ca
5cb4
3719
0000
f9a1
1d23
27af
0000
dd81
f6bd
2fef
4282
2338
0fe8
30ea
5ada
4d53
11e4
ee9e
0000
1162
ee1c
b2ad
a526
cf16
f018
dcc8
bd7e
d011
0943
227f
0000
d851
e2dd
065f
0000
c8e7
a34c
bb36
e7a8
e8fb
c7b6
c734
0000
38cc
384a
1705
1858
44ca
5cb4
3719
0000
f9a1
1d23
27af
0000
dd81
f6bd
2fef
4282
2338
0fe8
30ea
5ada
4d53
11e4
ee9e
0000
1162
ee1c
b2ad
a526
cf16
f018
dcc8
bd7e
d011
0943
227f
0000
d851
e2dd
065f
0000
c8e7
a34c
bb36
e7a8
e8fb
c7b6
c734
0000
38cc
384a
1705
1858
44ca
5cb4
3719
0000
f9a1
1d23
27af
0000
dd81
f6bd
2fef
4282
2338
0fe8
30ea
5ada
4d53
11e4
ee9e
0000
1162
ee1c
b2ad
a526
cf16
f018
dcc8
bd7e
d011
0943
227f
0000
d851
e2dd
065f
0000
c8e7
a34c
bb36
e7a8
e8fb
c7b6
c734
0000
38cc
384a
1705
1858
44ca
5cb4
3719
0000
f9a1
1d23
27af
0000
dd81
f6bd
2fef
4282
2338
0fe8
30ea
5ada
4d53
11e4
ee9e
0000
1162
ee1c
b2ad
a526
cf16
f018
dcc8
bd7e
d011
0943
227f
0000
d851
e2dd
065f
0000
c8e7
a34c
bb36
e7a8
e8fb
c7b6
c734
0000
38cc
384a
1705
1858
44ca
5cb4
3719
0000
f9a1
1d23
27af
0000
dd81
f6bd
2fef
4282
2338
0fe8
30ea
5ada
4d53
11e4
ee9e
0000
1162
ee1c
b2ad
a526
cf16
f018
dcc8
bd7e
d011
0943
227f
0000
d851
e2dd
065f
0000
c8e7
a34c
bb36
e7a8
e8fb
c7b6
c734
0000
38cc
384a
1705
1858
44ca
5cb4
3719
0000
f9a1
1d23
27af
0000
dd81
f6bd
2fef
4282
2338
0fe8
30ea
5ada
4d53
11e4
ee9e
0000
1162
ee1c
b2ad
a526
cf16
f018
dcc8
bd7e
d011
0943
227f
0000
d851
e2dd
065f
0000
c8e7
a34c
bb36
e7a8
e8fb
c7b6
c734
0000
38cc
384a
1705
1858
44ca
5cb4
3719
0000
f9a1
1d23
27af
0000
dd81
f6bd
2fef
4282
2338
0fe8
30ea
5ada
4d53
11e4
ee9e
0000
1162
ee1c
b2ad
a526
cf16
f018
dcc8
bd7e
d011
0943
227f
0000
d851
e2dd
065f
0000
c8e7
a34c
bb36
e7a8
e8fb
c7b6
c734
0000
38cc
384a
1705
1858
44ca
5cb4
3719
0000
f9a1
1d23
27af
0000
dd81
f6bd
2fef
4282
2338
0fe8
30ea
5ada
4d53
11e4
ee9e
0000
1162
ee1c
b2ad
a526
cf16
f018
dcc8
bd7e
d011
0943
227f
0000
d851
e2dd
065f
0000
c8e7
a34c
bb36
e7a8
e8fb
c7b6
c734
0000
38cc
384a
1705
1858
44ca
5cb4
3719
0000
f9a1
1d23
27af
0000
dd81
f6bd
2fef
4282
2338
0fe8
30ea
5ada
4d53
11e4
ee9e
0000
1162
ee1c
b2ad
a526
cf16
f018
dcc8
bd7e
d011
0943
227f
0000
d851
e2dd
065f
0000
c8e7
a34c
bb36
e7a8
e8fb
c7b6
c734
0000
38cc
384a
1705
1858
44ca
5cb4
3719
0000
f9a1
1d23
27af
0000
dd81
f6bd
2fef
4282
2338
0fe8
30ea
5ada
4d53
11e4
ee9e
0000
1162
ee1c
b2ad
a526
cf16
f018
dcc8
bd7e
d011
0943
227f
0000
d851
e2dd
065f
0000
c8e7
a34c
bb36
e7a8
e8fb
c7b6
c734
0000
38cc
384a
1705
1858
44ca
5cb4
3719
0000
f9a1
1d23
27af
0000
dd81
f6bd
2fef
4282
2338
0fe8
30ea
5ada
4d53
11e4
ee9e
0000
1162
ee1c
b2ad
a526
cf16
f018
dcc8
bd7e
d011
0943
227f
0000
d851
e2dd
065f
0000
c8e7
a34c
bb36
e7a8
e8fb
c7b6
c734
0000
38cc
384a
1705
1858
44ca
5cb4
3719
0000
f9a1
1d23
27af
0000
dd81
f6bd
2fef
4282
2338
0fe8
30ea
5ada
4d53
11e4
ee9e
0000
1162
ee1c
b2ad
a526
cf16
f018
dcc8
bd7e
d011
0943
227f
0000
d851
e2dd
065f
0000
c8e7
a34c
bb36
e7a8
e8fb
c7b6
c734
0000
38cc
384a
1705
1858
44ca
5cb4
3719
0000
f9a1
1d23
27af
0000
dd81
f6bd
2fef
4282
2338
0fe8
30ea
5ada
4d53
11e4
ee9e
0000
1162
ee1c
b2ad
a526
cf16
f018
dcc8
bd7e
d011
0943
227f
0000
d851
e2dd
065f
0000
c8e7
a34c
bb36
e7a8
e8fb
c7b6
c734
0000
38cc
384a
1705
1858
44ca
5cb4
3719
0000
f9a1
1d23
27af
0000
dd81
f6bd
2fef
4282
2338
0fe8
30ea
5ada
4d53
11e4
ee9e
0000
1162
ee1c
b2ad
a526
cf16
f018
dcc8
bd7e
d011
0943
227f
0000
d851
e2dd
065f
0000
c8e7
a34c
bb36
e7a8
e8fb
c7b6
c734
0000
38cc
384a
1705
1858
44ca
5cb4
3719
0000
f9a1
1d23
27af
0000
dd81
f6bd
2fef
4282
2338
0fe8
30ea
5ada
4d53
11e4
ee9e
0000
1162
ee1c
b2ad
a526
cf16
f018
dcc8
bd7e
d011
0943
227f
0000
d851
e2dd
065f
0000
c8e7
a34c
bb36
e7a8
e8fb
c7b6
c734
0000
38cc
384a
1705
1858
44ca
5cb4
3719
0000
f9a1
1d23
27af
0000
dd81
f6bd
2fef
4282
2338
0fe8
30ea
5ada
4d53
11e4
ee9e
0000
1162
ee1c
b2ad
a526
cf16
f018
dcc8
bd7e
d011
0943
227f
0000
d851
e2dd
065f
0000
c8e7
a34c
bb36
e7a8
e8fb
c7b6
c734
0000
38cc
384a
1705
1858
44ca
5cb4
3719
0000
f9a1
1d23
27af
0000
dd81
f6bd
2fef
4282
2338
0fe8
30ea
5ada
4d53
11e4
ee9e
0000
1162
ee1c
b2ad
a526
cf16
f018
dcc8
bd7e
d011
0943
227f
0000
d851
e2dd
065f
0000
c8e7
a34c
bb36
e7a8
e8fb
c7b6
c734
0000
38cc
384a
1705
1858
44ca
5cb4
3719
0000
f9a1
1d23
27af
0000
dd81
f6bd
2fef
4282
2338
0fe8
30ea
5ada
4d53
11e4
ee9e
0000
1162
ee1c
b2ad
a526
cf16
f018
dcc8
bd7e
d011
0943
227f
0000
d851
e2dd
065f
0000
c8e7
a34c
bb36
e7a8
e8fb
c7b6
c734
0000
38cc
384a
1705
1858
44ca
5cb4
3719
0000
f9a1
1d23
27af
0000
dd81
f6bd
2fef
4282
2338
0fe8
30ea
5ada
4d53
11e4
ee9e
0000
1162
ee1c
b2ad
a526
cf16
f018
dcc8
bd7e
d011
0943
227f
0000
d851
e2dd
065f
0000
c8e7
a34c
bb36
e7a8
e8fb
c7b6
c734
0000
38cc
384a
1705
1858
44ca
5cb4
3719
0000
f9a1
1d23
27af
0000
dd81
f6bd
2fef
4282
2338
0fe8
30ea
5ada
4d53
11e4
ee9e
0000
1162
ee1c
b2ad
a526
cf16
f018
dcc8
bd7e
d011
0943
227f
0000
d851
e2dd
065f
0000
c8e7
a34c
bb36
e7a8
e8fb
c7b6
c734
0000
38cc
384a
1705
1858
44ca
5cb4
3719
0000
f9a1
1d23
27af
0000
dd81
f6bd
2fef
4282
2338
0fe8
30ea
5ada
4d53
11e4
ee9e
0000
1162
ee1c
b2ad
a526
cf16
f018
dcc8
bd7e
d011
0943
227f
0000
d851
e2dd
065f
0000
c8e7
a34c
bb36
e7a8
e8fb
c7b6
c734
0000
38cc
384a
1705
1858
44ca
5cb4
3719
0000
f9a1
1d23
27af
0000
dd81
f6bd
2fef
4282
2338
0fe8
30ea
5ada
4d53
11e4
ee9e
0000
1162
ee1c
b2ad
a526
cf16
f018
dcc8
bd7e
d011
0943
227f
0000
d851
e2dd
065f
0000
c8e7
a34c
bb36
e7a8
e8fb
c7b6
c734
0000
38cc
384a
1705
1858
44ca
5cb4
3719
0000
f9a1
1d23
27af
0000
dd81
f6bd
2fef
4282
2338
0fe8
30ea
5ada
4d53
11e4
ee9e
0000
1162
ee1c
b2ad
a526
cf16
f018
dcc8
bd7e
d011
0943
227f
0000
d851
e2dd
065f
0000
c8e7
a34c
bb36
e7a8
e8fb
c7b6
c734
0000
38cc
384a
1705
1858
44ca
5cb4
3719
0000
f9a1
1d23
27af
0000
dd81
f6bd
2fef
4282
2338
0fe8
30ea
5ada
4d53
11e4
ee9e
0000
1162
ee1c
b2ad
a526
cf16
f018
dcc8
bd7e
d011
0943
227f
0000
d851
e2dd
065f
0000
c8e7
a34c
bb36
e7a8
e8fb
c7b6
c734
0000
38cc
384a
1705
1858
44ca
5cb4
3719
0000
f9a1
1d23
27af
0000
dd81
f6bd
2fef
4282
2338
0fe8
30ea
5ada
4d53
11e4
ee9e
0000
1162
ee1c
b2ad
a526
cf16
f018
dcc8
bd7e
d011
0943
227f
0000
d851
e2dd
065f
0000
c8e7
a34c
bb36
e7a8
e8fb
c7b6
c734
0000
38cc
384a
1705
1858
44ca
5cb4
3719
0000
f9a1
1d23
27af
0000
dd81
f6bd
2fef
4282
2338
0fe8
30ea
5ada
4d53
11e4
ee9e
0000
1162
ee1c
b2ad
a526
cf16
f018
dcc8
bd7e
d011
0943
227f
0000
d851
e2dd
065f
0000
c8e7
a34c
bb36
e7a8
e8fb
c7b6
c734
0000
38cc
384a
1705
1858
44ca
5cb4
3719
0000
f9a1
1d23
27af
0000
dd81
f6bd
2fef
4282
2338
0fe8
30ea
5ada
4d53
11e4
ee9e
0000
1162
ee1c
b2ad
a526
cf16
f018
dcc8
bd7e
d011
0943
227f
0000
d851
e2dd
065f
0000
c8e7
a34c
bb36
e7a8
e8fb
c7b6
c734
0000
38cc
384a
1705
1858
44ca
5cb4
3719
0000
f9a1
1d23
27af
0000
dd81
f6bd
2fef
4282
2338
0fe8
30ea
5ada
4d53
11e4
ee9e
0000
1162
ee1c
b2ad
a526
cf16
f018
dcc8
bd7e
d011
0943
227f
0000
d851
e2dd
065f
0000
c8e7
a34c
bb36
e7a8
e8fb
c7b6
c734
0000
38cc
384a
1705
1858
44ca
5cb4
3719
0000
f9a1
1d23
27af
0000
dd81
f6bd
2fef
4282
2338
0fe8
30ea
5ada
4d53
11e4
ee9e
0000
1162
ee1c
b2ad
a526
cf16
f018
dcc8
bd7e
d011
0943
227f
0000
d851
e2dd
065f
0000
c8e7
a34c
bb36
e7a8
e8fb
c7b6
c734
0000
38cc
384a
1705
1858
44ca
5cb4
3719
0000
f9a1
1d23
27af
0000
dd81
f6bd
2fef
4282
2338
0fe8
30ea
5ada
4d53
11e4
ee9e
0000
1162
ee1c
b2ad
a526
cf16
f018
dcc8
bd7e
d011
0943
227f
0000
d851
e2dd
065f
0000
c8e7
a34c
bb36
e7a8
e8fb
c7b6
c734
0000
38cc
384a
1705
1858
44ca
5cb4
3719
0000
f9a1
1d23
27af
0000
dd81
f6bd
2fef
4282
2338
0fe8
30ea
5ada
4d53
11e4
ee9e
0000
1162
ee1c
b2ad
a526
cf16
f018
dcc8
bd7e
d011
0943
227f
0000
d851
e2dd
065f
0000
c8e7
a34c
bb36
e7a8
e8fb
c7b6
c734
0000
38cc
384a
1705
1858
44ca
5cb4
3719
0000
f9a1
1d23
27af
0000
dd81
f6bd
2fef
4282
2338
0fe8
30ea
5ada
4d53
11e4
ee9e
0000
1162
ee1c
b2ad
a526
cf16
f018
dcc8
bd7e
d011
0943
227f
0000
d851
e2dd
065f
0000
c8e7
a34c
bb36
e7a8
e8fb
c7b6
c734
0000
38cc
384a
1705
1858
44ca
5cb4
3719
0000
f9a1
1d23
27af
0000
dd81
f6bd
2fef
4282
2338
0fe8
30ea
5ada
4d53
11e4
ee9e
0000
1162
ee1c
b2ad
a526
cf16
f018
dcc8
bd7e
d011
0943
227f
0000
d851
e2dd
065f
0000
c8e7
a34c
bb36
e7a8
e8fb
c7b6
c734
0000
38cc
384a
1705
1858
44ca
5cb4
3719
0000
f9a1
1d23
27af
0000
dd81
f6bd
2fef
4282
2338
0fe8
30ea
5ada
4d53
11e4
ee9e
0000
1162
ee1c
b2ad
a526
cf16
f018
dcc8
bd7e
d011
0943
227f
0000
d851
e2dd
065f
0000
c8e7
a34c
bb36
e7a8
e8fb
c7b6
c734
0000
38cc
384a
1705
1858
44ca
5cb4
3719
0000
f9a1
1d23
27af
0000
dd81
f6bd
2fef
4282
2338
0fe8
30ea
5ada
4d53
11e4
ee9e
0000
1162
ee1c
b2ad
a526
cf16
f018
dcc8
bd7e
d011
0943
227f
0000
d851
e2dd
065f
0000
c8e7
a34c
bb36
e7a8
e8fb
c7b6
c734
0000
38cc
384a
1705
1858
44ca
5cb4
3719
0000
f9a1
1d23
27af
0000
dd81
f6bd
2fef
4282
2338
0fe8
30ea
5ada
4d53
11e4
ee9e
0000
1162
ee1c
b2ad
a526
cf16
f018
dcc8
bd7e
d011
0943
227f
0000
d851
e2dd
065f
0000
c8e7
a34c
bb36
e7a8
e8fb
c7b6
c734
0000
38cc
384a
1705
1858
44ca
5cb4
3719
0000
f9a1
1d23
27af
0000
dd81
f6bd
2fef
4282
2338
0fe8
30ea
5ada
4d53
11e4
ee9e
0000
1162
ee1c
b2ad
a526
cf16
f018
dcc8
bd7e
d011
0943
227f
0000
d851
e2dd
065f
0000
c8e7
a34c
bb36
e7a8
e8fb
c7b6
c734
0000
38cc
384a
1705
1858
44ca
5cb4
3719
0000
f9a1
1d23
27af
0000
dd81
f6bd
2fef
4282
2338
0fe8
30ea
5ada
4d53
11e4
ee9e
0000
1162
ee1c
b2ad
a526
cf16
f018
dcc8
bd7e
d011
0943
227f
0000
d851
e2dd
065f
0000
c8e7
a34c
bb36
e7a8
e8fb
c7b6
c734
0000
38cc
384a
1705
1858
44ca
5cb4
3719
0000
f9a1
1d23
27af
0000
dd81
f6bd
2fef
4282
2338
0fe8
30ea
5ada
4d53
11e4
ee9e
0000
1162
ee1c
b2ad
a526
cf16
f018
dcc8
bd7e
d011
0943
227f
0000
d851
e2dd
065f
0000
c8e7
a34c
bb36
e7a8
e8fb
c7b6
c734
0000
38cc
384a
1705
1858
44ca
5cb4
3719
0000
f9a1
1d23
27af
0000
dd81
f6bd
2fef
4282
2338
0fe8
30ea
5ada
4d53
11e4
ee9e
0000
1162
ee1c
b2ad
a526
cf16
f018
dcc8
bd7e
d011
0943
227f
0000
d851
e2dd
065f
0000
c8e7
a34c
bb36
e7a8
e8fb
c7b6
c734
0b3f
3194
17ad
0a57
ee69
219d
f19f
5a43
6ad3
e525
4336
06a8
0fad
620e
9d2b
a0e1
9176
4ca2
4016
5540
6e45
44ed
f720
40a2
a80e
203d
add5
6673
0509
ec57
c9c1
3f2e
f5e6
0fc4
9122
1b1a
19d3
1af1
663d
29e4
dfa2
f17e
2d88
9aae
266c
2750
bd46
aa82
d57a
e09a
102c
f1db
7085
a450
bced
b1f8
2346
c729
f83d
c51e
b16e
a63c
2404
aca4
ba18
e1c1
49f4
a32d
4ddc
a2f2
6dc6
f8c7
6dd8
1828
3720
95d5
cdf6
a87f
d108
a828
d611
ec3f
9b95
2c58
0f58
c9f3
055b
a272
117f
62e8
d633
2692
ab2b
31d7
cf7b
b702
13ef
9170
4bc9
8de3
28f8
cb03
3630
6a7c
c61d
118c
1535
10a5
c033
684f
f3d1
4fcf
2df5
d155
484c
e828
57ce
12ba
57f3
2c5c
33e6
004e
6914
212d
ee75
1883
913a
d249
24e7
cfa3
1b31
ef97
ac04
d187
101f
14f0
1120
234c
230b
f033
5b5d
e17d
f139
5a4c
468c
2ef9
a3e5
60a5
315c
72ee
af3c
54d0
b23e
1aa0
a955
502e
46ce
0fec
ea9e
9cbd
2d7c
f54c
3329
5469
6d8f
51f9
8f81
dfbd
34fd
b459
04d9
9953
bae2
9112
43aa
c065
dc5f
62a0
2f18
9424
b2bf
1bfd
11cb
c39d
640a
1a42
0836
14b7
3505
d4ac
e88d
bd26
b7b3
6661
3731
fdcd
c133
c768
9a2c
f0e4
d4a4
2d3c
e3d6
b62f
927d
9c4c
2955
f555
086d
5b64
70f8
bec6
2592
c979
9190
3b87
d689
e527
1459
4c45
1db7
55db
cbd3
44ab
b793
6852
2b32
be74
6712
3530
c74f
bdf3
0431
92b7
bc9a
eea6
e302
f79c
ccc4
13ff
53d4
a7e2
0401
ab3b
31f7
e80e
0f13
b708
ae2d
fd40
debc
6579
3d21
394a
5d04
a006
0c06
1376
6a6d
d01d
c44a
a3e9
9097
62f6
2726
41b2
cdb6
13e9
9b8a
fcb0
6e03
56bf
dab7
6a58
c230
6785
65b1
44ef
1e0e
563c
d050
5065
1b28
8fda
dcce
aeef
6f03
fb04
ff66
2022
e1b9
ac58
4a37
b88b
029c
c07c
a359
5372
6cf5
6a2c
5dab
3f23
d98f
9f7d
eaa1
c24f
ab54
991d
33fa
8f70
3e57
aea9
9f20
a173
27a3
c556
edb1
0d38
5312
344f
cb16
ab19
9990
d24a
c932
f5e5
2a3a
2d12
ce20
e456
b68a
427b
99e7
2d63
4036
3fea
c893
e2ed
142f
cba9
e23f
ba34
f6c0
9715
4512
9e89
0457
d37e
11de
69da
218a
94f3
eff7
024f
0856
29cb
ccc2
aa7e
e746
6927
b7eb
5d13
0a18
f613
5805
f676
33a6
e8bc
5d17
2bc8
2dfe
d84f
3b29
1f59
c41a
b1ca
4449
69ca
f65b
14f6
526b
f625
681c
1174
49e7
5e32
48b2
b188
1db3
e89a
9b41
ee7f
c867
506a
947a
69bf
deae
defc
9091
b77b
e940
62e8
a3c1
6698
5521
f570
d813
c26d
1a5f
946c
9066
ef98
9c7d
c6d9
bfc2
c723
aaff
8f94
a769
1b4c
6d44
70f9
eb0c
b259
1ff8
fdc4
70c2
9bd9
4141
cf40
c46d
2571
c57f
2636
03fd
ee83
0c9a
cef0
2f98
ec62
dfdf
4bb8
61e9
9767
c266
dd1a
4891
6fdb
6c0c
5d4c
d121
715b
c645
a534
67e5
c295
2bb9
9a40
3527
57f2
cb92
e423
e30a
3952
c398
b466
f451
d2f3
4e26
c394
008d
65f8
1edf
549f
656c
39c6
2dfb
6bd1
71e8
f4e6
9d22
d043
afe8
ecfd
ab0d
17fd
e500
5b18
6bc7
0acd
cc1f
1540
5b69
ea83
0c00
cb64
f5bc
e95b
c609
015a
d450
e2c0
05c1
39bc
d9a4
61b9
537a
9805
c73e
f397
a4e9
dd17
3751
2997
1c32
3081
bc04
db87
289b
575f
0a10
cdef
93c5
3076
8e9f
e2ab
0709
6140
a16c
ea54
9268
dbbd
1c29
cd19
bd21
a776
11c6
2cfd
279e
676a
8d6d
21ea
1721
1472
6a9e
90b1
2d45
4845
0242
d9bf
4302
a335
f2a5
0499
2cb0
a1be
c147
eb56
1c68
5927
1b60
ab8d
6eb9
55a8
00a0
614e
0989
6187
4c02
6be4
60b7
951b
b512
e675
682c
d1ee
b1c6
5900
f3a6
5df9
b1b8
251f
f23d
9e6d
2d44
c5cd
95ee
9a9d
9ae0
5df0
3744
5bb6
27c3
06ab
d2f2
72ba
e040
f93d
e3f3
6e7b
b50b
d85f
298d
9b5e
18b6
fada
ce3c
c3bb
0358
e192
f5fc
da8e
6c66
ab8c
a31b
dbeb
14f9
24ac
e854
7308
dde1
3303
1fb3
4820
6db8
59ce
3cf4
2dad
da1a
aed4
9b3c
c489
f066
0511
3eeb
69b1
a7d5
a575
14aa
388a
5036
646a
6f61
e8ea
e46e
aedc
2a9c
241e
536b
a336
ff7d
12ae
c475
b3bf
52d8
9a4a
f93b
a77e
f61b
6e94
ee6c
5247
a7d5
cb4c
e9d6
e8eb
277c
dc39
3140
2011
e8c4
f047
1a63
9cf1
4a48
2359
3426
0882
a642
ea1f
ea33
d6c5
93b4
36a9
a619
187e
2ed2
1f0e
69c8
a49a
5498
9387
080b
e9f0
0592
e0ec
b8b5
9136
042e
4ef9
e2ca
c026
9f5c
a075
bfd0
a3d9
c9de
9c0b
9beb
5215
b228
0dc0
3f01
f5f5
b023
baca
f08f
0681
dd50
40da
39d5
626d
9379
5b2a
e740
572d
2bf5
7048
3bbd
e0cb
003f
e385
e0e0
c8ea
ff12
29df
ccb3
059e
a7d9
b1a1
9796
6c74
8db1
b5f2
1a01
9f8d
57fc
3299
6b74
01c2
d204
0b68
6342
04c9
ca5e
56f3
e27e
8d1f
c5de
d61f
52a9
f670
f33c
da3d
57b5
6688
7154
e39a
6b66
433f
287a
c539
beac
b30f
6166
d08f
f531
fe9c
4017
4f4f
acd8
ef29
4efe
4946
a466
b0d5
d2e4
9e2a
eea5
a599
0fb8
c59c
1638
a7e1
6da4
63a9
e712
c49a
c67e
fc2d
9604
2030
eae0
e3c1
4747
3029
68ad
dde3
5b97
3e33
df27
1c08
cf4a
5642
a6b5
bdbf
b6f9
e9a8
3880
0633
fd29
8cee
eed0
9b72
bcc9
639f
be6e
528f
45c9
b178
185b
a774
3481
1fac
47de
fb40
5f95
982c
d048
318c
ed22
b4a6
a581
491d
f9d0
5813
35c0
eb34
e2dc
039a
59a3
36ab
8dfe
2cbc
60a7
307d
b596
fc34
ad22
df83
64b5
6187
cdf8
db0d
1717
6ab8
aedb
c7ff
5611
fe22
5beb
b78c
0787
d7f9
d5bc
f3c3
f095
df22
5f9b
3564
346d
cf99
11e7
4052
441a
dc2e
3e68
3659
ad68
5450
f27b
fcde
f41b
0fa2
1beb
ff95
5481
1d6e
e94a
ecce
479d
dd06
bd85
9a7c
56a2
606e
a87a
d9dd
b535
a781
5c20
99e8
6eb3
a306
53be
0f53
e192
dbad
3b4b
d547
243f
03fe
fc89
5c6d
0c97
4b4e
33f8
95b0
3eec
bec5
5ce2
96b1
d98a
a3c8
fa60
49bb
d181
af94
d8e5
4851
ad26
c130
9cab
2f65
e7dd
d46b
325f
da36
347a
489f
bef4
6d2a
b236
cfd0
b63a
dc68
fb68
051c
5178
59ba
bf84
1c50
a67e
f68c
d711
d5b9
fbfd
34f3
9cbe
575c
3619
b578
652e
0174
7327
ba40
080b
cfad
d2e2
14fb
6129
4655
3398
0da2
614b
fe3d
5621
4cf2
be12
3e7d
8f9c
d72e
c1b2
0195
3692
a34f
0370
6502
c17b
28d0
1566
8f1f
fa6e
3019
96ef
5770
04a0
93de
c082
6886
12f7
a590
cf0d
f606
91a1
eba3
fd92
c4f2
146c
3a58
c323
1bc3
202b
6757
401d
5042
fdcb
b782
723b
aa9b
f96d
9c7e
6643
6b1e
328c
dd70
c769
c9ed
aa22
05f2
ad7a
d5c7
1d31
346d
9265
efe6
230c
5163
fa51
6c1a
ca01
8fea
fc42
c7cf
4a95
c26f
d45f
4319
3191
0d60
2f38
ed41
8e07
8f6b
0296
9ffe
9892
6b40
52b6
afd4
8cf5
65c2
cced
b7a2
2c1f
a5e5
c9c7
6d75
2022
04c4
e87b
3f3e
ad47
6bac
5333
1b1b
96b0
2e47
5f38
05aa
de6a
a884
3aba
58b5
a3e7
3bab
90bc
6b9b
1a82
0c15
d0fd
62e8
ca11
4b9a
6fc4
414b
0460
9c07
f9a5
f1c6
bb87
ee65
df3a
b284
f27e
c95a
0515
94e7
5d98
48e3
0c1d
510e
6a88
a644
1e25
72bc
7068
17ce
aa4c
132b
8d47
baa2
6916
d8ef
1fe2
cd83
672d
34a9
d8c1
4338
a5b9
e731
bfc5
2a54
a468
e847
cc8b
0176
dd6b
2f8e
9277
1edf
c1ed
cab6
452d
68f6
d5bc
4b4b
a4c3
1ede
39d6
b0bd
eef4
5a7a
a4ab
90f9
14df
f126
44d1
6190
d1ba
e64a
fcd6
144f
6f7a
2d77
e68e
c993
6670
ac08
32bf
6202
25f0
ee46
baa6
e178
2fa9
2274
629a
5486
48d7
5ecc
cc78
e1f0
e454
0ded
26c2
cedc
914a
e8c8
d3e3
65e0
5974
5303
2340
dc20
0b41
48a0
a386
455e
964b
48e7
46dc
988e
1d4c
0091
b3ee
aefd
3ef5
0f99
6f48
6f1b
7182
a822
64f9
c527
f65f
3b4e
bbb7
0f47
b79d
a4ef
a7a8
df33
8de0
eeb0
25d4
e95a
a092
9b3f
cce1
b3d0
6b28
afa5
4660
13d7
0ff7
02c9
6cb1
e0a1
4255
0cbd
e7f4
68f0
16a7
a833
ed00
40e0
2ca3
5fec
c890
3b7c
f6c1
10f6
68d7
6e6d
534f
df89
5953
1fef
efdf
950a
3e3c
007c
41f0
3925
43a3
d212
454d
0b41
f9db
2859
91b9
a460
d01e
6f47
ad00
d8f8
9891
d920
d69b
66f1
4f85
e4fd
9283
4c44
24fd
afe8
724b
a3e6
5495
d09a
f11b
4412
28e6
64e2
1be9
a357
588e
3e03
30d0
992f
e817
b361
4a2a
2e33
5842
6b7f
3f4d
71de
1a71
955c
9016
db9f
4a87
545b
6a2b
9bcf
9713
5f38
d316
0d5c
6f27
e910
2637
e92a
3dca
0663
c387
cb4f
c842
0772
2ed0
6783
2cb7
40c9
b3b9
e2fc
ec23
2af1
d0fa
d2ae
decc
477e
11e0
9e26
9ed5
e258
3d6c
2b79
2feb
3d90
cef6
0b1e
09fd
3736
6943
ccda
4392
24db
127c
3f55
664d
9542
aec3
3b0c
a01c
03b7
bf75
cc00
2e81
93c2
5603
f335
008d
093a
2188
dc42
a419
d628
b38b
0cef
d613
6989
6b4d
1bad
1b12
6fd4
593a
3d12
d50d
e105
bb2d
fd0a
70fa
5ef5
a812
929b
5bd8
0890
baed
2802
213a
a8ee
c89d
9aa5
bd27
ab49
b953
2abb
9835
a445
abb7
d5bb
d1a2
c792
39b9
72be
07d4
6657
e82e
a562
eafb
d107
fe7b
242f
f707
6442
58a6
2e89
fda0
ab25
e846
2f18
ce70
a4c3
5dfa
302a
1a8f
4364
4d55
fc30
57d3
5ff1
cb5e
18c7
0620
08be
64d6
d31e
6f61
5ca6
f67d
4924
3dfd
28fc
d67e
ba10
2785
4f05
908c
20e7
f2d7
5bb7
d6de
fa0d
0367
ad29
310d
4c24
9a25
cff0
9592
692f
2684
6af3
0742
4598
e311
de52
e3f4
245f
df9e
5c3e
6f58
93d0
b96a
a6aa
9690
c146
f3be
4da4
bfe9
fe9b
62fb
2686
44ad
0bc0
6eb2
146d
974a
ba6b
ea0f
1755
3ea7
ebfa
3065
42c9
d5e6
6e6c
227b
57c7
0ce3
37aa
3e55
5e0f
af71
0d6e
ef80
617e
a504
6f2e
5680
9dd0
fdeb
3220
36de
5da7
4516
d471
ffa4
2e7d
acb3
b97f
fba2
d184
5388
13e1
dd22
505e
463e
72d1
5004
ec4b
aa2e
4e7b
9a92
dd81
60b4
6a28
2063
2b77
9696
0356
0acc
db29
9c9c
c18b
df48
f10f
14f3
333d
d5fc
d898
9157
9639
c834
375a
1d90
3e28
3df5
5227
32c3
6e5c
5be3
13fb
1450
94b3
72db
ab1e
3760
49f6
e2c1
ba28
a38f
3947
f517
313d
5fb5
ae93
6093
eba4
d323
6614
710b
baa0
2422
a557
22c5
4b69
2a82
ecf4
e50f
e760
14ab
57e9
62db
9923
b6a6
a6a9
b959
dca9
0181
1dd4
357c
59e1
70af
2585
4f92
400f
d3a8
568f
96a8
8ce3
cbdf
f744
1fe1
a440
27dc
4589
b780
ec72
049b
f4e6
4514
6a1a
44e0
9ec6
4641
9c26
c32b
b013
ba4f
0686
278e
f92a
69e9
c42a
3ca0
554a
0e4d
f5ea
1629
ef99
0cb7
ecdd
e912
2d02
a232
b32c
50ea
3e74
cda6
e3b9
6227
4948
1a58
bfd5
9700
f02a
27c6
4bae
5142
945b
c50e
daee
b849
45ce
3d9f
03e1
6f43
adfe
5c14
a7a3
b266
2d35
a60c
0f2c
ed9f
34a4
5c50
3e2d
5091
9465
d445
038e
eca3
c215
d3bc
66a0
d095
de57
8da9
4f81
b07a
bbd6
c79d
589d
bc5e
448c
46f9
6262
a76e
bedd
37f6
b9f6
cec6
b338
b497
fbc0
a613
d6ec
ef16
9276
e646
a27d
fe85
4b0c
495d
9f57
1752
4d16
c3a1
3c59
5a08
4687
a586
8ee4
b8fa
cb1f
1ac5
e556
2edd
de26
b062
d4d8
588c
69a5
bc9d
4276
cbc8
5931
b2f2
263c
a035
6d2f
2e39
4ec0
0f5c
faa8
1c15
069f
f8f2
3bc7
b5dc
b43e
f04c
d6b4
9de2
4f5d
3e93
0a1f
6e6f
9d88
3d70
ca2c
e1ba
bf53
4298
ae09
4e56
253a
9a67
47a6
1d6f
5d4e
394e
0e15
4d8a
ccdd
0ad1
d073
6bdf
c0eb
906e
d7e1
0094
9357
0da7
563b
2f2b
1c55
690d
6996
4ab5
18d3
fd2e
8fdf
187b
70af
494a
db47
afd6
4172
3834
6b9b
565c
0cd3
a424
fc33
d514
02dc
d250
535d
4f55
d57c
16f1
efea
5e41
b7f8
2d8e
6c5f
b530
bb56
2ca2
4051
fdd3
1945
bdce
fa9d
a6a0
d6db
ce6a
f33e
6319
b691
e948
1aa2
66e2
ab7b
6047
9f7a
fb90
f58a
bd18
dcdb
f571
5424
68d8
045c
5545
18ec
dd3b
b98b
ebfd
0542
970b
ae67
1715
c0a4
4db8
d821
a4f5
a00c
64b6
a7ff
ad45
538e
c764
263c
48f9
18b2
6967
3020
a6c8
0d75
3245
4592
92de
326e
4b09
38de
02d8
f654
0b63
2f26
6170
1af7
595b
2e5e
9c8c
0031
cecf
ce81
decf
d551
121c
2a4d
cab9
aab3
9a5a
1174
b7b0
8eef
628d
088f
a21a
4f02
6f54
f428
9698
a7e3
e4bc
58d2
aee9
4aa5
9041
f62f
2145
9ab7
1a71
6663
b1ba
34e7
1922
b774
8e3c
8ef1
0765
6603
213f
3160
fe96
12de
a9eb
56d1
3c16
72c8
d166
c11b
a9a4
6af3
40b7
b320
0c23
ec22
afb4
b225
6ac8
d311
65b4
9e39
f6f8
aaab
8de8
0c63
a70b
3327
2da5
b56e
65c6
32ed
d174
3035
356f
dba6
e356
df8a
1ade
5c40
b4b5
5671
932d
24f1
ec4a
431c
32f6
fb6b
2125
0069
47c6
fa7d
0556
c686
1834
d297
11ce
b3e5
b18b
ece2
ef24
ca93
ab1f
95d6
929e
cb5e
f736
3420
fa36
5d17
94eb
b66d
dacb
11db
5145
dd7d
ca8c
9b10
4a07
e447
107c
6f68
8d2c
ae50
404e
464d
3e08
0886
6e53
e815
177d
9b67
eb3b
3343
c3cf
6641
2b09
cf0f
3dfa
9ff7
6d62
9829
63dd
c70f
3b67
8cd2
c761
3964
0773
a74a
e77e
e354
0fb4
26b3
4e86
ff5d
e71f
adfa
463b
3129
eaf6
043f
260f
b2c6
9312
d5f4
1606
fcea
2c5d
49a7
fd56
abbd
50c8
1147
3748
2f27
6bdf
d0d7
2f4d
e10e
e7e7
c1ee
dc10
6749
d036
c57a
1328
c841
f9de
4cfe
c1e3
ef1c
1975
0a83
6d5f
298e
3748
6b95
ec4a
deae
96e9
b73e
c373
b715
3ab3
0844
269f
49d5
c1f9
d7e5
3001
e74b
938c
f104
5e10
eb0a
d95a
70c8
2146
e120
a44f
4252
2ff0
6135
bedd
a748
33a0
bbaa
b560
d67c
48ff
091c
975e
f7ae
2a63
08d7
10b1
c097
501e
0e25
3121
6f05
ef75
57cc
8e7b
9480
14cd
d48f
c601
ccd6
d629
34bf
0ff1
4298
4c13
4f03
ec56
eddd
6235
2545
9f58
09b8
ded3
704d
8ff3
19d8
3385
cf5e
6d20
52d6
5fc3
913c
1019
d0b0
506a
1e9c
08f5
a734
0944
1e64
690a
1398
6bb0
6a5a
229b
015c
f82c
59f1
9350
a706
a452
3b32
db0f
1fc9
17e9
e5b2
0746
2170
6598
116d
1a59
9c70
6830
0678
4569
9864
edc7
c802
ca50
4326
1c8a
f21e
8f3e
6b1e
6a72
beed
9654
06f5
6800
5e8d
1381
d2bd
d8d3
5bad
fe1b
ab03
c60a
cc93
a945
f77c
5fdb
26e3
9d80
8e12
cc73
e05e
3fc3
6b98
e619
2b03
7206
389a
1f61
9ecb
d745
5f3e
bb1d
4f29
2d3b
e134
06b9
09dd
3151
03d0
ab77
3f01
ea68
6ab2
ce20
c96a
d9a4
10a9
5afa
b56b
cd3d
12d2
f57b
f3dd
49e5
61a9
fbb1
2b2a
455d
043b
d09d
1fd0
139c
5c84
98e1
5e7e
07ef
906a
dc38
33af
fd56
6ea0
ee2b
d80f
4a1c
0b0a
2a02
466f
277f
ee20
a98e
127d
5b91
ed50
5ea1
00d0
1bd7
4cb8
0ee2
a1c3
6ed0
c572
3080
012e
fb1c
c501
332f
a6ca
70ff
4f92
07f3
ee9e
cece
005e
576a
cc2a
0020
c2d8
da7b
b8a3
7104
1079
35a4
a371
e128
5a76
a042
b2ee
1ce5
1c4a
4ded
6456
ad84
c890
ef4a
8d03
9ce3
c0fc
fba5
c6c1
56c9
d784
61d5
6d63
f473
c122
d000
3faa
cbc8
e47d
fb10
114e
724c
c24e
de3b
c95f
e000
a407
dfb3
595d
d199
e27f
6667
349e
03db
3fdd
a92f
f7d2
a80b
c2a1
ad7d
e029
e4bb
670f
c9a8
f9a6
47bd
48b7
39ad
cf1e
fed7
b7b5
b836
f138
36f8
0620
5917
4c3d
9416
0fc3
1926
6a58
9228
072b
bbfc
992b
1428
3ece
3f54
93c8
ea90
970f
c5e7
b93e
be61
daef
ccb8
6a82
ddff
5ad1
b684
3cc4
9af0
f76c
8e13
477d
67ca
94e4
63f5
3f18
df7c
5e34
d10f
eb1a
a316
2428
93a0
fc86
2a35
4a03
af59
3a8a
3279
0dba
1380
a1d5
1726
e4b4
54b0
d4f0
11a6
ef15
56b0
c74e
9ef6
394a
ebef
1487
92e2
682a
5700
1c8a
90ba
e3e3
6e50
29c7
b1e5
f6ec
6b88
07ff
9279
1b98
cb4a
a394
e9a1
0d7c
90bb
0d9b
0295
43b7
ee63
0c51
37c2
5b80
e45c
176a
2cd6
96c6
454b
e3c3
2739
f979
2e9e
33af
b8f1
255d
50f1
c314
3b7c
1ed5
68dc
c8c3
b059
d4b7
c83c
3b2c
35b5
2718
bea8
535c
6931
0748
226a
0029
ce22
cebb
d503
b8c6
5c9a
5293
f729
e16a
6529
c009
0c56
995c
b8db
17f8
255e
12a9
5527
71ad
3ccb
f7f5
4cf0
a88a
2a39
043a
b5d4
6cf6
dac7
1a98
573a
018b
a755
496f
de2e
6f4c
586e
516f
dee2
3b3e
700c
0610
f942
902f
2e20
5297
c5d1
d562
0028
9d69
a175
edd3
c8fd
ea5a
f57e
6dbb
665b
acff
5825
9f48
01c2
b291
e11a
3810
ee9b
46b8
326a
6607
07df
459d
d733
dc76
e914
eb7a
a498
0466
a31b
59cc
9b0d
f469
ce65
b07c
4165
3185
ae6e
1e97
4367
3ef9
a210
2abe
31c5
5371
01da
f709
6b29
4450
0d88
d8fa
4f8a
f5bc
a228
f59c
55b3
f416
901c
19af
723c
4918
1b03
5f79
483f
ffb0
1504
354a
4fd0
9a35
3f50
f3e8
250c
3cf8
091a
b153
eb28
9e84
2b9d
6888
4406
e69c
136c
d2e4
0975
d217
36e9
c88e
6ae8
2550
9ca6
8f49
7284
bf9b
d4d1
bcd2
62a2
2306
0103
0d48
d60a
1a4e
ed7a
bab4
2415
e2ef
41ad
ec82
01e8
423b
f3fe
6b6a
4383
4b35
6895
e664
1273
2c9a
27f7
685a
cf3d
cfee
604e
44f5
bba8
1023
389f
de24
f0e2
115f
f86c
3a4d
8e2c
f0f1
da94
1927
3f94
9e59
b138
2609
36ed
1452
6f3c
ffe0
ac34
2aec
1784
14d5
0a90
652a
aa8f
9dab
b050
c53f
156a
19e7
c265
fd85
fbde
f532
45ef
f97a
3b87
b329
075d
4aac
b5c0
f7eb
1922
b760
3b28
9f01
66da
f8ae
da3e
a7b7
f079
24d1
a293
d35e
4d6b
21ae
bc5a
b1e0
5d31
ceee
b629
7330
d40a
a98b
f730
f0e0
6255
abb9
a1cd
a23a
5d25
f456
af81
159e
08ab
ba84
17bd
db31
c3b9
0265
cfff
bffc
577c
b0b1
cd73
e5c4
cbd9
bd5a
3e78
d89b
a6ba
096c
a9b7
df2c
57f8
e1db
1e87
035f
ac89
2258
5207
a247
3a72
2bd3
547a
a4c9
d33c
2cc3
91e0
35ee
527a
f53e
f0df
ccf6
8df8
b7ba
6e8f
549f
ca34
6ad8
e186
d15d
b002
5c87
7033
d83d
2ede
da0e
a4fe
e747
0be2
a925
4954
ff64
c2ce
155f
4391
d849
2e6b
ef61
6aea
3e6c
dee7
90e4
244b
ba64
a8e2
637a
732f
cafc
d254
b2d1
f640
544a
2e6d
4fcb
c172
3518
606d
cda4
2bed
e91d
cfab
6c33
dd20
a5a7
e655
f3f2
3a1c
67a8
490c
6349
fa41
3287
d402
9cd6
e102
2d99
cc13
5344
42fe
b982
d907
4af3
c501
d934
dbd8
455c
9556
9dce
1213
e84c
1e9e
ca32
5e5d
3c1f
9c69
4169
6c30
65ef
3641
a947
1187
ce4a
6c55
321b
1985
2cf2
f1b6
e2ae
6468
d947
965a
e927
42e4
2235
6a7b
a546
5ed1
e1c9
fa03
ef86
a7a2
c5e5
37d1
921b
aba6
929d
5257
1b08
b3f4
3dec
6b8c
641f
611f
8e9a
1482
c7ee
0ee5
d613
b035
f336
fedf
70d7
9692
d230
5113
24cb
4b44
24ee
3bcc
fe5f
bc02
476c
0fa0
acf2
463f
69a8
dc8f
d06d
9fa5
25e6
69be
ac23
fc95
a370
94aa
25e6
54b6
da94
5693
a7c6
c3a1
5c87
01f6
18ed
9590
aa62
99a8
5d4f
abdc
5090
ddae
4541
e0e8
ca7a
a262
cd7a
f96e
4927
f50f
6c9e
0998
928d
ec80
2b85
c2c8
2dc3
00da
92bc
3f36
0de9
9fcf
fa4a
cefe
577a
ce73
65c3
0aa1
d75d
483d
2d7b
ec2d
1ddd
402f
50ff
48e6
b311
4ba9
9a50
baec
1c52
a73a
17d0
d3c2
efc0
d56a
9cf9
002d
6acf
19c1
d1ee
6918
e67b
2d82
1ee6
6859
5f86
aee7
a08c
4757
5d4c
fe62
2bf3
9ce2
bf72
af38
174f
ba51
9a97
d26e
28d4
11f0
d900
4cd5
cc74
c8d5
0dd0
fafb
f38d
b0b2
0112
c87b
e729
35d0
64a6
3f19
ea42
156f
38cb
ec3d
dfcd
abf6
366f
4dfd
d5be
4151
1964
4173
eb93
390a
eaec
a141
0ba7
f57a
c711
5a57
e503
95d1
e4d8
ee9c
5352
44ee
bae0
4e1c
c5ed
db95
9e80
998f
29ab
6189
fe64
4f47
43ae
25f1
6e2e
459f
cc20
4296
2c63
e8da
9e7f
be31
447b
c60e
72b4
2cb2
fac1
103a
198b
6c0b
b211
cb90
304a
c411
558b
dca4
b678
97c6
1606
4af1
cbe2
6033
3b61
9aed
10bc
0f8a
bb6e
d9e1
f663
97e1
af50
b297
e42d
38fd
4c54
b253
3a0a
2755
5a03
6c02
a97a
9f64
450e
b22b
b9a2
5805
6522
d62d
4ed5
52ae
1848
0f3a
1179
d238
1b63
c4ec
b5bb
ebf2
2f69
1bfa
6b1b
21be
ad5c
b1f2
a23f
b8d9
1691
4df0
5abf
e8f9
0d7f
473d
d4b4
160b
b4e9
fa98
b4ae
f758
e83a
f0a0
c4f4
ac26
cc51
c400
35fb
31fd
1377
a1d9
0f44
9f0f
90fe
de0a
c439
15ce
62c2
32a7
3d99
67e2
1ee5
11e9
1778
5447
e638
440b
2314
d2fa
8ff5
bd2b
2e13
125c
cc11
f0dd
2521
aa15
f066
ecca
09d1
050c
e186
3c88
9c4b
94fe
eda1
5b65
ccc1
b481
62a8
b390
e32a
34c3
c8eb
c1c2
e86c
4235
5eb0
9403
b2d8
69a9
1561
0bd8
483d
95f8
8ffe
6bb5
4bb3
38ff
b0ad
fa9c
64c0
63e6
8eef
3a2c
8e3e
6f94
ecdf
6d18
e188
d05a
d5ad
3526
bacf
53e0
14de
6c44
7039
b778
6902
9787
9339
6643
6a88
aeba
f2bc
fea4
5302
1d79
3f42
fc91
2232
363d
36ce
8d34
a3d2
e097
9ae7
e50b
e68f
60d2
0f74
2f8b
5935
f2ab
8d41
ce8b
4861
5c95
ddca
d089
61ce
ddb0
2314
cd63
a35d
0049
6182
1b56
bcea
2a08
3dd4
d6b4
0da4
29ec
b1bf
6aed
f4c5
6e83
b87b
fc43
b304
8f26
c39c
e9b2
f022
590c
1f42
f0e5
706e
1a51
d725
2c14
ff02
57d1
5b5a
e170
0e5d
ca09
1d2d
716f
4ca0
e139
a2c7
6b85
e690
d065
d5af
fdae
693b
701d
d107
ddc8
02b8
8eb1
b516
6477
9396
a411
edb8
3553
cac0
d34c
d32f
55d8
c0e5
0e60
732e
34a3
da4c
3d29
6894
e2dd
2fed
9e45
5b13
a2fb
e2b9
09cb
c988
2264
0c8a
320a
de65
0a9a
47ed
4795
315c
09a9
27eb
a0d2
f964
52f9
18bc
65c3
c935
a2fe
1d2c
a1c1
4101
c7f5
08ee
47bd
425c
ff13
6da2
ff74
cd09
d27b
3822
f183
ed4a
9186
d323
5308
45ed
38cb
9222
9306
d490
fa1d
5e67
e56b
cf47
1065
5f8b
36fb
522c
b6c8
a9c1
0a27
2d79
68d3
e267
dca6
03a7
2a9c
0f36
3362
e46d
5373
b6f6
d596
3f0e
da24
26be
cf1c
b7e9
d217
5929
f6fd
c0bd
d6dc
8d71
3af0
c0cc
168f
9297
4d11
b7fd
8de7
d232
60e1
c94f
00cd
eaa0
d099
6276
4295
3c58
0604
4ad9
f66c
f7fb
fe91
c363
619b
c86b
ba75
c4f6
491e
3ddf
ef35
8ffb
6d9b
ab56
50f7
40e8
64ee
3efd
d926
c23c
e3d2
bb98
3297
4b3a
21bd
b7ae
956b
1286
f766
bad0
e19c
098e
1ea0
fa9e
6c9b
9774
2473
5e5c
c34e
be0a
3c6b
fcdc
7165
1489
618f
8f9e
b069
2a7d
ecc1
4d67
ef9e
3113
0f3e
a86e
3237
2f8c
a777
0e44
da23
f685
ee34
a4f1
b136
a0ce
b924
5133
9274
f03f
4555
a3e7
c144
3467
21ff
0e85
b459
43dc
ad62
abdc
43f9
e1df
d4d4
cd02
d7ad
db46
2d3e
c429
d7c2
3fa3
5f30
19ff
a506
0995
1d70
d529
4b92
40fd
115a
ae37
2d7a
5b16
c66d
69ae
3e82
d1ff
1aea
d3bb
a3b8
4aae
2633
1a44
ad8f
e3c0
56c6
b26d
97d7
b8d8
c671
4159
2221
90cd
90c9
0f6a
1eb6
a9b3
1973
c42e
da62
eaff
a793
6ab2
6d27
f354
c81f
69a8
4947
33a9
f734
eb66
405c
0485
24ff
0f40
30e3
a27c
e3ce
b34d
c492
bb12
00c4
912e
6ae5
045e
98ea
29f2
cac1
a567
4c1a
ba66
a4f0
99ea
34a8
23c6
8eb1
bfd5
2f28
afdb
11af
bdea
f44e
54a7
d285
2ad9
f1c8
a2f5
dfe4
4ea1
6cfd
4f81
b22e
dc68
4c4e
0c6b
3fa2
4000
9d2f
dbb1
fb2b
6694
5bc0
ee44
a2d8
ea02
0846
5d2c
d0be
d3f7
1d4d
0132
b9ee
ae26
fd95
405f
403e
6d9f
e4fb
e71d
8d39
4c03
21c8
3e30
f93b
60cf
9383
a75d
e36f
a069
a10d
0f68
be99
1d27
62ee
4a9f
c60a
a176
67b9
71ee
e316
f6f1
ae4a
306d
edfe
45d0
11cf
96a9
d9fa
4719
2b57
1e89
27be
1833
2084
1bbf
07b4
3b62
e1ef
fa4c
e94b
bd01
d6f7
997b
d7ce
e6cb
a252
bf98
c64c
c136
dd7e
ae2f
3556
dbc0
a8ff
1591
b631
9a2e
b26d
ed91
2c95
209a
8e01
4392
da25
2968
9455
e788
9152
48e2
b7e1
2837
cca3
abfd
6323
15e5
5a00
d371
4bfe
65c3
e7da
5d1c
da01
d797
7237
683b
c17a
4db0
dbb4
6e6a
5098
5d4a
10f9
d093
ba50
066c
2784
37b5
b40f
0845
f148
bcc7
0c34
cc5f
0814
bae8
5c25
dab3
196c
a8e5
1df4
cb7b
692f
e79d
18bf
be87
5348
461e
c565
5eb4
960e
3a31
f64b
4d4a
f80c
9bea
c0ff
71e7
d9cc
b1bd
4676
9730
9c1b
d15a
97b9
7235
2c09
0483
464f
2570
b4b9
bf68
54b7
da70
f3f0
e6eb
98ca
2f22
093c
2895
cce8
ea8e
b930
ed7f
235d
6674
25a9
05cc
ecbb
a51f
fab8
b08a
12ef
350c
66df
d132
e83f
b6f4
5713
4aaa
3f59
9a01
0d11
c2f3
a861
40e2
bd8d
0030
0603
bdf1
fe38
98f9
8cd2
57a0
ec8d
5dde
ff26
f021
d0fb
9fa0
d428
18fe
3c8b
0968
3b80
b126
132e
5826
bf05
c142
393d
47e5
c5f4
d932
1e5c
e899
1c92
ff2d
3f0c
4fb1
53d3
19b2
19f0
f466
932a
d1bc
9b7b
f1ab
5085
164d
2871
b81f
c928
b263
4ef4
cd63
0e5c
ad52
a95f
dce2
d8ea
d892
1741
d59b
3dea
a1b2
d7a2
26fb
17b7
a857
f20e
d40c
1e62
aaba
274c
f7ab
cc23
3902
b819
afe1
9057
533e
fe3e
03da
a73e
a5a2
d9b4
03bd
2e48
ffd5
4c64
e3c1
9346
eefc
a063
d701
6fc7
5255
c348
e36c
f024
3ccb
9483
95b4
a7c9
1d91
ec50
5064
ce40
fd86
2fa4
0a6a
d5cb
aff3
095b
ad8e
6536
0931
b51a
32d6
a4a9
3e96
f629
ab5e
9560
71ac
cc04
6832
006c
00b2
a1c9
67d7
35a8
0451
a883
b547
f05f
e044
0d65
9e65
9619
028f
935f
9a86
e383
9b09
e59d
c480
b811
ea0a
a86e
dd5c
f0ff
4c08
63b7
d3d8
d03a
0f53
ac76
dd60
9910
e423
a71a
0e3e
209f
7039
b9c3
bc8b
6715
5403
1abd
4ea8
bd1d
562c
54a0
c5f8
01ee
6304
2946
24fc
0dc5
cabe
6e39
f3e8
d48f
34aa
18d0
dba7
d2cc
be39
9ee3
1cf7
0150
c2e9
9981
9128
36f3
b82d
ca3d
900e
af82
5645
c493
6897
b2ab
c727
54b8
ef17
ca82
2c6c
989b
59fe
4eb2
a092
44cd
6a40
fe2c
0fb4
296d
ca41
227b
fa36
ea3d
5ccd
44a3
6421
4d90
9670
188b
2d89
25fb
cb76
eede
95cc
a27b
0df1
12fd
bb2a
f411
f991
8f6a
ada4
1ca3
718b
22a6
a880
4a0f
f03a
a016
1700
c158
ecd4
d623
20ea
f01c
a4c3
be7e
001a
42a0
8f0c
19e7
a780
17f9
4d99
c172
fef7
3f24
b541
aff4
5d52
2cd8
3681
4f3f
0915
fd54
0cf6
3200
e6df
a2bb
ac0b
6d2f
98b8
30c1
6639
aa96
3335
d27d
c366
513e
5e50
dcc3
1e90
b557
42c2
57d6
d639
233e
56b9
9059
51f5
109d
ec31
0536
4aa9
332d
004b
fd28
5bfc
c255
a2da
2928
2e97
0fc1
c94a
d0fd
1af7
cbb1
ffea
d950
0268
c1a6
ba6f
35e9
e5ac
c263
5294
e95a
a780
2fef
cd4f
0f08
1c7f
6a93
b8d5
ce46
6395
324b
f454
3617
ec0b
eb47
b0d7
0514
c952
1ec7
e8a4
517f
3e85
aee3
14fd
313f
0354
a70e
00c0
f08a
d7db
1304
d7a7
c313
365a
bdf6
4656
6e65
f276
47f9
b398
447f
6a8d
03ec
c7b8
b1db
5ffd
d795
ff4f
f0aa
f113
3d1d
6442
1f83
6952
b8ae
0ebb
2abd
3187
3af2
d98f
580e
ab26
ccfa
f8cb
1532
d0d6
5df6
f4e8
a3ec
4982
6b3d
dc98
0c97
1324
457e
afc9
4e9f
330f
94d9
0f6b
9343
ff2e
16e7
1f13
625a
d13e
4f63
f4fe
2676
46f3
339e
4415
1f59
454c
5e3c
5d2d
d859
6cbd
9a17
1ad2
fee6
c1e7
0819
9c00
0c60
51ab
ad48
d7c3
1e36
df96
ec6b
dac8
fc02
e2c9
ae0a
ba9c
9f10
f88c
4f94
a1aa
2492
ed9f
5590
e082
2ccc
e8c2
09aa
3f58
6bca
abe1
06b4
ab47
93d5
3920
6f58
15fb
9d7e
9b06
d546
e48e
8db2
4ef4
f8c3
7235
5881
002e
1d46
d546
d2b2
aacd
0a76
9f9f
f3c2
d6ed
42f0
e4b0
5c80
b878
6332
157e
a882
007f
ca88
3960
22dc
9b42
ed01
5932
eac4
3821
a6ed
5489
008f
671e
0899
3e07
6cc6
34d7
11ce
e14a
969a
f076
ebd6
4a6e
b868
37e7
9575
5904
26b1
ee22
c9fa
b74a
13bb
eb52
37fe
5db8
d0eb
2289
ee32
96a6
1a98
e099
8ff7
f99d
a1ec
1d88
061b
0015
64a7
57a6
314a
11dd
c6f3
8eaf
a85e
d699
ba21
1021
080d
e69c
453e
3542
2b49
009e
96d0
ef6b
ffd0
f3fc
8dd6
231e
c81b
9718
00cd
60e4
9396
8ff8
1437
09e7
906c
a48d
4d81
f517
a976
b0ba
19ac
d887
92ba
1f56
9442
a636
b162
add0
3c43
a255
af0d
f3cb
ad14
38e4
fd2d
5778
9596
51d6
b03e
6210
d7ec
027c
9243
34cb
be0e
5ffc
2546
ce26
c8ea
b415
458d
f1d3
cc9c
6854
45a2
13e2
45af
a87b
27aa
d77c
2b33
6a5d
4098
0f1b
3892
f8b4
cd4d
962a
28d4
ada8
f6a2
266b
5a27
1932
bef7
fa06
269e
b9ce
357e
3cc9
0531
52aa
c095
08b2
5ad0
2f09
46b4
bff9
10c5
d776
249d
0536
1ce9
1b1c
3679
44dc
9b0f
674e
ea72
b3fe
6139
416e
eda6
1705
c0eb
ebfc
e92d
3a87
f045
3ab8
42d5
e5a6
f231
04c6
8d9d
b9be
4ffa
3c1e
9e94
1f14
9195
07e1
b202
516f
1a74
9b8b
208b
5a5c
35d8
a758
2609
1981
1e43
4401
d2f1
deb3
bb4d
f622
eb3b
a02e
c4b3
a86f
0c8f
b7f3
d7d2
490c
108e
0483
6661
f191
5863
11f0
ea31
dc89
5cef
0f08
c6cc
047c
c659
c440
aa8f
2b9e
40c0
d75d
eb1a
4385
908f
d97c
d3ac
0a03
5afa
9623
4ef9
0d29
1433
6948
aa5c
cc8a
c1ce
f8d2
1264
347f
9906
eefb
61c0
f762
492e
a69a
cf8b
363c
1bf6
f2e7
26eb
3e6e
5b95
f242
20db
e4b0
6264
fb8d
eb63
6540
8d41
d94a
4dec
f4d0
dd12
143b
ea0a
d8b8
ca15
d4ed
61b9
69e8
a393
363d
2459
1e2d
945f
cbce
38b3
ff09
924f
061c
5022
572f
5bd7
064c
f864
c519
5457
4516
53c4
c0dc
a35c
2db8
5f30
5ffa
0699
20bd
a6a0
cc3a
08b3
57ba
fc59
155c
9999
6b0e
fe41
b1bb
dae6
0311
acb7
ba1c
5fd2
55d5
a8fb
cd15
1f3d
c8a6
8d49
2e5c
b94a
d7ac
ce38
afe9
ac10
ae31
6bb5
3444
6564
107b
d911
b292
fc2a
fe7b
3fed
068d
b9b2
4863
aee2
06a9
9697
e1dc
2799
acc3
05bb
08f3
5e50
f850
9edb
ae6d
cc4d
44e0
c794
1936
9edd
bb60
1b73
a36a
31a9
f446
cd37
5625
27e5
9b97
2736
ba82
60d3
b039
1ae2
c4a7
65df
d78f
14a7
aaa4
fb3f
1913
3e5e
0d26
2ee8
52bb
d197
db2d
939e
0c80
6ca3
3665
717d
f57c
3904
b1f2
ee08
2116
f48d
93a7
d5cd
2891
e7da
f41d
5210
cadf
1ab6
4faa
46c4
c3ce
9893
cc95
b572
9330
d2ed
04cb
22a2
e3de
bbde
0ff8
3a25
2cea
523f
c999
00b2
fd56
d6e5
2af3
abbb
464e
953e
e63d
18ba
ee93
23df
95be
5497
9eb2
cf19
d065
8f86
a277
5112
3f8c
36d5
2b9d
9dfa
d19d
8e51
9abf
9588
baa3
99c5
90b2
c53b
44db
99c7
6fa3
244e
5483
2506
3fca
d21a
c817
25e2
0e8d
014e
b5a4
c1f1
0b75
eb3f
6a8f
0c2b
f044
67d1
a1e9
cb6c
dc9c
5172
3d61
d302
55d6
9b37
fe7f
23a3
d4bb
9cbd
c80d
fc43
d618
ec92
a242
9018
5700
9ecd
d045
25cb
4f5f
d6d2
2309
f994
988e
eae3
93ae
6af2
3c68
daf9
c2e3
e909
d5a5
e23b
6078
ea01
379e
b0ef
07c3
fe8e
1505
2972
532d
c1c9
e4b5
99fa
1c9c
642a
e816
6cb0
168d
bd79
06ce
2044
264f
1fce
b87d
bccc
c46f
35ae
ffda
2775
44f9
0ec3
f95a
e98a
085b
af44
41ff
5f19
47f7
4a2a
4be4
b546
723b
2437
edc8
5966
12f9
71ba
3a13
e17a
37e2
3504
d4ea
5883
ad3c
e0f6
1f66
fb32
290c
7296
9ec6
3baa
4922
cdd2
c797
f27d
e78c
01cd
bd8d
fe92
480e
5837
266c
cf30
55fe
edda
c236
abd0
6a5e
a113
06db
bb62
54d9
b99f
367c
b2d8
64f0
25a1
ec72
6a8d
058b
e54b
b23d
32f0
1632
c028
c665
bf94
ff0b
97b3
cf72
3684
1bee
4967
3868
91b5
1007
f1d0
e00b
7171
242a
c6a6
0792
a2bf
3882
dce6
b3b7
b239
9050
4006
34b1
fc8d
d34c
e707
587e
a8c0
939d
be81
04c4
8e93
a4d3
2d96
f409
675d
5ea3
cc7f
e3d4
6058
1243
e1fc
4536
61ce
27f9
c201
498e
edb1
2da1
fcdb
6592
9c8f
b0b3
b9a1
bfb8
c30b
b005
2c72
bf11
c30d
ba48
e8a9
69a8
e14f
d160
9c9c
de06
c24d
3c94
a686
ade8
ccf8
cf2a
4fc9
431c
121e
cf4b
d645
153f
3743
e54c
0234
5966
2283
0831
9d36
b55b
bb1c
1c5f
a5b6
937c
dfd3
326c
2c86
436e
2d37
1a1a
fcd0
bcd7
0fcb
1f7a
a950
0f02
a353
0ad9
b16b
a839
a6dc
5eb3
1699
c670
9d44
0856
ae2a
4024
ff1b
342c
e7fa
2e9d
2a89
0e26
4fa8
1300
11ff
d3c3
636a
03f3
e70d
0998
ae44
c9e3
d376
037e
2d0b
cef9
ac15
0da5
51b5
ed29
fa6b
cf6f
4727
a89b
b439
7330
29fb
0b12
43fe
727a
b8c8
4323
dba3
3546
2fd8
72d0
a694
8d4b
3916
0fd9
2bfa
3a69
fe81
def2
3e4b
e462
1c27
5aa3
b14c
8edb
c7f5
4489
0f65
66cb
0b08
ca0a
3d42
244c
49e2
26b5
f4ee
cca4
999d
d3c0
9776
efe1
c0d4
2eeb
bf88
9f91
4e0e
9aa2
39d2
62f0
a57c
0dbf
f4e1
44d2
1c73
ccea
8d24
fc0e
5acd
5d65
a9ac
5319
94bc
a215
6b6a
e5f5
9d1d
f931
976f
9093
0e3a
bd77
1c16
d9ea
ab53
6f9a
c663
9b15
cd0c
c6cb
d1d7
dec0
464f
9a94
de7c
a4b5
6f18
adf9
fb2b
fb67
40c8
cb81
36c8
92df
626a
a39a
fb95
b4c3
e1bb
20b8
ada1
cf69
2948
4f61
1567
054c
a60f
ae91
6990
8d69
fc69
3b0f
bd2d
f6af
fe67
c8cc
5743
61f4
3972
8ecb
1db4
c248
ca5c
b727
10af
f3b9
b966
63ad
c3eb
4038
927e
b713
4977
0864
21aa
ef9e
f12c
a9b2
b433
6089
f63d
f9a7
2652
900f
0788
58c7
ecf3
ebdd
f53e
51d0
1958
38fd
3243
9885
6dd4
2f82
1276
9736
6053
f8fc
5ebc
ed34
11cf
5ab6
f6fa
b62b
eebc
e4ba
3530
4e81
8f6a
fece
ca61
b2b0
262d
4d4f
0a3b
b974
39e5
04ea
4630
6b12
ed6b
d64d
cdcb
2c00
6cb8
cea7
f74f
1196
6895
c5be
6a5b
0589
349e
40d2
b2ba
6d61
6db2
545d
4f1b
d7f9
511d
5978
ca36
b41f
3b35
11e9
a5a8
e8d9
d94b
2506
eda9
2241
44fa
2fb5
1b14
5da6
c5e4
01be
3b02
c06b
bd94
2a75
40a8
5904
f418
31d5
b430
d552
1e71
aee0
68fc
aa43
3fc4
d636
35a9
ea0f
390d
5c3c
1627
b292
67ec
077c
c3f7
eae7
32f0
644a
5dad
ad20
55a8
14c6
eb31
f7ca
43e0
4f6f
2461
9a46
4711
92bc
e624
f323
0168
c7c6
ed5a
4231
cb4d
482c
8fb3
adb4
61fc
f92e
9882
1972
f5dd
a137
dcf9
1a5d
1d6c
5924
fe46
a4ef
a6f7
ecd5
b780
60fc
bdaa
e384
02da
d8ed
25ec
1840
653a
4c7b
17b9
f3b9
1a71
1c5b
caea
b5d1
0461
d398
e58f
8d30
29db
9a2b
3640
bcb7
b2c4
172b
6f64
ee0c
5517
9b0d
01ff
29e1
e34a
aaa2
905a
e5e8
37ed
7105
f77e
d0c0
dcac
a1fc
f482
1d4a
1c79
8fbf
1ed0
262c
0077
667f
c841
5114
b4f1
c928
bc03
58c6
43a0
f498
e3e6
8fc7
2e87
6b1e
402b
c281
c9be
ee37
eabe
c255
4330
41ea
2f92
8df2
6029
da93
9371
1fa9
36be
2763
e6de
5336
def1
08d0
612b
3481
a29d
3fda
5c8c
4af8
faa6
4ae9
9e3a
c760
5486
9657
e883
530d
f386
a04d
f694
3580
d5b3
5da9
658e
b375
a252
d1c6
f8de
b0fa
c476
63d4
3182
1691
2fe9
8d6e
ae55
2c2e
3187
5153
13b6
0d31
e86b
48ef
511b
f4d9
e356
986b
434b
27df
f1fe
0114
5b3f
5703
b610
5069
023e
a541
d491
2b12
5aa5
a5c4
1943
290a
cc6f
3b21
a49c
c406
8ceb
00a1
c97f
9eca
57c1
ba93
0f83
cb59
1677
238d
33fa
d0f0
97b1
5250
6c1f
58fc
9fd6
41b2
fcc6
1e71
19bd
0812
2856
1acd
11b4
adb6
5414
3a67
6afd
4337
1303
601d
238b
d441
b53d
1808
366a
4aaf
ce88
5c9e
11f7
3366
46fe
635d
cf9e
e73a
5c26
4d10
e8c3
f87a
3207
9aea
e16e
bc51
0455
3eb1
aabd
7024
f86c
3ee7
ddff
fd44
6b1a
2bd6
92b7
c240
c889
69bb
3e1b
2928
9cda
45ff
b6a9
af15
54fb
8df7
9b62
60a1
c6c3
3f35
2436
a6a9
43f3
bc96
2d06
e48d
0a50
66ce
c884
d22d
d033
e20e
11a7
452d
5a92
9ae7
2295
154a
1741
4395
64e1
3932
b458
68c0
5424
d1d8
a8f8
4680
6dc0
aa2d
22df
8f12
94fb
41b4
48b5
dd4a
f403
4064
526a
cc6a
417f
bb16
f3de
326f
2acf
0087
2723
9872
cf38
bea2
9fa6
bca7
52f3
5b4d
07a1
fc68
f784
69c3
6590
beae
a2b0
9955
df35
ed01
c5de
60d1
4dae
3853
fc4a
590c
6691
5951
c905
53ea
dd87
a934
3821
472a
7027
fb9d
c6a3
9bdf
ec00
11d7
ff31
b24f
e268
6048
f69f
02d1
f987
e570
9ac6
c19b
0000
1374
faf7
e0a4
45ec
2cdf
669f
9332
383c
9af2
cfd8
6019
3f71
2554
e8e4
9849
c8c4
fb98
ee35
f65b
93c9
1ea9
f4b4
90ac
6531
ba5a
b3e0
3ac6
dd22
19b3
8e2e
f034
9286
bd16
b9aa
6c80
d27a
4e29
edbe
536f
2581
8e70
a684
9406
a1a4
bf90
41cc
35d7
c52f
e6c1
52d3
9d77
0eef
a74e
71d4
f28e
5fad
b00d
70f7
9a77
9a61
4a79
3fba
c5ed
c5ad
f9b3
6634
1d01
4c9d
5494
abc8
1228
7030
a2d7
f2fe
3d05
70cc
a863
e9fc
3a48
15ad
573d
a456
09cb
1928
4868
4fa1
fa0c
1809
8e9d
2b8d
905d
21e3
015c
689d
b260
e539
5252
033f
487d
01b6
2a06
57e8
996f
57bf
b609
3ad2
0f2b
d982
69a3
4eaa
ce98
bb80
df83
d952
b19c
64c7
594e
565d
f5cc
42b9
dfd4
5314
5da4
08d3
fa84
0789
c3aa
a1f8
e5f2
4173
29e0
4e89
f4d2
a96f
0536
95e7
f013
bb35
4f50
aa82
fa28
e589
4f93
0e33
fa3b
162a
c24a
04ed
dd73
a5e6
4329
dfee
cd10
8cef
958f
c6d4
d8ba
2de1
e1b1
4451
1415
dd92
b111
8d1e
e512
ea82
e0a4
45ac
a2d2
a747
c298
032a
340c
5d00
ca57
aa3f
021f
d1d4
6fa0
95fc
b8c9
3a6b
e5d2
0e57
48ae
2672
17dc
29e4
9b9b
a356
18c7
e18d
7236
49e1
6242
b662
1cbd
933a
362d
9688
281b
bdbb
1502
cc63
91f7
2abf
f42c
33a9
99c5
06f5
994e
adf2
4187
c17d
a24e
ad7a
ad63
4f37
14b9
435b
c811
1d1c
5be8
07d3
556a
bf0a
6b94
9f2a
3c28
bb47
a7bc
0d99
d5d8
c012
f1f9
7087
1e91
ccfe
6ff3
cd1f
329b
c979
3f33
212c
10c0
f688
c4c1
1936
563f
9404
359b
5788
1aee
c858
ddc8
3953
e151
8eaa
a51d
ce8b
e763
e0be
4699
bfdb
eb56
4865
439b
bc16
e0af
b0d1
a190
0c7c
d66a
0327
1441
1877
658d
c2dd
5bb7
98a0
93ce
a5dd
211b
06fb
b228
aee1
06c8
69c0
b6e7
c881
a896
15cc
6253
c3a4
f9a5
5de9
2ffd
0684
2018
352f
34a4
fc8a
cda7
bc4e
6072
9a39
da76
2bc9
170e
f09d
a4d1
acf3
2d47
fc3e
db09
e327
ef92
2a2d
1742
9d0b
b116
9d0f
94c6
3f97
50dc
ecb0
6c05
53c5
5308
e166
68ae
395a
de4b
5996
8dc0
107e
04a6
9fa6
537c
cdb5
e383
fa47
4905
15e0
0ebc
e04b
cd3e
faf6
c7b9
db06
f243
4f24
6330
4bf8
05ec
30be
da09
f699
657c
de95
b4a8
f992
2328
a9f4
a8ef
d2c6
5deb
283a
bff0
17d8
24eb
0550
3bc3
9281
b8d6
6b73
ff7b
9e6f
d3ce
8d36
124c
7314
14c2
195c
d84f
c36a
01e1
5c1c
8f0d
100c
ef88
1beb
4e53
f443
bef5
e392
af7d
a05d
e367
1cf6
c95c
5fc5
2b88
2aed
2c2b
8d31
481d
6037
9146
16a5
28af
ba04
4dec
1cfe
c0a8
6ba3
be8a
2925
f9fc
3371
a354
6843
bbeb
bf94
0c73
dd61
f2ab
955a
c2eb
3f05
5cab
c298
3efa
9379
971c
e75a
aee2
b315
1d5a
5285
4046
da54
5672
4ea5
0594
fa71
9a46
af7c
a07b
062b
28b2
1b5e
55e9
2490
4bf6
ad28
b45a
6066
de86
becc
5ef0
6c4f
1fbe
e646
2b67
9063
ae25
e1c1
4c8b
d2ea
9a23
e410
c463
99b8
e8b6
ddc5
35e0
9b5e
e423
dbb3
21d4
5960
adbf
48dd
1948
938a
3d7d
08af
451a
eb01
2621
ba9b
b901
db33
047b
31e3
266e
4a09
ef0b
5f0b
a5f4
b7ef
2a54
c745
b2b9
590c
9c90
713b
538a
54d8
1da8
c09c
44ae
9933
12eb
f1fc
39b1
9248
e5eb
fab9
afe8
ec5a
5e92
f8c6
c6d0
0773
9ad2
d09a
4159
20b2
9254
1019
bee1
6d9c
415c
aa46
e5a1
fdb0
b6d2
2f11
4ea7
8dd5
ab7f
ce1d
6f89
ea01
b407
a8aa
5c78
477a
1b7c
0925
3fdb
d61a
2039
3691
116e
b3ae
6ff3
47b3
fdd7
1ba4
3beb
f675
3717
3ee1
f68e
b810
1686
0c82
001d
9a4d
3ff3
08eb
f006
488d
ba2a
cb66
2031
e6ac
d2a1
c777
fcb6
3f7b
4658
42f2
58da
987e
6f19
ef0f
b944
6c4a
4aeb
6301
0556
3914
047c
0917
6806
36ea
0f63
e749
b2aa
a778
d1d8
2c6c
b8f0
ab17
9eb8
4fc6
c45f
bb14
e6da
1dd5
13e0
619c
29ed
0e47
30c0
25b9
3da0
10b0
46cc
5c2c
2d44
df32
cd4f
1f9b
1e48
9250
38ef
bfec
995c
b019
241f
0550
4fef
a549
4beb
22c5
be52
3695
379a
a5b0
ca31
1ffe
e47c
3d1c
084e
5240
a662
35db
f7da
0478
ce3f
cacb
b888
e2d2
c3dd
b884
6a65
f3e2
290a
e301
1014
ffd1
19f6
3351
25c3
3c63
ae83
a278
dae2
fbd0
c081
3ef3
3296
5f49
34c0
a57d
2603
ebbd
c89e
177d
d26d
071c
1181
06b2
8f44
dd27
42ec
dcba
0229
dcaa
bab5
bad3
3956
1d7b
638b
edcd
1f77
f8c0
f9ff
5194
f579
62a6
1bc4
a07c
9c77
6f1f
e8d0
1426
f03d
b16a
a9bb
bdcf
1845
0ab9
d882
96fb
d775
e892
3b14
36b7
bfd0
c142
1d77
22f8
0e14
a69a
cea2
941c
3c45
469e
60e0
a10f
5d97
6067
72ab
4006
c950
c9c2
2b5d
2969
24f0
de29
0490
d244
164d
3ec2
2dc7
f073
05b2
3ec3
c274
bfca
fc8b
fea6
9236
12e1
ed0c
1199
5f93
d98d
a5a6
bc62
d36d
53be
0b4e
7210
ce79
9ca3
d232
717e
3802
5fa1
15da
cc3f
68b3
c199
e84c
d066
210d
ed1c
6951
6bb1
a322
62af
44a8
30ec
e063
295e
4793
4c21
4673
d689
b76e
0a16
c760
41a9
9718
eed1
402f
9f5d
2b14
c20a
aa27
d3bd
9142
1df5
d981
71bf
a358
5afb
ff88
a7ec
520c
a663
219b
c54d
f447
10d3
60b1
ce5a
e620
baca
dbf9
a9ca
0b14
0da6
1c6d
c1e0
f06a
9659
9614
d41a
fd80
2c76
3b99
e95f
3ae4
3470
1e85
ad6f
cefc
07ce
4854
e9b9
6b9c
261b
d4ee
0e27
e338
5eeb
97f1
c18b
a30d
466a
b8d4
37f3
0e31
4c14
7208
b057
af75
1f62
952b
4922
e394
e8b7
1099
db9f
d1fa
bc07
326a
3de3
18e8
c32f
2cdf
b12c
5727
f3a2
fa70
bbd6
1a9d
6fc0
1487
2319
cf45
d7e1
ba0b
035d
aee5
1b4c
f802
1ca4
9d19
587c
e407
bc7b
002e
6307
2cc3
db28
d2cf
2529
a143
e0fe
fb16
3c05
d7cd
434f
4121
914a
b8ac
2357
ff17
932c
dfaa
1cfa
7148
bc77
affd
e0c0
0bbb
25e6
dfef
c16f
8e02
b712
a3dc
c495
d71f
9ef2
ea4f
b36c
12bf
e3dd
202d
3fa0
a052
e4ed
6e13
8d56
f689
f8d6
4a95
cfab
3f98
8d4f
fdde
d65f
46ff
e9a4
9ce7
3003
8fda
d9da
ff9e
37b2
d4ee
a4c9
4af0
8f11
55f7
a557
a9c4
b31a
aefb
43ea
47a6
b3d9
a6ba
10b3
2e03
0d9a
932f
3d4e
3159
320e
bc8b
9cff
7292
fae2
3420
a304
0123
00f2
a91c
ddd0
5a31
2bd3
3560
5728
d44b
42cd
a30c
11de
07de
f026
bcff
ef4d
4f52
3527
f251
6bbb
41bb
9700
39c5
3259
9825
6247
f868
c3e6
f412
4ce7
c685
5f67
9bb8
a164
16e2
0242
2783
96d0
c8c3
2ece
dc27
d2fe
49ad
4436
3872
1d67
68b1
91a8
aff9
f6c2
cd79
d064
6ea8
96fe
92c5
6441
b1b0
96b5
f673
57fc
d352
6396
5428
cd69
f120
61a0
a935
9b10
b848
c0c9
b622
941c
3226
b21e
f5b9
a88a
e104
e861
5f26
2f4e
5d93
fd7d
b3d2
eb2e
1595
0981
5b4e
1548
c7ee
6846
b4e0
fa92
5950
305d
0827
2b46
f1ab
e83a
1d74
369b
64ca
4d8a
6a24
a781
70c5
baf4
9f71
2421
27f8
6d2a
3e71
e745
1710
1938
3d27
12af
e5d6
29cf
c41f
dd56
9d4f
48db
9d29
d1a5
6210
0db0
bf00
718f
57b8
9c83
c1dc
20c7
ba9b
0891
b304
27ca
0732
6c27
aba2
0714
d49f
19f6
bba2
6202
f1b3
f048
41f8
5de4
fe9d
3e81
adf7
c6f5
2c77
6252
a7cf
abc4
6d7d
a1d3
96b0
0751
c082
d160
1b29
ddba
7232
c162
5428
5673
f19f
7295
cdf5
a1c9
0f7b
8e86
fa0c
4d99
ed80
bbcd
c7b4
5f57
255f
b1f8
f785
1a67
012f
41af
8e41
cd8f
112f
08f6
a4c8
b52c
3a48
0804
203f
48fa
1350
d523
055b
aad8
cb7d
23be
9646
8d00
592e
6afa
5d73
be72
3aac
f5f8
9d26
43f6
4700
3324
7267
7161
b624
4410
24d3
342d
711a
4d8e
e702
64ca
566f
2f84
64ac
f74e
3122
8dbf
0fcd
3389
e50c
54c4
fc8f
cde7
0b64
5d6e
2a09
67b2
f3ef
2483
1d95
c3e5
3859
9c78
114f
b5d1
b832
6e8d
e565
0485
260b
ff9b
340a
92cd
28b6
d78b
5767
add8
93dd
9ad9
051c
be65
3a55
9999
c2e8
4c16
9752
4244
a68e
4ef8
4171
bf34
e96a
f653
e787
bd6c
c0e9
2bef
afb9
cdc5
9b53
bf0e
9584
2db2
e9fb
e3d1
fcb1
c901
dfd2
14f5
c088
f73d
1143
ac9f
d387
0c08
e940
31c3
c219
f941
49f7
adb2
5afd
f3d9
fb5b
1f50
09a3
4a79
b7ce
aabc
c982
72b1
a395
0704
3efc
4ca1
6963
7215
0c0a
c447
0496
3661
faa0
cb8b
4a35
4bd3
0bab
1766
031e
4101
592e
8d44
6d1f
dc16
e8c2
e184
4f57
368e
b606
ead3
8d6f
45d6
c33e
9fee
250a
bf48
0b4b
b1f2
42d7
6f0b
a592
4ea9
fda6
98a6
04e9
fbd6
5a2e
db3a
3b53
ab49
e650
0911
b6a0
ba5e
c554
37f0
662d
aa19
0b0c
aeb2
994e
95e5
ef9f
eecb
25d4
e6a4
c1bb
a2fe
1065
bee0
e3b2
90d8
c62e
22ca
a92c
252d
530a
551a
b111
f879
5ae8
34f9
546a
e5f1
ffc6
5b08
efa5
2735
eea0
2fec
1a16
f28c
0b4b
169d
5755
28c0
313f
6c45
9c64
b807
d619
66c5
c176
0eff
a7ef
cb2a
cc6b
3007
a5e1
3b35
d2bd
35ca
e142
ef0b
a9cb
a56b
09a4
1f94
a208
aced
9447
b239
c015
2bf0
9bd4
2b2d
ea36
adbd
6f20
00fc
d095
9997
d539
19e9
c56e
0ff4
cceb
970c
ebfe
def7
c574
06ad
e692
67aa
1bee
df52
be2f
260b
60cb
1d49
4be4
2a72
6707
ea9f
3ed5
021e
9835
8fdc
eec0
24db
53b2
9452
65cc
58a5
5614
20df
f851
460a
bc4e
d025
b497
72bb
b915
2e40
f743
9479
9f87
62f0
3857
0a9a
bd10
8e45
3ed1
d4c1
be1e
b481
4725
1bcb
208e
6205
5a45
2994
6a38
c18e
9152
6129
c9b4
6d00
c06c
ccf5
5e56
4809
a33e
1163
b126
9d51
19e4
9ec9
f986
1a62
652b
610f
18c2
00a0
22a6
61e9
711c
946d
6c2e
45da
9e16
4528
2578
5d7b
f647
00c5
4db7
fc44
0613
c51a
d8ee
cf13
9753
1321
4ef2
3e47
c59d
13e3
fdcc
48ef
de3e
953c
593a
273b
b6b4
bc32
e88c
fa8f
d8e7
039c
5a6b
1df1
e1f1
530b
2d18
1598
03ce
a10a
1569
e88f
0b98
a963
41ef
02c1
4c3e
bc74
64ee
1203
9e3e
d515
6f35
1a1d
ed83
5fc6
e00a
38f1
ae81
2d6d
fe07
eea3
c22a
704e
a949
bbb0
e3c2
ab03
644c
5e8d
f1c3
fe40
9b1c
4e30
409f
e76a
fab9
24b7
f812
cbbf
d158
03fd
71f0
fdae
99a9
6513
d34c
95fb
9d75
b43b
1ee9
e196
6025
4391
d6b9
6fff
265c
90d2
f77f
5e89
d0fe
6259
1a94
1322
e116
6946
f004
1ef6
1f95
2109
d350
5409
1591
e64c
d70e
a6ff
1966
411c
ee23
5fc4
a9ba
fd36
20d0
1009
59bd
2a66
4ae3
255a
dc1d
cb9b
dd6f
ead8
4b4b
3099
4b4d
61f3
4887
6a81
67a5
d6c0
e730
1154
2be7
f7de
424d
1e6a
1616
ae4d
b446
d4fc
6a8d
9e5d
6a0a
faba
f13f
4feb
4c5f
abac
47d3
0277
d740
a5c6
1540
4096
58db
6ca8
a92f
e838
9805
1f46
5951
2b25
e65c
3be2
726b
8d10
4b95
d7f9
38ec
c36b
bb4d
4754
3d9b
47b4
3b4a
a2e4
5836
e3ce
bf6a
0f91
dc7d
305a
2cd7
50aa
71b6
4504
ad6a
3c83
0f6a
0e8e
da81
b1d6
b4ac
9a13
465a
3834
5230
2f08
b376
365d
0d54
a5d7
5d56
5cb1
1d76
ed7c
c39f
a34a
4680
6b89
900a
fb3f
a53c
ed3b
1293
efaa
90c6
7065
621a
3ec1
e91e
2ba8
3054
db32
95f2
1c2e
673c
3917
c155
0cdc
e6b5
0ab7
339f
fcf1
5eff
2c43
ddfa
19e2
f5b8
4348
8e85
13b7
9237
6e6f
01bc
cd09
a64f
db87
1ee4
6cf3
a28d
bd3e
cc9c
3d49
9f00
5ade
bf42
323b
3c07
5a90
bc9e
3370
de26
e643
01ea
ab06
df73
657c
b66b
d56a
46cb
c666
b2c5
b8b2
6fe5
ec07
e808
3b37
9b42
b3dd
32a9
d673
2e77
9212
14d1
0a32
ae2d
a829
62a5
0128
984d
af08
27c1
faa6
1680
f663
6209
4aef
6e9f
6532
34b1
98e8
72fd
f9da
9adb
7138
1037
f68e
915d
ef81
b707
3272
8e9e
079c
96e0
317f
685f
96c9
a48e
0398
6f28
eb9a
1aa1
3c48
6297
b596
5eca
1d21
4669
d0e6
0006
bcf2
51b3
bbf0
0b22
ed16
983b
ebc2
4186
06aa
d307
f36c
3f30
26be
a65b
0733
ba95
6e39
36fa
9f77
c5fe
9ece
e212
4a58
9c2f
b2e7
ca6c
1c96
6d5d
4a5b
bb18
3066
0cfe
fe12
5e17
144e
ac6a
b2d0
6138
9f48
ac94
2347
c07d
4b22
eca6
fbf2
aa71
934b
3bba
9dda
204b
08a6
0443
d1d9
3afd
e91a
afa7
99b7
dbb9
18e5
bf90
37cd
a5da
f98a
0875
49f5
a7fa
8d30
07c4
af88
1085
9462
fdda
e6d4
b0cd
f898
fabd
9c71
28c2
5f50
1a23
1d4e
393b
6478
6f29
fe51
6687
df92
3473
64a2
908b
60e4
58b6
bc25
eb33
a920
38f3
3fea
57c4
f283
1df7
4f2d
a251
a842
4937
f2a1
45c7
8cd7
a74e
e1ab
e86c
4ce5
0241
604c
eea7
9c3b
f651
eb7f
0b65
2037
9a60
1b14
ab47
f04a
5a64
aba3
bce6
ee44
9ab8
cec2
9ea7
fab6
10e8
396f
6183
f1a1
1d72
9aa5
fa50
553f
1543
e339
a15d
ffad
6077
9dd4
071d
ef07
3bc7
afa1
b43f
31c4
2976
0413
8ddb
51f1
704b
2694
63d0
3b66
2a6e
ddbb
9f28
9437
f49c
f6ad
e5c7
93b3
babb
ac41
8fbd
1b73
a39a
aefe
a3a3
3cfa
5854
a82c
1aa6
1b93
cd9f
1465
f0a1
a59b
6994
2928
6897
af99
43c5
edb6
62ff
2b15
aeb6
9449
a9bf
3101
8f3b
fafe
0c39
47f2
f3b2
8e11
bf36
97c2
6ecf
1fe4
8d3f
95ae
c0c3
403f
e8bc
013c
55d3
5a24
ef60
3bf0
c2c2
b52a
6dbc
1fd7
243d
570d
9308
ceac
327f
f58c
6609
f49d
aa12
5dd7
8dfb
3b9e
8eb9
f786
bc29
680f
e836
93ef
3fc5
d5be
2021
ea2a
f1d6
c995
426e
f7a4
95ee
6679
ff4a
fcc5
dca0
1f23
e951
397a
56c3
fda2
2326
d0e5
1ce4
1f29
02c2
b1a2
33e9
d674
e63f
50fe
29bb
9fda
0f10
a0d4
2183
e7bb
481d
408d
7321
d1bb
b524
b780
16ca
d9e1
5dbd
9f16
3d03
fda1
1faa
143c
06f9
2db3
0a88
6156
0be8
60b0
4694
5013
5b88
bb79
dbba
5c03
af2e
fdbb
a4f0
aff3
147b
e810
ee6b
01e0
2508
ffd8
db8c
b93a
f7d1
e354
48ad
9054
1038
1b4b
7068
58c9
040c
cf47
8f26
c447
500c
6d09
2e52
17ed
187a
228a
8d37
e20a
d8ab
6e1d
8cf9
3674
ea2e
9bb9
dff7
aa42
9569
2a44
927e
8f8f
eef2
aae3
f397
e123
a45e
2030
227f
2155
5402
8e5d
9332
0556
f82c
7106
df2d
e673
4d58
1c5c
9d2e
9a16
0694
e838
363e
1d81
8ce0
90b1
4e45
b2b9
1009
657d
6b81
4f50
599b
5d53
9e71
524e
ec96
96a2
07a4
a7b1
9f08
f888
d553
57da
d583
4a52
8dee
677f
9952
c95f
928a
69d5
98b6
dd36
25bf
d6fe
8e87
c43b
3177
e3f5
49cb
370f
13d0
a292
6f0d
04c3
c8bf
1788
2fa4
f883
20ad
a5b2
562f
29a3
3ee5
a702
0472
2c5f
0522
a3a9
9ac7
1abb
4467
726b
0fb8
c1ae
ea21
a55f
ec28
4e5f
e6b4
98b9
b307
2718
2c0f
ba6e
4774
cd83
0cd6
d3b2
2c7e
e35b
3c52
fc2e
2051
6229
f11b
0bab
b860
2c91
bdcf
2bc4
6180
65ac
458a
0905
4db1
f645
e3a5
2e9e
bc92
9deb
e122
db49
a892
51b0
26bd
92bf
0941
b03d
0296
3e7f
ebf8
1651
0ab3
11e1
faf5
b349
c478
5ac9
36e2
6f40
9946
d5bd
69d1
f209
180a
1011
ad38
353f
9a3d
08bf
0c21
bb4f
39b2
5b47
6e60
92fb
d429
61e0
9871
cb7a
07b1
3757
c159
d200
b9a0
f2e2
0100
5bfb
3e61
319d
10be
d882
9cf3
c86e
b9a8
c14f
c10d
f000
e484
da75
57d6
bb83
b282
9e50
61e3
b994
10a6
e2e8
0cbe
20d9
4e5a
01ac
d833
b686
189c
ab37
51fa
9335
4f8e
bf51
fd34
351c
4178
e95f
ffe0
939e
dc11
c912
e6ac
d221
b19b
65c6
efb5
1fc0
6253
10b3
aa10
427d
3f48
ea06
0913
eeb2
c078
3c93
3851
21e1
f5c8
f7e4
d190
ca06
5067
52cc
9057
3299
d8d1
609d
c496
da14
38fc
9de0
2fee
283f
d2d9
3105
5cd5
4607
041c
ab51
5a64
fda2
eac7
0b01
be01
da42
3642
0ea0
3c6d
3c5b
3a6c
ae06
229b
fb6f
9b1c
4d32
bf6d
8fc9
210c
b475
9b05
63f0
af03
049f
e16d
971d
d53a
dd8d
fe7d
2fa1
7331
0447
6602
0653
1595
acd8
1051
c8d6
cbf1
f0c4
236c
1b08
d35e
936d
c508
f522
5e59
196d
56fa
15aa
f2e8
d882
6c4e
fafd
df92
5df0
47da
1472
0f39
ff64
a2ff
2b33
e353
90ba
3415
aa98
44a3
c89b
13e8
1013
b58e
f1f4
4981
6cbe
90fd
ae97
1b0f
8d62
3b70
1320
27d4
1ca0
16d0
a466
c2ff
f7b0
d9d8
4137
2862
d490
67ee
213b
4fdc
5d37
ba56
e870
9ada
aedc
1427
03f3
f19b
31fd
ca11
ec4a
64f6
0f75
29cd
3890
f3b9
f00f
f923
5368
e094
58c4
963b
c70e
5b8e
63b5
bca6
bed6
3a94
e015
bc2f
c128
d2e3
4cb8
f5f3
aa15
e267
d742
9e56
4a7c
354d
f127
2e6f
dad7
646a
002e
a66d
fa48
dfc6
94a9
dd60
6dbf
c8a0
339c
b051
b3d0
d11d
902c
fc3b
6c3f
cdab
2721
4f52
653f
92a3
4f83
9f8f
d501
37e8
e1a5
99d3
380b
0d14
f7ff
ec16
1d87
6016
edad
e61b
e009
bab2
4cab
c1d5
0c89
40d2
92bf
00cf
e979
9d92
496f
e9a6
e2ac
27f4
f2fa
e287
0e63
e008
3a70
3b82
3ac2
42e5
0a04
49be
caa9
5f79
e96e
06f6
b31b
94e1
a1f1
8d4e
3e5a
3bd1
ecd2
1907
af5f
4f62
1be5
ddfc
5216
3087
ed2c
e077
bb3b
b513
f4d3
e20b
9af2
d442
ab9e
4599
fafb
b73b
b1ff
4969
0d15
00ac
f405
3855
0b98
a84c
9cce
ca85
6d09
9f9f
08c1
60f7
9e83
b8a3
1be0
8ffd
6235
a58a
9aba
b918
196c
659e
fb2e
0820
f2e3
0860
cadc
2ce9
305e
04cd
52d4
250c
fe80
4ed2
136d
9e50
45b8
4f9f
97e1
3e4d
6ec9
42fc
e879
322a
d01e
2458
0409
2560
ec26
b053
edcf
facc
28fa
ce5a
218f
c2ae
3d08
332c
a7ef
1559
a117
6c15
daf6
9179
00d5
a8e1
22c7
3539
52c6
598a
d419
df3b
6d51
f0c7
ea0b
6200
b7f5
fa07
fca4
37e0
f11f
53af
2739
634b
c92c
47fa
a7b5
4590
5058
ea7b
2e15
6bfc
b769
1b38
97bb
dad1
ad55
0879
17c8
70c1
6b8c
582a
0f8c
58f2
de93
bb19
0600
0731
5e7a
8e20
51eb
18f0
654a
387f
e130
1f0f
e1fc
6120
9157
0ca0
01b0
b89c
ef72
d135
2743
3a52
3e87
e7a9
b8e6
d08d
0801
1a91
43f0
32a0
b4fa
3837
a753
603f
2bb9
a696
4d8c
291b
30d2
fd1b
1820
ef70
0f8e
42c4
bad4
569b
d34e
aecd
1f00
05a0
cff9
1d88
3163
cb9b
a7ad
0260
ce00
d7bc
fe9c
3544
9040
fafb
a941
5162
c8a7
e9e2
97bb
af2a
8d37
dfc1
4795
1175
4e50
b53a
28dc
38a5
dc0f
a723
37cd
04f2
f907
4dab
fe5e
d0c4
393d
caf9
cc75
bce5
a4a0
457b
2e3d
e518
33d6
6a45
f839
fd4d
06b2
ca38
c5f1
fd53
002b
cf74
12f7
3e63
2bad
aeb2
20ce
8d97
e747
f705
4418
5792
3245
3f6b
6371
fc71
cd40
e215
ef8e
d5a5
d2c7
6f35
716e
20ee
4760
32f3
29f5
ae8f
ac4e
58e5
9017
296b
4638
3235
ae13
205f
a941
f74d
23ac
e27b
03f9
66fa
d451
b520
5de6
fc24
ff29
687f
ca81
444e
0ddc
2bc7
f93d
e53e
adfe
7051
3458
f5a6
fe5e
8cdd
93a0
46dd
9771
3e9a
3128
2951
0a41
dcd3
6ce2
5ea2
fa15
b538
c2d9
9008
55c5
e088
fcbc
0618
4389
1a86
9cc4
e3af
f5ed
3248
4171
8dfe
16bb
93a8
4d49
c41b
d98e
c279
54bb
d214
37c8
1a07
5392
ba5e
03f8
4ce0
197b
8fa0
c739
2a79
19b6
5b59
6209
4531
b71d
e282
6b0f
fc46
d9c1
6a71
2df8
2d42
ebcf
a259
6f65
a057
263d
9894
901a
8f18
65ef
f748
1782
ad5d
fd2c
0455
aff9
f654
590d
1153
b7a5
68e7
5a82
6261
40b9
0e23
3f89
1b83
8e1e
a798
a60b
0c69
2d19
6539
5c71
168a
1068
9c8b
3e7c
ca14
6049
bfc5
2d3b
a6ad
fe97
af21
4ef4
1a44
6df4
ad4b
520b
35fc
e604
90ee
365e
a36b
472e
44c5
be81
6b58
437c
1819
3622
f8b3
a232
1f8c
ecb3
6e53
9b66
b1c9
5c3d
fd01
b94d
d4d7
9e62
1eda
60c9
102c
20b6
d043
3005
5fa7
977d
bedd
6499
4644
9cfe
c278
e0f1
d65e
989e
b423
cddc
b016
4b71
04b4
bfd3
501d
3c0e
e5cd
4e9d
1fab
1c72
a4bf
eada
9d42
e92c
9a80
b93e
f5f3
1b35
b67f
9fc9
561a
a008
0fd5
431a
b367
21b6
3522
2fbc
98b8
209f
b101
d260
62cc
98d6
5357
0bcd
9405
3a85
525e
f638
433d
5e92
0fb8
6001
ecdf
47da
40aa
3271
eb99
f8ae
bd0c
ccdf
29fe
d7c8
33ad
1caa
deee
b36c
d679
e0f3
2196
9b0c
545a
1cde
990e
c6bd
af81
12db
0fe7
e0b7
3bda
9b09
4b6c
5984
b7a1
657a
3589
5aa6
4328
9c73
c5b0
50d8
97e2
3033
29c8
f31a
113d
c8d4
14e3
2b55
e5a6
aee9
6684
70c7
9cea
99a0
e05d
6540
e458
c185
6db8
c29d
2a8d
a68a
1e72
ae33
cd04
f15f
3d0f
0cb5
b64b
3aba
1fbb
913c
9beb
a207
c64a
cc8f
28e4
22a2
55b5
48a5
427b
147c
a55f
2b42
d275
414b
e149
abc5
1843
5832
b552
d0a3
c9ba
4109
afdd
f244
e392
3e0d
f20b
c626
9f61
fcbc
c62d
2abd
c41e
0886
1f77
5c50
5d66
26d2
bdfa
9aae
3a1c
dfbe
a89b
4d3c
088a
6773
122c
67f9
0b2e
b46e
6ae5
a17e
b6e3
7241
4030
4e86
f96e
e40c
cb5c
9935
97b5
d85f
c062
266d
b3e2
5e3e
6bc3
fa37
9895
b41e
ca5c
569f
5974
6b6e
c951
b550
05b8
dc24
e888
f508
9ad6
d797
3809
fb15
3d2b
27b5
65a4
2bdb
0db8
b104
6105
7271
4ee8
a257
a679
e0e1
2d2a
4b51
b676
1cdb
b191
a6a2
f950
532f
1d6c
29d4
e763
ca4a
638d
eb97
0317
9d71
9cbc
3b75
6388
1f7e
5c2b
3f1e
aa7e
9c29
65db
b209
1dc2
c31f
0395
fd20
3265
49d9
72ef
bcd9
f168
e36f
9497
c35e
0ab4
56d8
d51a
2e68
6565
b621
a5d1
7018
9854
cd8c
5518
cc42
b53f
40ef
3400
a5a2
006a
5aa7
ee81
bffe
2cc9
c152
5dfd
ed4c
fd30
2cd0
dfa2
65d8
cbae
6b4e
e63e
4095
476b
1be3
47da
14e8
1795
ad37
59f6
b049
013c
d626
cf47
b3e3
0b03
4f61
ff4a
dfb9
6267
aba4
fb77
3c3a
5bae
628f
a69c
0957
bd8a
b59f
543b
e1d6
a53d
bf16
e490
227b
1c9f
61cd
d572
e84c
ce06
a7ab
6a34
a2ef
f9ba
1021
2e20
cb7d
03b4
e61e
a324
a891
e9cf
8d9e
928e
9913
3d26
59b7
5d24
8ead
2386
cecb
9ce7
a4b5
9c2e
0b95
d381
b31d
ae52
4e33
9200
fee8
9d90
ae6e
f801
bc79
1f7e
e41e
418b
2461
6e1c
df10
f398
26c0
ee0c
c3e1
8e58
cc4d
53e9
14a1
8de0
4256
9066
6868
032f
5e06
58ea
58c3
e363
b7a1
ddb7
abbd
4d0b
0fcd
c613
49b9
f6fd
8f4f
b01f
edf9
9eaf
2107
ba44
15af
8ef9
ae2a
d7e5
a101
6f67
c242
5bdb
2af0
69a7
5e93
573e
11eb
6b0d
b677
f572
40c5
fc34
71e9
35b7
bc59
47be
5945
0915
7104
0846
3eed
d775
c3d4
4160
b943
ce38
e1a3
1cb0
dba7
d6be
f2e2
f46e
91a2
d5b8
f903
c30f
fab4
0ff7
4e39
3f4d
c7ee
aa76
8d1a
e8a4
51e0
b1fd
cedd
09f4
159d
0ae1
8d63
3e5f
5c3a
c70b
ab7f
3dda
34ff
4384
6086
96ff
0888
429a
0049
0c03
0f59
8f32
5d25
bd5e
92ab
1ebe
0ddd
aa3d
72ce
e700
ca16
a41e
07f5
b2a7
ae5e
346b
9c35
311c
9cd9
e7a7
a997
6fa9
c33c
e0c6
bd7e
0a1c
614a
fc01
37c9
de91
cddd
a385
6c43
e403
5614
1b94
290f
f628
d833
f9f0
3d5f
5ef2
feea
071c
358f
69d5
245c
50a6
e9e9
b628
2f2a
c544
58e5
9ef1
fa75
f158
537c
6c01
6883
9975
7112
26b3
c6ee
e3ac
598e
5fdb
a8e3
add3
96fc
e78b
dc52
27cb
b20c
446c
1277
a661
5b6f
5081
3a8b
fb55
196e
ba5f
3bdb
2caf
44de
64e3
5998
5b19
efdf
427e
6c30
ca1b
3d1a
c4d1
ce8a
ef57
f2ad
2e43
a4ef
4eb5
ac2b
92b2
e9b2
3f5f
dd14
50b4
25a4
3021
03e6
1498
b28a
5947
eee5
f1ec
291e
597c
383a
f27d
f755
ccef
9a42
654d
a3c2
cb21
6717
11eb
5158
2cf5
977f
af52
a7e2
fbb0
48e6
3245
bc87
ecd5
2db0
5add
5fdf
0111
ecb2
22f5
2573
6d0a
ff8d
08ab
f698
3203
da0a
9505
0cf0
cd9c
3923
b460
4f82
3c1d
e391
b47d
51d5
db87
a4cd
01de
9618
b1da
ab4f
ffc3
d86d
33c4
a5ba
d33a
d19f
38f9
577f
fe52
0e36
4467
5586
3cc3
c879
9d9d
bd66
1b8c
0b43
01ce
9daa
eb77
92d6
2357
c573
2fb4
076e
9949
ace1
5edf
5694
48bf
1065
dfca
69b2
5e55
90ba
a8b2
09eb
2be5
f7e6
b6c0
eda2
bc1e
4616
09ba
eb00
ad71
0354
0f4c
2346
2f5c
9671
e3d8
e285
b415
d70a
96f9
f747
032f
fd83
ad84
a532
3bb6
3957
d139
297a
65b9
4e1c
d0de
ab80
989b
00dc
f637
39dc
3dd4
9ced
6c9d
c83a
e2fe
1193
95a0
310c
b916
6013
c5a6
ec07
c07d
21a9
e3bb
c3e8
4f3d
2ec2
f978
ceae
55c6
ed6d
f807
b90a
4cef
0b7f
2426
ed4c
9145
d20a
9191
93b3
6fc5
a2a2
f4b6
4e0a
eded
c61d
ec30
4a9f
9725
fd6a
b963
9ab0
41ca
9024
ec68
0a7c
b4a2
5c08
eaf6
b6c2
199d
2021
e65a
940e
253e
c395
af58
49f1
00fa
f401
3ab7
f93f
19c4
ea66
5948
0f1b
5cbc
5be3
3b93
0b12
2388
bff8
6090
52e1
4228
92ad
b99f
6001
4734
4fc1
ea03
c7df
5a04
e2bb
d1a9
d21f
581c
b591
4cb6
fad5
c8f8
1368
cd15
036e
1a31
1321
48dc
1b5d
bfa3
d0bf
e976
3e17
5d1f
9275
71ae
fe08
ab28
0f14
f672
982b
11e2
636e
f9b2
c19c
2762
ca76
5fa8
fab6
418f
9820
3590
aee5
bef7
533e
a95b
d0b4
e207
5e77
adb9
1af1
bb8d
cf58
f358
0ae1
b535
1602
18b5
eaed
bb0c
d9bd
a364
3869
902c
d93f
61c4
b802
056b
af30
67a0
49dc
d4d5
3a0c
0f84
bfdf
abc4
c63a
1db8
68c7
3fca
5cf4
b985
5f85
a050
6656
ad57
e019
dc6b
d8cd
3684
4e36
103d
0a9e
c902
5cec
0eed
eb91
0db5
a4df
a67a
6272
bf28
cb13
0d30
fcf9
0cd7
e0ff
ea2a
b3b2
ff50
ee40
6564
aab5
1aaa
6b7c
a360
32f2
5436
d959
0ffb
a174
da76
c622
2ab5
99a2
fc23
0c68
635c
6106
8e53
12ab
e8e9
085a
2278
cc05
3c2b
60e2
5993
3ad4
05a2
fc97
3872
3ed6
8f99
9585
fad4
5468
be57
ade2
63cc
5a1c
cab4
4e66
3b37
7222
b272
5b8f
99ee
27df
26f9
5fc6
c14e
b459
031d
6845
cd0d
4459
d684
c795
2a6b
3e88
8fd0
1343
071f
e66e
41bc
dece
0a25
ef61
f408
fcb0
b0c9
45ea
cfc1
03c1
cbb7
52c7
4c6b
67d2
e0ba
5927
52ae
1101
aece
2f09
667a
4991
9e70
91fe
f6ee
5f28
333b
730e
1d54
5810
47e3
08e5
a1a5
aaf2
48af
e1e8
17a6
d003
5a35
5fd8
68fe
62c1
0ec0
1779
6a80
e2a8
1e25
f21d
dc3a
62f1
100c
f7f6
9946
b0a1
0963
71f5
f6a8
1cd8
5107
6065
e128
b27f
6c96
0655
58e1
d194
a13b
572e
ecc7
f24f
6f67
eaff
10fa
36ac
c0b0
caf1
3706
46c4
bb05
d3ef
8ed0
e577
5c6a
e945
3bad
9a06
1440
689c
6f99
1210
901a
4e4f
3614
927d
3b22
3292
a30f
0862
0b43
5af9
f2e5
0da1
0bbd
0477
515d
66e6
5f98
ba11
54c9
d603
8fc1
07a2
a286
ffd7
373e
4faa
d72d
4e0f
99f7
1aa3
dd58
0b3b
b907
c214
4d80
4490
51a2
fb05
255b
f65e
c633
8e3b
60b8
2d69
40ef
9de1
5838
ae9c
4f09
3cfd
3706
2b21
bb75
245b
a5d2
52da
baf8
f216
5d8d
4410
9596
fd5a
05cb
4d3f
1657
9bfe
ed82
24e9
7071
e54b
6fa6
0b42
f7a6
ec84
1247
ef89
e527
6e2b
febc
408e
0173
c23d
674d
57da
ad81
58b2
ba32
0fcf
634e
0edc
bd90
c9d9
2924
38eb
1524
cda4
b7d6
23a1
c1a4
b24f
ab04
3707
30d3
627d
c91a
149c
60ad
c04c
f565
6b52
68cd
02ab
f42c
667c
16ea
c5b2
03fe
10b7
0c0c
ea45
ae8a
54cc
a6af
acf0
af30
95e2
526b
5a3f
a90b
f725
e764
a9de
53f4
53e1
377c
b32e
c98b
b91c
4c99
f88a
af77
8f21
ccf8
6d3d
941b
5ecc
9a27
2793
dd5f
f5bf
bfc1
dacc
d3ca
3021
5589
eb1b
48db
8f77
4249
05fb
4ce4
c06c
e39a
2d8d
5046
fb01
4fcd
0b22
7135
5d3e
e5a6
68f1
3d22
05e0
7122
2cec
b9a4
a714
c931
3642
0b9f
e84e
3b8a
9249
483f
3933
b652
e66f
9577
8f85
7256
fd48
e284
ba00
46c6
2f67
8d29
3e7d
a67d
675d
d977
f4bc
8df3
4abd
d3ce
0d01
6249
b0cc
54a1
000e
61cb
4a45
f2dd
a13e
93c3
5638
fa13
25b7
57ee
d2ff
5b2e
9326
cd4c
47d4
5161
667d
d29d
4090
6fc5
0639
c700
95c8
3bd2
accb
e5f4
d40f
ecd8
5d8a
eef0
5f18
465d
cf3e
d617
e203
1857
281a
6ccc
6244
19c6
9775
0a70
e9cd
0a51
960f
7238
99ed
cba1
9d6c
0af8
dddc
e345
429f
5d15
b2fb
cd14
f9b8
a6d0
e5dc
d267
6138
ba8b
32f7
be8b
1cf3
12e4
f67e
4903
c01e
fac4
6f25
b707
0a78
d055
a954
5101
11e6
1229
0a72
b74e
0fd0
a1dc
2a14
98a9
b862
d097
cd11
47e8
cf19
9dd8
9c77
af3a
e79f
ba26
c2f3
b731
d1a1
011f
6c98
4346
b48d
45c6
3067
5d7e
f0f5
5494
2da3
cbb9
e69b
4dfc
46e5
c55e
4d7a
66b3
5709
e4a6
097c
4fb5
31db
302d
ce86
1987
995a
d144
bb86
e5f8
36e3
c8d5
b606
4ecd
5fa3
f39c
c522
c6f2
ecb0
45ae
0e2a
11d1
6e2a
9eb3
fa3e
fb41
0c6f
b37f
b3b9
ec85
1879
d291
ff6e
7025
93d1
f823
f9fd
2c31
ca2e
451a
e931
a2ba
1df7
92e2
31f3
8f9a
1646
5573
2db6
1ca6
f049
da43
e21e
e335
06e3
add3
57fc
1d00
e312
6f19
55d4
189c
e274
e1d7
9c2c
dbb8
c568
1902
32b9
d02d
0aa2
4224
20b2
3823
bf0c
1f1d
cbe2
c1f8
cb3a
e140
f94e
c1a0
dd6f
5b5a
abd2
be81
9ac9
3020
06c7
fa15
94bc
6a4a
4f46
49d0
5673
3fd3
acee
6ca1
63ed
2d2d
d015
8d0f
fcbe
15d8
71cf
ab6d
a144
ef06
39d2
db27
2568
59b9
438b
a436
f393
958f
b3a8
3e5f
b4ea
0d8d
1a7e
b0e4
5f92
9a48
6097
a706
5c5c
e190
42c7
e7a2
35b8
5130
05dc
e974
e7b9
99d8
9038
381e
ec82
af9d
5599
1fbe
fa20
df0d
dc3b
e260
590f
e408
9141
ae32
dc91
b321
4a6a
72e7
d9cb
fc96
97c6
b99b
c194
e614
4b34
e8c7
37a0
0696
25b4
ba3e
95bf
c5a2
a420
2eb1
0ff3
43aa
e98f
c8d2
532e
0f19
f9c2
5a2a
dcf0
eb03
c81e
ab61
1055
6113
2248
25c1
5294
2e1b
e36b
45e2
a95f
5595
021b
0a8f
6162
2a17
9ed0
c712
308f
a242
c901
c98e
2fdb
98b2
dc49
ef09
9db1
f66a
073c
6c79
560e
6332
cb2e
af67
1fe8
bb3c
13ed
b9e6
9bd0
f43c
1f70
a27e
0b74
f172
c79c
b467
c2ca
5b60
9425
aec8
0430
2a14
eb57
c42e
cc03
226c
310d
6c5a
2ee3
ee03
c560
07fb
3433
a7aa
9a95
c073
ed65
2684
8ee9
08e2
cfd2
d9fd
f09e
f6ca
e95f
a0f0
b178
fe78
e5dd
7270
3e1e
1317
0b05
9852
28b8
0f13
03aa
3d63
4133
beba
b758
24c9
d905
f595
9707
ee3f
65cd
2b3d
4997
1d61
139c
6c7b
fda1
42e2
c21e
a44b
b694
dbab
f6f1
59b6
1557
20db
e57e
2714
e9e9
18e6
0840
d3be
a011
a90d
1142
9da6
f52f
5bf1
130a
6dd2
cf21
228a
642a
dd4e
07bd
4ffd
d924
8ede
70f2
ea5f
a607
3661
d7b2
b39d
a81a
2d85
71a5
e719
3cc3
2389
edca
9814
eb22
938c
6831
eb20
1242
658b
1184
b482
680c
b81b
aa54
e04f
f0fd
6dfc
0c74
4677
3df9
e979
9e01
a864
7185
52ee
dc74
4cac
5c20
618c
5672
b7b5
439d
999f
469f
11b8
3621
0b74
1678
9555
940d
47ea
cfdc
46c8
2ee3
0ef7
a4fc
9c05
e545
61fa
c0ef
ee16
20a5
ff3d
9296
2cfe
6066
16f8
1287
4d40
4caf
b7d5
ee19
498f
361b
4f58
aaa0
f20e
3024
3507
9d59
30d4
1d15
dd31
d2de
937d
e71d
d388
f038
3018
ae52
fb62
4379
c616
53ca
63c0
a6cd
a776
2174
03f6
5cfb
4591
0070
9ca1
a395
f422
d2fa
6618
2636
cb22
df0b
9f6a
c654
d63f
20b4
b48f
28d2
a7e9
5ace
1d21
11d9
b7f3
377f
c330
44ab
4045
653c
4121
e0e2
0274
1d3b
ca70
4521
d8a0
aac9
9a84
24dd
c9cb
5100
3ec4
a759
0cbd
6bae
4bda
55c3
c957
33f3
db1c
4b95
a474
2aa6
2163
c902
1e73
5eaa
1a89
b735
d357
ddcd
d47f
2a7c
67ad
00e7
42e0
6662
e313
9777
3a5c
3624
d2ac
cacf
2ed8
b0d7
4f21
5316
0f49
bf37
6772
c303
d3ff
f299
04c7
f5c0
8cda
5373
9246
57e8
4a60
649d
d523
b635
9950
2b41
b0e0
b379
c1e2
ccff
be04
18c0
0290
22b8
20ba
51d3
9544
0d4c
e5b9
42a5
c176
191a
caea
c2df
d856
9b73
38c4
57da
90b7
231f
0e7e
5d66
2ab5
ed3e
1204
aa1d
b229
c060
fc1b
ca47
a3f8
0444
2d94
a306
34c0
9242
2dd6
6863
f60a
9bfc
cdee
aeca
0037
b676
725d
ed78
e60b
9b96
16b7
a971
c91b
d1b9
a369
4c08
a645
fc16
cf67
c34d
c040
2723
43b0
eb04
d631
353b
cad1
555a
d083
989d
f92b
d1e6
f828
d016
7034
6d54
1b14
5dab
d4e7
4254
3d11
deaa
3307
a25f
c263
bd2a
1cfa
bb4a
ce22
cb8e
6625
6737
4c69
f4d5
fdb6
e31a
f6fa
ad68
cb3d
b773
57c2
2bc5
ab86
eff8
d7d4
903f
372a
f23a
e021
b6c5
fd4d
cb63
01cb
c67e
d03a
eec2
198e
4eed
cd01
d83a
2155
7202
c1f8
bfab
49cc
44ac
d89b
9034
efc3
0a05
3bf0
2515
27a8
45e6
3f54
f9d6
a4f4
486c
1773
9469
4277
e76d
d52c
0378
2787
61e2
92cc
d2ff
961f
4f0e
2ee5
cb24
3e10
1ebb
24e5
39b2
b1e4
1725
0411
db3f
3522
f0d9
f91b
bd02
370e
8f3f
ff5d
08ac
ca74
b3a1
dcf9
a532
32f6
12b1
966d
688f
3e9d
6d4c
20e5
65dc
45d8
d3eb
3a8e
a8d2
0176
5e2e
05ac
66eb
e4c3
0591
1003
6a18
2fd9
15d8
9bf1
c032
a93a
0292
7115
4dc5
fd6d
0351
9652
4d40
e4c6
932d
61c1
f226
2838
093a
42bc
6a87
1bdf
a7be
1453
941c
dc41
9dda
cea1
5bdd
bd9d
4117
e821
e1de
4f59
ebe1
6f25
ba9e
576f
cb43
0cbe
a869
979a
e2b0
b61c
fd48
c4ca
95c2
324b
d9b5
b480
6736
fd5d
0e81
6a7e
a807
b6cc
306e
0e01
ec7b
a6a5
1358
f282
276a
d205
e98a
d3c5
bb19
01d9
4bd5
94bd
fca2
3a15
1ee3
7197
99fe
b211
d675
8e3d
047c
2067
ed47
ecf5
56ec
19c8
c983
d673
bb12
c9c7
2734
1fbd
c916
0927
5316
caa3
928a
cc69
658a
9188
a8cf
b4d4
2f88
6e49
1459
a131
f653
4138
b610
d0f7
269c
d608
34ba
4400
4c36
0bd0
e413
1b4b
b7b8
bbef
496d
4919
ea8b
f87e
efd1
f508
c149
bf18
4cac
267f
6d9e
b1b8
618f
3d30
065a
234f
4dc9
065d
21f5
6dd8
32c1
9ee2
31f3
6d2d
e6d3
96cf
3460
d407
604a
b6dc
e396
9242
f1e1
b894
165f
38b8
cd47
ab9d
a864
c77e
4baa
f094
b943
ce27
dd6c
bbcb
091b
1002
406a
2d0c
c56f
b118
5d0d
4b06
8e85
9233
fd6d
4df3
61ff
b97e
4745
eca6
2303
d581
a9d4
2fd1
d3c8
93a7
6b8c
ef98
a3af
47fb
5051
d23c
2a1c
a881
e5fc
bfd7
c562
6b15
94cb
0bb0
1f6d
d9b8
c4cb
444a
b434
22af
7326
4dd4
ee6d
29dd
1462
230c
d48e
0126
9e6b
c240
e8e7
b0e9
b18c
b5e0
0bdf
f50a
1c1f
6ed1
18a6
c0b4
c9f4
ba4a
3fc8
ff43
a6fa
561a
e7f8
1941
6d59
1343
01dd
5df6
5b1d
f5d3
2a10
28f7
d11b
b26c
0fda
951d
4a64
3c0c
301d
62a5
6985
f872
2847
6d57
516f
2383
f20f
37e2
9a47
9225
3a6e
aaa5
47db
e7b0
6807
9b8c
00aa
caf7
a418
097b
8e40
bd3d
f4e5
dc8f
53ac
ceac
d705
5ea2
b44f
1cb4
e803
9bd0
4468
72c3
ee22
16a6
4dab
41d5
012a
ce47
c6d4
5513
9e7c
14cf
fd7f
fe17
463e
afd5
708d
d548
4b1d
b334
3bc4
2878
43fb
7300
2a40
03a2
2dc5
3b8b
f6e2
c189
bf0c
91d8
3b8e
dd57
3b94
aacf
27ad
96b7
159a
92be
2d79
4345
ebd1
ded9
c248
5188
f880
3b06
1b9d
ae64
b401
c939
5285
d770
599c
1de6
2ffe
cd6d
97e8
f561
2065
da0a
684e
1ffa
71bd
456a
025e
b2aa
228b
afa5
ea46
fe86
fec6
c5e6
921a
0c47
f4e2
9b82
040e
a74c
7150
374f
e0a1
4e45
a459
570a
249a
9f9b
f197
164b
1c82
369b
24a9
211b
49d4
918a
69ea
efef
ce54
fd9c
6571
6083
4933
c03e
ceb0
4bce
2311
c577
550b
5d1c
1f15
6fa8
0be0
5284
d2aa
6827
e03d
a3bd
b08c
1ebf
3b41
9969
f8fa
417b
0638
ed4f
b592
a6fc
d989
ce74
e187
9e5b
c0e0
0387
7144
ec98
ebfa
ce43
0d4c
52e9
2706
72e5
6697
4f1c
966c
3ab2
1ab3
38a2
6e01
bf99
e010
0c1e
da3c
5402
09cd
8e04
5eb1
051d
2adc
0202
1a4a
6ed1
f297
2d9c
52cf
a4e2
12bd
f675
7165
64ad
b7b4
a34a
f552
9137
ff4d
36ef
584d
6aba
600c
5f5f
d9f5
e5df
4865
f86e
af7e
f577
e208
a076
dd89
69cd
6242
6c16
1084
a533
c11a
b7be
b845
5979
bbcf
e41d
a23f
9537
672f
3c75
f100
b3b3
6eaf
f0d5
0a44
9e2e
cd35
c93e
acd5
5ad1
b975
93e6
6ff0
6546
335e
4eaa
b0cd
9f3b
53ea
df65
d72b
2b79
3b38
1a31
a2c2
e0f6
8fd6
a342
349d
cb9c
b194
6eb2
49cf
29f7
d7d2
b376
48d4
6246
53cb
c701
a15a
00f8
3eed
6ef8
5fd0
942d
91e3
1e59
aa40
18bd
8ef8
37b0
e600
3b6a
2c67
fad9
01fd
a196
222e
206e
48c4
9822
b811
258b
0beb
ec63
9304
4cf5
cfa6
e0d9
f5c1
0a5a
c451
ffb4
6201
bb46
0ba6
6d00
fb57
5d56
958e
0583
8d77
cb3d
5ffd
ec85
f77c
e9ab
372c
e88a
0289
9b6b
3124
07e8
6d1b
5581
dc64
e29d
24ed
f66d
0c95
6c82
a1b1
15d7
28ea
bf58
13d6
3f59
ce95
6de6
aad1
f9fe
34bb
f238
0357
fa33
9928
d6df
9fe8
3bfa
fad6
ea9c
3c1e
2433
ec05
aba7
fbfe
b924
ed73
57b9
cc5e
f0ba
940e
5ac8
9f21
1efb
6c9d
5f2e
93f0
cb0f
a59e
ea3b
f51d
b353
3f40
dd32
e8c5
d148
ced3
ed91
eb52
037f
3021
a68e
a23c
b09d
a2f6
b246
9400
4b58
455f
924b
d7ae
1d25
b01b
b45a
9c51
b117
21e6
1de5
ca54
c842
ec8f
fb1c
6036
28e5
d686
3d2e
f2ca
1499
2403
d7b6
0025
a416
4ff5
683c
5c95
971d
514d
4ed0
aae9
32e8
9936
47da
4596
6bbe
f0c8
ff49
f021
0264
48a8
54df
9058
26c3
1c9d
19c6
3981
35af
a58d
3073
4bd3
8fa1
d677
baeb
9122
54f1
08ab
3697
bef0
a986
b0b7
4fb2
c85a
1b1c
de78
f244
51d4
35fa
da23
5b83
d590
39a8
42c6
dfeb
05a5
f6a7
1cb1
34f5
5ef4
1352
5cb3
7190
0a89
c6e4
20d6
34ce
2229
99a3
b844
c3c6
c541
652b
26b6
c24d
b2f3
97f0
ce02
da61
cd79
32a5
0f6f
a49b
2269
d45a
379c
fd75
ad44
b6f4
0bdc
ce59
e4d4
41cb
0ce6
56eb
2b53
b03e
a3bd
2105
0832
35fb
0c91
7059
6ef8
cb82
433f
3d50
4e71
eda6
6290
e39c
3126
1796
e0a8
c14e
2ab4
5cb2
e89d
a307
cd74
e91c
ea96
1fb8
a755
a6bf
b4c9
b2fd
b54c
8e02
cbfa
0f23
7166
eb83
4fbb
bd10
6552
90ba
930e
e039
5678
0f6b
94e6
4e6a
b22b
e36e
a07b
6359
8e3e
5732
b398
bb67
bfa8
ad99
adc6
559d
ece6
e05d
c55b
5d4a
1395
dc58
ba59
5f22
bbfe
9bdb
1e13
cca5
b5ca
1836
f5f3
b0fe
1127
2687
2ca5
c6e5
0458
da90
624d
fbac
1041
073b
72bd
5b39
704c
c430
fbf0
f521
2e6c
3348
ed31
0626
f816
3d31
feb6
2905
4a72
2913
e0b5
fb09
f838
69d0
f132
5f49
5e61
38cd
bb5b
eec1
216a
c7f7
b1c3
fbe9
1700
21f2
19b2
cff2
dd07
e507
bbed
bc7b
f674
aa62
a624
0144
97c7
e988
394b
6d44
fff9
c80c
1d7b
ae32
632f
3ac3
af84
a34e
6236
6912
c6b6
b466
2bb0
71bf
c831
dff1
dfb7
f809
c942
0d92
4c68
e90b
cd5b
641a
0b76
c26b
dcc8
0038
a14b
9499
308b
37c2
f92c
53f0
145e
3b4b
6473
42e6
d45a
a837
95f7
e6c8
8e85
36d0
f4e3
3581
ff7b
903c
55bc
60e3
1749
2de3
9ac8
2d17
a028
d6b6
d195
4eaa
f774
9b41
c49b
f32e
6719
c467
3f73
b51c
20cb
c0c7
3eaa
09cc
5a73
a568
b86a
3d57
da35
9ccf
2eca
ac13
a844
00a8
ebb9
b4e4
274c
ec87
2aa9
e501
4b14
1111
47d8
1d09
e022
e623
46d5
938a
b4b2
1dd8
3815
512e
3e70
6eee
60bb
edc9
4278
d101
62c7
728b
360c
d9e2
6aac
963d
eb44
0250
035f
c09d
e97a
30a6
3ff4
324d
90aa
2872
c45f
2192
e45f
10ef
c095
28de
5cc3
d9e4
9b78
653d
0b4d
4c71
66cd
565e
04b2
6df8
f1a8
c657
54d6
5804
9a7c
368e
da04
52f7
c4c6
1280
aad0
5851
ac24
2214
c0c6
3b21
b73e
3b82
0161
3014
04bf
0d07
180f
c16a
1174
c997
d1cc
ffc6
c164
1b6a
d1d2
b7ab
5bdd
f137
660c
ec5a
8f3e
bab4
4d43
dfca
4fce
e63e
d12b
4549
9d75
569e
ed8a
d889
bf79
15c0
6734
de00
c1f3
c5dc
a1c7
c357
2139
312d
ecc9
6636
b345
31b3
ea25
c3f4
b9a6
b36c
6e18
e686
18ea
f06b
47a5
3b94
9792
2092
6c03
50bc
d0ed
198f
f490
137c
0e3b
35bc
d6b8
f068
123a
8eab
cb64
fccf
b664
3279
a50c
3358
4a3c
2ac2
6022
30c5
bfc4
4a30
c4db
4c62
1479
02ea
1232
e77c
cb1e
f6e0
ac9c
1b90
0acc
27e0
1fdb
61ad
03f3
8fae
57a0
a8ad
34ce
ba4a
a936
68c5
9508
93c3
f419
13bf
b57e
33c4
6530
ffa6
a8db
4f23
660b
4cae
0ee7
4e46
e3a3
ffed
9f89
d77d
5fc3
516f
15b1
5d65
ef2a
64d3
66ba
101f
985f
58a0
5ec8
6614
f98e
cfea
a0f7
5765
3362
4589
3dfe
491e
a660
dabe
4862
35fa
3d75
3bd0
9c39
4b20
a099
4a48
d5dc
bdad
b9f0
9e99
ff9a
4192
22a9
715d
3e71
3499
eb92
a8a3
e44c
52dc
da2e
a908
0739
18c1
a810
3d5b
01d2
1413
95a7
be85
f249
a4c9
34f6
bebf
e00a
947f
c71e
506b
07b9
357b
bca1
ba00
1350
b90a
ba5c
a3aa
3bcd
a11f
599e
555f
b1f5
6baf
db5a
599f
9d74
aded
f27f
97c9
cae6
16c5
ab21
a97b
e93c
a490
2337
42e9
f9f9
9bd9
19e0
c40f
e45c
b938
205d
497a
529b
3e9f
0abd
0cdd
bb93
904e
0da7
2d8a
e80b
20ee
d7ae
de1d
e42f
4fcd
bbb3
6bcb
c8c5
fdda
c7f2
facd
e8cb
e326
d1cf
91de
46dd
f4b6
c8a7
b82c
b12f
6774
1647
c944
c8fe
71b1
2156
b26a
4464
f177
26ea
1439
adac
a933
3ad2
c405
3107
921e
6da4
001d
ef93
43f6
eb4d
2b1f
9258
603a
0b18
34ad
65c7
eda4
a4d6
9494
f9d4
1159
dddf
fd3d
aa02
b21a
5cf8
b597
0896
d86a
677a
a347
c1d8
d1be
e008
a307
b070
543a
fb93
b1a7
601d
3383
c753
56c0
36d3
71f9
9ef8
1b88
c8c6
aff4
cf9c
3441
1da8
d515
a4ea
a955
1964
fa42
e240
a318
fe78
c9ca
5613
2cb2
ecfa
60a7
0d9b
4bd5
1583
661f
a145
400d
965a
a585
46fe
341b
15d7
5ff2
e7e7
8e10
9d50
339d
c890
139f
f217
c249
3818
93d2
2afe
3968
a00b
cd33
61ad
f797
132f
3f17
51dd
a488
0789
bc5e
2ca5
665a
9799
2191
20a6
ec59
1d4b
e6a1
7033
fb5d
4adb
6300
3792
2856
2ef9
aa96
cb83
f633
ee78
b24d
d72e
3182
993f
1ea5
e105
6453
cf92
6c0b
5144
bd5f
5b7c
d462
f2b6
f0c3
b268
0282
98ce
6c1a
edf3
4ce7
d3a9
cef5
17f6
3eb0
d878
3676
a52d
9dbf
a17a
cddb
04f3
d1e5
d20b
00a8
966d
4c71
0fd7
a800
6e08
cf2e
c262
54a9
394e
fe75
571b
f78b
92e5
331b
c98d
d74a
6305
1c16
3cc8
07bd
14d9
3d74
66d2
305b
9349
df0d
3f0a
947e
578a
27c2
c371
f158
9380
9d0d
0b95
c117
b609
66da
233d
96c7
d110
b6f4
6991
d35c
190c
0491
5dcc
8df6
d7e9
b4fb
40eb
e671
4da4
067e
67ae
f2c1
dd79
367d
b70b
206a
9a86
33f8
3f2c
ab39
585a
a1ba
3886
5f98
216f
0f78
32a7
bfdb
d25b
4cd7
a1a7
141f
58d0
9fb3
b3f9
a4a6
a559
45ad
1cf3
c057
f00d
11ae
2dbf
df6b
dfa9
e712
b242
9679
1bb0
f6cd
cdff
f41e
a2ab
e5bc
1b27
6355
ff9b
c560
f347
be55
5e01
6340
98de
3901
f1ff
4b03
14cb
d4cd
92b0
5796
15ce
d17a
a73c
0caa
2e5e
1be6
909d
59ef
f10e
9d70
30aa
f9a2
e599
0bfc
d817
c3b6
5ded
462c
d984
cfb1
3aef
3eba
8e35
50ea
f3cb
a318
1bd0
d6b6
62dc
45fe
b37f
3f08
c727
cf11
6f79
a749
385b
3873
bd0d
5816
a155
31f7
8ce2
3096
1b50
e41b
2293
2656
19dc
bb3e
d3bd
5647
4d4d
da55
7089
66f7
30e7
bc3f
c21f
faba
9e0c
5bb7
eadb
df10
f540
6170
5eae
c7e5
0b4e
f07d
9762
05a9
3da5
3edc
35e7
bbab
9dac
b3c0
8f16
3aee
bbef
f120
a224
08d7
eae8
cbbb
67af
d452
2717
6ada
2d9d
2b2c
414a
228b
eb12
c2b7
6937
2193
8e69
e36e
964b
5250
bfaa
0903
bb07
1fe2
22fe
3d00
05f2
4c9e
3c58
03dc
512f
a913
ad1e
70de
aaf0
1e1c
2007
e5fc
f12d
03ec
faa3
1e0d
9b70
c1b1
0f68
0e6e
c474
a239
bd15
06d5
e4d7
d0f5
97f6
98ee
480a
0b79
63da
c56a
acca
93ba
158a
158d
be63
eaf1
a864
aec7
1e37
d57f
d26e
170e
c5a3
907f
d331
562b
5691
6074
b955
2722
fe34
c970
211b
1959
ae2c
3c20
5e9c
d3fe
a3a7
e08d
506f
f74f
3cce
13ab
6d9d
0d27
4121
e570
f446
cb13
c73e
0c38
2772
950c
95d2
9338
07a6
132d
0b51
fc51
0df1
d227
5f79
50db
002e
19b4
194a
c44b
b189
59d7
e6fa
5e2d
2c91
355e
b6e4
5954
43ba
9a47
5c10
0a75
2d4b
4b35
c1df
dbe4
46ac
e254
2378
4972
3f50
1820
61c4
d16d
ef8c
3ed3
3c57
24c6
a9bd
1214
6b57
c99c
9cb2
9035
17d5
98d1
61f1
5883
5c70
2228
93f4
0e40
9eaa
9fba
99a2
a8c9
06a5
0f68
3fca
4142
d183
f33e
01f9
8e04
56ed
ff88
123a
c23a
3f99
e012
2a78
03a5
4f52
074c
4f2b
d8c8
dd76
3008
2c22
a66c
d3fe
aa74
c28c
e287
6ea7
e254
f3d1
9e68
e256
d288
e11f
a81d
2426
9eb3
2d37
c32a
2d59
f423
6a15
e69d
493f
652f
9568
16f5
c8ad
c2c5
02a6
658f
9b12
69c8
46a3
5c35
9868
d217
a8f7
e951
b4ca
9cbb
21dc
07d5
5800
b0c1
dcf4
130f
9f75
5a5f
6b59
08cc
4b8c
fe16
a2d8
e967
05e3
3587
abf9
f23b
2d14
1e9e
a02a
da51
97d4
af46
bcf6
ec75
0032
4a64
3ffb
fffe
d41a
ab6b
5854
f5ed
1b4b
2d0a
386f
4a83
fdd4
f09f
3a45
e00e
9961
48cb
234b
f694
6ea8
2898
aba9
dd9f
0810
435d
512e
1509
9e9c
e331
dab0
5798
b02d
c985
97b3
f825
b200
6dca
f034
5d85
bb7b
107e
378c
43eb
2623
72f8
31d5
19c0
565a
3247
aad4
3dfa
af84
af0f
cfb9
38cf
136d
dc88
4557
a278
d149
503c
e04d
d7f9
0818
5e22
6a76
9f12
6753
6a29
dd4c
90f8
de17
3e50
a908
c530
a85c
94ad
4dcb
164e
56cb
a93b
297b
114a
4dd3
fb7a
cf09
01e3
fabe
2ae2
6655
e145
1050
dea4
0d50
5f10
d8ba
639e
3de6
343a
4672
0a1f
bc32
70d2
ce11
ce0e
065c
eb8b
a0cf
f671
db0d
5f8a
5acf
1856
3102
144b
c207
3b17
cb63
e10b
4f01
e0e8
97e6
9248
3547
973b
7235
718a
ed7a
c5d8
46de
350d
6562
bedb
6728
16b6
0c29
1ca3
cb3c
e246
588e
247a
53ea
ceec
9db5
abf1
c851
fead
b8fb
2925
4016
3117
347e
102c
3853
58a6
2009
6628
0dd0
2696
fa73
0bc0
3aa4
72d0
97c5
0aca
eb1f
62f1
b07f
4a95
aada
3edd
5a7d
38cb
678d
171d
cd89
54a7
3989
4df9
06b2
4edc
a757
60ae
c0db
41c9
8d08
6302
680c
647b
0b3a
b59d
9e23
1c2b
07b2
f99d
a461
564d
347d
5644
e6b3
1ace
fb42
6f53
e6a7
48b6
14af
d54b
ebae
ddfb
3d0c
265d
a795
3f1a
f718
d808
e2f2
aac6
d4c2
b4b8
f63c
066e
70e6
3df4
06a8
e30c
b170
e431
0a45
b5c5
5c23
200d
ea1f
43cb
abcd
4dd3
912a
e7d4
0d8c
b37e
2720
6a3c
9f72
8eee
2ffb
4396
ecb6
dc81
ddd1
4dff
9a1f
443d
ad73
49e9
098e
4d65
ae71
ae23
be5c
040a
f2e0
c913
cd51
3d4e
9ebf
5bbd
e7aa
3a4a
b06d
428c
c768
8d5f
3fda
14ce
2781
16b9
c254
d8a0
8e83
5ef1
f1ea
b387
8ce7
41b5
dc00
ce56
0742
fe49
1b64
8dc6
e0de
6d57
bc8b
d868
a715
0018
e91e
e9f8
edec
2e90
f4ec
c8d7
fe6a
66af
f95b
acd5
4a85
602f
db40
91e3
466f
d7b4
0b00
4194
faa8
d02c
522a
617a
31fb
8f97
96be
11e8
3f8b
ad64
5cbd
6014
4352
2237
e16f
a226
6522
ce50
b6f1
6739
1657
68ce
4bed
cfd8
263b
18d4
e861
09b1
066e
9bbd
b62c
0a80
96d4
4774
e733
9e39
4ea6
9c9b
b3a2
3d70
63e9
94c6
9abe
fbff
ed8b
6ac4
f3e3
3074
dd88
b742
2bad
f5b1
0ff4
4631
de3c
fe47
0194
9c89
2b34
f312
16d9
5927
c938
2804
0d44
0976
6490
df89
9c8c
dbaa
8e38
4a54
70a6
4811
43b1
2175
1166
0f9e
ea30
b4bb
2337
929b
c233
8dc8
ffcf
deed
ef35
10e6
9e53
c959
c1cc
5902
3794
b7a2
4df4
fe53
47fd
355b
e021
1772
16ee
60c8
a2f6
4e3a
e77e
ad32
ceba
b4f5
a15c
c910
f345
3114
6857
b825
a1ad
e802
3673
4afa
bb50
d961
a151
e1b5
d7ad
0cbd
2e80
f416
8d1b
36d3
bb3a
22d5
5a06
eb10
93ea
6399
d039
34a7
dbb1
4eb5
2309
d050
ac43
b271
3ffb
a424
ae64
1509
a9f3
991c
b982
cffd
e948
2ccf
3b71
1d4c
04cc
9bad
f5c2
a544
4c6a
d035
e9cf
9a3d
ee12
2160
ff4a
4a7a
e865
6783
4b8f
4227
b027
c434
dd5d
b665
9e06
92c2
ebd9
9585
b51a
610c
ffaa
a49d
590d
b795
feda
4eff
706f
a9f2
2db4
9e8f
1297
3e75
da91
189c
d759
d45f
d966
223c
1b2b
5f1c
4996
129f
1abe
0c1b
28ef
ee9a
6b22
8fa6
b01b
b7d5
aecd
1509
9117
a44c
aa69
4685
4eee
2512
e734
37bf
50ba
e285
2820
2c9d
e450
9501
fbfd
e4fa
5e99
9dba
6fc8
2bc3
5f1e
be0a
24d9
b8ef
3bbb
937b
ed9a
d23d
3f05
603d
921c
4e3a
b050
24bf
23e8
284a
2c6f
612c
d4ae
f183
19ba
ff89
f114
5ae9
45dd
0221
d5a9
3638
5017
d3c2
61db
ee5e
d6cb
1a3e
ad4e
5ebf
431f
a8ad
600d
56c3
1da6
6414
3f04
2bac
57aa
d0ef
d0f5
9f8d
3df6
58d8
2cc8
53d2
54f0
f5a4
323c
e3a7
ce3a
6a79
ee09
52b2
17ac
dcdf
e3ee
4e7f
bac0
f631
9bc4
c83d
ac3b
dbc4
31ae
e3a2
f68c
f9ea
1805
b22d
9fde
66f7
cf38
3c48
07d0
2a80
9768
29b3
4f39
3ca2
0ad8
9559
fe7c
cb41
0e3c
121f
e7fd
3a53
dd2e
c1b5
1d47
a284
d4b6
e91c
9e3b
a1f2
0a54
30e9
5c38
599e
e708
1b1b
a6ae
a14c
c8f2
269c
a812
d82d
7243
c602
3b9c
9a83
3100
ed39
244d
918b
3ce2
b2ab
c697
316c
18ce
c76a
4f30
99d5
bca9
b612
96d0
16b9
6dcc
5a67
251c
c46a
3b44
6272
27fe
3ad7
4377
1e00
f997
055b
62ac
6e31
4ec3
df10
0aaf
9cc0
c395
5236
982f
1a44
1213
928a
ac2f
14cc
089d
93cd
03b2
91d0
cfdd
c54d
9e26
2805
efa2
c5cb
cabd
5e8f
0b8f
c741
02fb
e40f
5b16
c125
b2d9
5b8e
bcf3
8d53
ffb8
5bf7
b5f0
4cfb
6880
52fd
4032
cfda
dba0
b0fe
02f2
4b7c
ff39
4a80
fb64
dd17
aa16
8fc0
de27
4a33
dc84
497d
2bca
f205
96a1
3046
0f98
f7f5
6db2
393a
dc4a
db47
1a6c
b07d
098a
0d4e
24a6
5105
24c0
5d00
91ad
1860
93f4
4e83
aa0d
fe47
a587
20f2
0b3d
9602
39c7
0750
f524
5ab4
4189
55a0
bbdb
fde9
e1c8
d62e
d25c
cdf0
18e9
0b86
9afc
d49f
ddc1
a6f6
0d36
318b
ac24
c4f4
fd26
b53b
59ce
d166
3b7f
0422
16d5
2f2e
b655
0746
c70e
a5f2
507c
d8cd
3db9
3364
15ec
199b
03a8
e983
922d
15af
0ad9
32bd
c54f
f601
34fa
50c4
057c
1a11
ccd1
f556
ff1e
adbe
9cbd
b79d
4d0f
fb4c
a829
6972
ac41
129c
0912
bd2f
ab93
60f3
a937
d08f
0cb7
2e74
cedb
9560
1cc0
09da
9a18
0c92
d830
4784
de82
0e4b
048f
65d4
157b
22bf
eef3
ac11
f932
3367
0257
1816
4486
8eb6
0c4f
322c
6c3d
4fe9
3fc3
d8d5
fe5a
1fe8
679b
71cd
433d
182d
723d
4d7d
03ab
0706
d69e
d9e1
4444
baf2
ff1d
2534
546f
2af8
c0db
e13e
c378
f6e8
94d4
f4ec
a5d3
1873
48aa
53e2
646f
6d45
9751
5cbe
098f
47b1
ef0f
a6ce
02c9
059d
f130
a8c2
9509
9539
a6bb
934a
2b52
64bd
bd79
572d
0597
9e3f
560c
f997
69e2
8e74
dabb
bbf6
90be
daa5
ff3d
056c
406c
d6bc
9815
1fac
5e25
141b
c35c
ca02
df79
5578
4b9f
a008
ae1b
2bbe
27d3
578d
f718
0f2a
562f
ce5b
384b
c4dd
9d5e
f492
9116
364c
c5ee
5bcf
928a
e608
ebb4
70bd
e832
2b82
8ffc
08e9
eca7
c5dd
fe65
58f2
569d
2745
de0e
3f3c
3f0a
5a0b
5d9e
d36d
09e4
11dc
bb06
66f0
2d70
3c92
f7d5
545b
544d
9c9d
4f26
50af
4af8
e66c
1302
0c98
39b4
6f28
9ad3
42b7
ed12
e33e
1580
bc44
551a
98f4
a49e
484e
2bee
3552
e46c
3117
d374
40f8
abf7
6276
5304
8d0a
e609
cc19
3fda
b671
ccdb
9bfa
c915
b939
6311
46b9
6535
ca13
bd4a
1015
1f6d
6410
1c06
c5b2
f76e
e4ca
a590
dd0b
0edb
fc22
b17e
bf06
65de
b8a1
069a
6bdc
3c17
3978
34d2
68e3
5f60
f21f
b790
bfba
6292
7139
6fea
d12e
98c4
14be
57b6
3382
09b4
c9a3
8f57
23ed
30ad
bdc1
3ea7
e8e0
5a01
3b2e
a328
0ce8
b25c
0f2e
106e
d060
1756
a9fd
48be
45b0
271e
abcd
24e9
e343
09df
ed3e
3662
961d
b2a3
f058
1747
91c4
3e9d
bbbf
9e0e
2d38
b2f6
9c7f
9ac1
0d72
03ed
047b
1489
2f99
eab5
ea0a
f396
5705
4094
3afb
c6d5
986a
91cf
2715
70f3
38a2
dca1
9c4e
fa81
2075
f66d
4797
b89c
593e
2a2b
6dd7
d345
413b
d909
0549
cef9
a499
a91e
e12c
9042
6491
05b5
e45e
6594
35d8
d49d
15aa
0cbc
eb1a
8e23
5342
0d23
a6ac
c1ec
d98d
d778
c61d
8d07
9a65
1011
0b5d
3089
17cb
b824
0959
3c3a
90ef
10db
2a2c
9c56
d550
b5e7
10af
4aef
4df1
b221
2b75
1e48
c1f8
c40a
160b
a325
ceae
2644
9d23
6dda
3622
16c0
09ca
1f12
42c7
a9f7
02d4
9b67
3493
13ec
23f4
6637
f443
d66b
e467
5d96
118e
6ed2
68d5
169d
e09e
5cc8
f3b5
31e8
f9a3
a18d
5dd3
9e01
01a4
1d7b
6925
b3ea
d044
f80c
521d
8f65
3e70
0f56
56d5
aec0
513c
44fa
408b
6794
f9c2
e4bc
1ec0
a51a
28bd
dae9
ede5
bef4
56ee
a5c9
8f2a
6b17
f0a0
18cd
6835
fb18
1db8
48b8
6556
3a55
a469
d6ab
c65f
93f6
518b
9dea
ac35
60a4
f727
509c
5c17
a1af
d0c5
4310
b9cd
ef19
7155
ebb9
efee
eb32
5689
0812
492c
60c0
e157
df53
a24b
eb83
6b44
d944
d68b
f12e
58ff
050d
f2a2
930e
c8d1
0ebb
c8fa
9934
a576
deab
22c3
6d23
56bc
4416
929a
a585
2c5a
05cf
3a07
ce49
ffa4
cb59
cbaf
3036
bb8a
ac44
9e65
585b
508b
4e93
06b1
98bd
cac7
adb6
b3bd
65fe
43c1
e1ba
bb94
6262
1902
6004
30e6
b85f
ca7a
d42d
f262
b7ab
b53a
9cf5
baba
e30b
37d1
1c96
e9c6
30a9
c0d5
dae7
0b10
fe51
4138
c14e
53ee
48bd
e8f7
5621
1f39
0ba4
1411
0356
21f9
f0f5
f554
c159
02c1
d2d2
dee8
a4bb
10ec
6e61
cb0a
58e4
916d
f109
5325
d26a
b3d2
2499
6798
1d8f
a19c
3964
8e2c
09a5
5070
efd1
bf66
56d8
b06d
e885
f6e7
940e
05c8
17c0
ec95
94e4
a638
e72e
ee7e
5f3e
e29f
33b7
1a94
95aa
f6d2
27c1
d432
3661
6431
cb1d
1434
9007
1ea5
0297
e488
5d16
6599
dae9
076d
a16c
076d
577c
bb04
97e5
e735
bad0
cee4
6219
5661
d969
5c84
4e63
6ea2
0631
050c
665b
57f3
6932
dcea
f20c
43dc
1d60
98f4
5912
06d3
e931
3b70
a46e
fba5
0f19
d054
413c
64e7
1e33
2397
61d9
0431
aa40
4ef4
664e
c265
bc55
0772
d1b8
5095
f66d
c2cc
8cf3
a485
df25
5808
e222
abe9
6638
2acd
ecb6
2f1b
5da4
b592
0cca
379b
6e6b
bcf9
f652
ac7c
1078
038d
2973
0409
c129
f2d4
b44f
bd73
d6aa
50f7
fc91
9047
68bc
a9d0
58cd
0d1b
1c43
2978
e97d
e0cb
94ba
6a15
67ec
f71b
01a6
da44
b80d
a00f
653d
919f
02d5
29a0
5e32
2fc0
e68b
97a8
9969
3ce7
65de
43ee
f41c
dafd
b7fb
09cd
ef87
2a87
4be7
a13c
c601
a590
c1a8
ba78
9a87
9a45
ab0e
fcc1
cead
5623
975e
e313
015a
4497
63f6
630e
50c1
26e1
dd16
c8f7
5249
0fff
d219
2c88
558a
ee84
715e
0cc6
5a75
fd29
db67
b233
e2fb
0981
4676
a506
1e77
4102
1ed9
2d8e
44f8
576d
9da8
1bf6
ad14
bebd
9842
963b
97ef
e70e
9da3
49d4
5d56
d224
d7a2
e715
f345
6a56
c7f9
abb3
91f6
965e
4e25
d4c4
fc71
ff17
eb7f
af89
2a05
01ae
b4dd
39db
43d3
c095
a19b
4902
033f
c99e
ba22
9934
d5b5
c7b1
b341
f325
10c8
9a42
1e30
5b6c
d739
c472
a530
e27b
28f2
a770
4134
28d2
e626
b512
e9d7
fdf7
ad69
cf31
8e5a
8e91
2c85
11a9
35fd
d408
173d
3229
a440
3395
0bd3
b338
e9e0
96c2
c5c6
5f8d
6033
448e
9208
4141
c8d2
f0d4
1c62
f431
